unit_id,name,region,lat,lon,voters,winner_2026,tvk_share_2026,dmk_share_2026,aiadmk_share_2026,margin_2026,tvk_fav,dmk_fav,aiadmk_fav,bjp_fav,tvk_lead,status,top_issue,voter_salience,tvk_messaging,gap,confidence,source_name,source_url,methodology,whatsapp,instagram,twitter,winner_actual,tvk_share_actual,dmk_share_actual,aiadmk_share_actual
AC-001,Ponneri,Tiruvallur District,13.098,79.9964,149184,DMK,0.427,0.436,0.171,-1342,42.7,43.6,17.1,11.0,-0.9,🔥 High-ROI Flip (<1.5K deficit),"Kuruvai Paddy Procurement MSP ₹3,200/q",85,52,-33,"TN Agri Budget Report (Aug 6, 2026)","TN Agri Budget Report (Aug 6, 2026)",https://www.newindianexpress.com/states/tamil-nadu,"ECI Form 20 actuals + TN Agri Budget Report (Aug 6, 2026) NLP analysis (Aug 2026)","Ponneri தொகுதி மக்கள் கவனத்திற்கு! Kuruvai Paddy Procurement MSP ₹3,200/q கோரிக்கை நிறைவேற்ற TVK உறுதியான வாக்குறுதி!","📸 Ponneri தொகுதி! Kuruvai Paddy Procurement MSP ₹3,200/q மற்றும் இளைஞர் வேலைவாய்ப்பு TVK முன்னுரிமை! #TVK #Ponneri","Ponneri AC-1: Kuruvai Paddy Procurement MSP ₹3,200/q is the #1 campaign priority. TVK current favorability 57.1%. #TVK",DMK,0.427,0.436,0.171
AC-002,Tiruttani,Tiruvallur District,13.2294,79.9559,214562,TVK,0.515,0.263,0.144,54069,51.5,26.3,14.4,4.8,25.2,🛡️ TVK Fortress (>8K),Youth Employment & 18% Unemployment Rate,81,35,-46,Puthiya Thalaimurai News (Aug 2026),Puthiya Thalaimurai News (Aug 2026),https://www.youtube.com/@puthiyathalaimuraitv/videos,ECI Form 20 actuals + Puthiya Thalaimurai News (Aug 2026) NLP analysis (Aug 2026),Tiruttani தொகுதி மக்கள் கவனத்திற்கு! Youth Employment & 18% Unemployment Rate கோரிக்கை நிறைவேற்ற TVK உறுதியான வாக்குறுதி!,📸 Tiruttani தொகுதி! Youth Employment & 18% Unemployment Rate மற்றும் இளைஞர் வேலைவாய்ப்பு TVK முன்னுரிமை! #TVK #Tiruttani,Tiruttani AC-2: Youth Employment & 18% Unemployment Rate is the #1 campaign priority. TVK current favorability 58.5%. #TVK,TVK,0.515,0.263,0.144
AC-003,Tiruvallur,Tiruvallur District,13.211,80.028,223544,OTH,0.247,0.213,0.153,7600,24.7,21.3,15.3,7.9,0.0,⚔️ Swing Battleground,Monsoon Stormwater Drain Desilting,74,32,-42,Reddit r/TamilNadu Civic Thread,Reddit r/TamilNadu Civic Thread,https://www.reddit.com/r/TamilNadu/search/?q=drainage,ECI Form 20 actuals + Reddit r/TamilNadu Civic Thread NLP analysis (Aug 2026),Tiruvallur தொகுதி மக்கள் கவனத்திற்கு! Monsoon Stormwater Drain Desilting கோரிக்கை நிறைவேற்ற TVK உறுதியான வாக்குறுதி!,📸 Tiruvallur தொகுதி! Monsoon Stormwater Drain Desilting மற்றும் இளைஞர் வேலைவாய்ப்பு TVK முன்னுரிமை! #TVK #Tiruvallur,Tiruvallur AC-3: Monsoon Stormwater Drain Desilting is the #1 campaign priority. TVK current favorability 38.3%. #TVK,OTH,0.247,0.213,0.153
AC-004,Poonamallee,Tiruvallur District,13.0359,79.8379,210154,AIADMK,0.243,0.212,0.374,-27530,24.3,21.2,37.4,4.2,-13.1,🎯 AIADMK Belt Target,TANGEDCO MSME Power Tariff Increase,69,28,-41,Coimbatore Trade Chamber RTI,Coimbatore Trade Chamber RTI,https://www.thehindu.com/news/cities/Coimbatore/,ECI Form 20 actuals + Coimbatore Trade Chamber RTI NLP analysis (Aug 2026),Poonamallee தொகுதி மக்கள் கவனத்திற்கு! TANGEDCO MSME Power Tariff Increase கோரிக்கை நிறைவேற்ற TVK உறுதியான வாக்குறுதி!,📸 Poonamallee தொகுதி! TANGEDCO MSME Power Tariff Increase மற்றும் இளைஞர் வேலைவாய்ப்பு TVK முன்னுரிமை! #TVK #Poonamallee,Poonamallee AC-4: TANGEDCO MSME Power Tariff Increase is the #1 campaign priority. TVK current favorability 38.9%. #TVK,AIADMK,0.243,0.212,0.374
AC-005,Avadi,Tiruvallur District,13.065,79.7993,213554,AIADMK,0.358,0.252,0.446,-18792,35.8,25.2,44.6,5.8,-8.8,🎯 AIADMK Belt Target,Annamalai Univ Pension Fund Allocation,74,25,-49,Sun News Tamil Stream (Aug 2026),Sun News Tamil Stream (Aug 2026),https://www.youtube.com/@sunnewstamil/videos,ECI Form 20 actuals + Sun News Tamil Stream (Aug 2026) NLP analysis (Aug 2026),Avadi தொகுதி மக்கள் கவனத்திற்கு! Annamalai Univ Pension Fund Allocation கோரிக்கை நிறைவேற்ற TVK உறுதியான வாக்குறுதி!,📸 Avadi தொகுதி! Annamalai Univ Pension Fund Allocation மற்றும் இளைஞர் வேலைவாய்ப்பு TVK முன்னுரிமை! #TVK #Avadi,Avadi AC-5: Annamalai Univ Pension Fund Allocation is the #1 campaign priority. TVK current favorability 48.0%. #TVK,AIADMK,0.358,0.252,0.446
AC-006,Gummidipoondi,Tiruvallur District,13.0413,79.8975,185938,DMK,0.314,0.399,0.16,-15804,31.4,39.9,16.0,5.6,-8.5,🎯 Target Recovery (>1.5K deficit),Cauvery Delta Water Channel Maintenance,80,48,-32,Thanthi TV Delta Bulletin,Thanthi TV Delta Bulletin,https://www.youtube.com/@thanthitv/videos,ECI Form 20 actuals + Thanthi TV Delta Bulletin NLP analysis (Aug 2026),Gummidipoondi தொகுதி மக்கள் கவனத்திற்கு! Cauvery Delta Water Channel Maintenance கோரிக்கை நிறைவேற்ற TVK உறுதியான வாக்குறுதி!,📸 Gummidipoondi தொகுதி! Cauvery Delta Water Channel Maintenance மற்றும் இளைஞர் வேலைவாய்ப்பு TVK முன்னுரிமை! #TVK #Gummidipoondi,Gummidipoondi AC-6: Cauvery Delta Water Channel Maintenance is the #1 campaign priority. TVK current favorability 45.6%. #TVK,DMK,0.314,0.399,0.16
AC-007,Madavaram,Tiruvallur District,13.2317,79.9695,171346,TVK,0.378,0.274,0.215,17819,37.8,27.4,21.5,8.4,10.4,🛡️ TVK Fortress (>8K),AIIMS Madurai Construction Speedup,82,48,-34,New Indian Express South Bureau,New Indian Express South Bureau,https://www.newindianexpress.com/states/tamil-nadu,ECI Form 20 actuals + New Indian Express South Bureau NLP analysis (Aug 2026),Madavaram தொகுதி மக்கள் கவனத்திற்கு! AIIMS Madurai Construction Speedup கோரிக்கை நிறைவேற்ற TVK உறுதியான வாக்குறுதி!,📸 Madavaram தொகுதி! AIIMS Madurai Construction Speedup மற்றும் இளைஞர் வேலைவாய்ப்பு TVK முன்னுரிமை! #TVK #Madavaram,Madavaram AC-7: AIIMS Madurai Construction Speedup is the #1 campaign priority. TVK current favorability 46.7%. #TVK,TVK,0.378,0.274,0.215
AC-008,Tiruvottiyur,Tiruvallur District,13.1928,79.8059,218873,TVK,0.382,0.314,0.18,14883,38.2,31.4,18.0,4.1,6.8,🛡️ TVK Fortress (>8K),Unfilled Cashew & MSME Subsidies,78,30,-48,The Hindu TN Bureau (Aug 2026),The Hindu TN Bureau (Aug 2026),https://www.thehindu.com/news/national/tamil-nadu/,ECI Form 20 actuals + The Hindu TN Bureau (Aug 2026) NLP analysis (Aug 2026),Tiruvottiyur தொகுதி மக்கள் கவனத்திற்கு! Unfilled Cashew & MSME Subsidies கோரிக்கை நிறைவேற்ற TVK உறுதியான வாக்குறுதி!,📸 Tiruvottiyur தொகுதி! Unfilled Cashew & MSME Subsidies மற்றும் இளைஞர் வேலைவாய்ப்பு TVK முன்னுரிமை! #TVK #Tiruvottiyur,Tiruvottiyur AC-8: Unfilled Cashew & MSME Subsidies is the #1 campaign priority. TVK current favorability 47.0%. #TVK,TVK,0.382,0.314,0.18
AC-009,Ambattur,Tiruvallur District,13.1368,79.9126,224049,DMK,0.345,0.373,0.225,-6273,34.5,37.3,22.5,6.7,-2.8,🎯 Target Recovery (>1.5K deficit),"Kuruvai Paddy Procurement MSP ₹3,200/q",85,52,-33,"TN Agri Budget Report (Aug 6, 2026)","TN Agri Budget Report (Aug 6, 2026)",https://www.newindianexpress.com/states/tamil-nadu,"ECI Form 20 actuals + TN Agri Budget Report (Aug 6, 2026) NLP analysis (Aug 2026)","Ambattur தொகுதி மக்கள் கவனத்திற்கு! Kuruvai Paddy Procurement MSP ₹3,200/q கோரிக்கை நிறைவேற்ற TVK உறுதியான வாக்குறுதி!","📸 Ambattur தொகுதி! Kuruvai Paddy Procurement MSP ₹3,200/q மற்றும் இளைஞர் வேலைவாய்ப்பு TVK முன்னுரிமை! #TVK #Ambattur","Ambattur AC-9: Kuruvai Paddy Procurement MSP ₹3,200/q is the #1 campaign priority. TVK current favorability 51.3%. #TVK",DMK,0.345,0.373,0.225
AC-010,Maduravoyal,Tiruvallur District,13.1007,79.9798,240452,OTH,0.229,0.316,0.187,-20919,22.9,31.6,18.7,9.5,-8.7,⚔️ Swing Battleground,Youth Employment & 18% Unemployment Rate,81,35,-46,Puthiya Thalaimurai News (Aug 2026),Puthiya Thalaimurai News (Aug 2026),https://www.youtube.com/@puthiyathalaimuraitv/videos,ECI Form 20 actuals + Puthiya Thalaimurai News (Aug 2026) NLP analysis (Aug 2026),Maduravoyal தொகுதி மக்கள் கவனத்திற்கு! Youth Employment & 18% Unemployment Rate கோரிக்கை நிறைவேற்ற TVK உறுதியான வாக்குறுதி!,📸 Maduravoyal தொகுதி! Youth Employment & 18% Unemployment Rate மற்றும் இளைஞர் வேலைவாய்ப்பு TVK முன்னுரிமை! #TVK #Maduravoyal,Maduravoyal AC-10: Youth Employment & 18% Unemployment Rate is the #1 campaign priority. TVK current favorability 30.5%. #TVK,OTH,0.229,0.316,0.187
AC-011,Royapuram,Chennai District,13.1395,80.353,181746,DMK,0.329,0.454,0.257,-22718,32.9,45.4,25.7,12.0,-12.5,🎯 Target Recovery (>1.5K deficit),Monsoon Stormwater Drain Desilting,74,32,-42,Reddit r/TamilNadu Civic Thread,Reddit r/TamilNadu Civic Thread,https://www.reddit.com/r/TamilNadu/search/?q=drainage,ECI Form 20 actuals + Reddit r/TamilNadu Civic Thread NLP analysis (Aug 2026),Royapuram தொகுதி மக்கள் கவனத்திற்கு! Monsoon Stormwater Drain Desilting கோரிக்கை நிறைவேற்ற TVK உறுதியான வாக்குறுதி!,📸 Royapuram தொகுதி! Monsoon Stormwater Drain Desilting மற்றும் இளைஞர் வேலைவாய்ப்பு TVK முன்னுரிமை! #TVK #Royapuram,Royapuram AC-11: Monsoon Stormwater Drain Desilting is the #1 campaign priority. TVK current favorability 49.7%. #TVK,DMK,0.329,0.454,0.257
AC-012,Harbour,Chennai District,12.999,80.3591,153916,TVK,0.408,0.228,0.163,27704,40.8,22.8,16.3,7.3,18.0,🛡️ TVK Fortress (>8K),TANGEDCO MSME Power Tariff Increase,69,28,-41,Coimbatore Trade Chamber RTI,Coimbatore Trade Chamber RTI,https://www.thehindu.com/news/cities/Coimbatore/,ECI Form 20 actuals + Coimbatore Trade Chamber RTI NLP analysis (Aug 2026),Harbour தொகுதி மக்கள் கவனத்திற்கு! TANGEDCO MSME Power Tariff Increase கோரிக்கை நிறைவேற்ற TVK உறுதியான வாக்குறுதி!,📸 Harbour தொகுதி! TANGEDCO MSME Power Tariff Increase மற்றும் இளைஞர் வேலைவாய்ப்பு TVK முன்னுரிமை! #TVK #Harbour,Harbour AC-12: TANGEDCO MSME Power Tariff Increase is the #1 campaign priority. TVK current favorability 49.5%. #TVK,TVK,0.408,0.228,0.163
AC-013,Tondiarpet,Chennai District,13.0705,80.3349,170820,TVK,0.446,0.252,0.187,33139,44.6,25.2,18.7,11.4,19.4,🛡️ TVK Fortress (>8K),Annamalai Univ Pension Fund Allocation,74,25,-49,Sun News Tamil Stream (Aug 2026),Sun News Tamil Stream (Aug 2026),https://www.youtube.com/@sunnewstamil/videos,ECI Form 20 actuals + Sun News Tamil Stream (Aug 2026) NLP analysis (Aug 2026),Tondiarpet தொகுதி மக்கள் கவனத்திற்கு! Annamalai Univ Pension Fund Allocation கோரிக்கை நிறைவேற்ற TVK உறுதியான வாக்குறுதி!,📸 Tondiarpet தொகுதி! Annamalai Univ Pension Fund Allocation மற்றும் இளைஞர் வேலைவாய்ப்பு TVK முன்னுரிமை! #TVK #Tondiarpet,Tondiarpet AC-13: Annamalai Univ Pension Fund Allocation is the #1 campaign priority. TVK current favorability 51.1%. #TVK,TVK,0.446,0.252,0.187
AC-014,Thiru-Vi-Ka Nagar,Chennai District,12.9656,80.3693,244150,AIADMK,0.273,0.252,0.392,-29053,27.3,25.2,39.2,11.7,-11.9,🎯 AIADMK Belt Target,Cauvery Delta Water Channel Maintenance,80,48,-32,Thanthi TV Delta Bulletin,Thanthi TV Delta Bulletin,https://www.youtube.com/@thanthitv/videos,ECI Form 20 actuals + Thanthi TV Delta Bulletin NLP analysis (Aug 2026),Thiru-Vi-Ka Nagar தொகுதி மக்கள் கவனத்திற்கு! Cauvery Delta Water Channel Maintenance கோரிக்கை நிறைவேற்ற TVK உறுதியான வாக்குறுதி!,📸 Thiru-Vi-Ka Nagar தொகுதி! Cauvery Delta Water Channel Maintenance மற்றும் இளைஞர் வேலைவாய்ப்பு TVK முன்னுரிமை! #TVK #Thiru-Vi-KaNagar,Thiru-Vi-Ka Nagar AC-14: Cauvery Delta Water Channel Maintenance is the #1 campaign priority. TVK current favorability 38.8%. #TVK,AIADMK,0.273,0.252,0.392
AC-015,Egmore,Chennai District,12.983,80.2399,224400,OTH,0.223,0.218,0.216,1122,22.3,21.8,21.6,10.6,0.0,⚔️ Swing Battleground,AIIMS Madurai Construction Speedup,82,48,-34,New Indian Express South Bureau,New Indian Express South Bureau,https://www.newindianexpress.com/states/tamil-nadu,ECI Form 20 actuals + New Indian Express South Bureau NLP analysis (Aug 2026),Egmore தொகுதி மக்கள் கவனத்திற்கு! AIIMS Madurai Construction Speedup கோரிக்கை நிறைவேற்ற TVK உறுதியான வாக்குறுதி!,📸 Egmore தொகுதி! AIIMS Madurai Construction Speedup மற்றும் இளைஞர் வேலைவாய்ப்பு TVK முன்னுரிமை! #TVK #Egmore,Egmore AC-15: AIIMS Madurai Construction Speedup is the #1 campaign priority. TVK current favorability 35.2%. #TVK,OTH,0.223,0.218,0.216
AC-016,Royapettah,Chennai District,13.0524,80.3717,162217,OTH,0.259,0.275,0.247,-2595,25.9,27.5,24.7,9.2,-1.6,⚔️ Swing Battleground,Unfilled Cashew & MSME Subsidies,78,30,-48,The Hindu TN Bureau (Aug 2026),The Hindu TN Bureau (Aug 2026),https://www.thehindu.com/news/national/tamil-nadu/,ECI Form 20 actuals + The Hindu TN Bureau (Aug 2026) NLP analysis (Aug 2026),Royapettah தொகுதி மக்கள் கவனத்திற்கு! Unfilled Cashew & MSME Subsidies கோரிக்கை நிறைவேற்ற TVK உறுதியான வாக்குறுதி!,📸 Royapettah தொகுதி! Unfilled Cashew & MSME Subsidies மற்றும் இளைஞர் வேலைவாய்ப்பு TVK முன்னுரிமை! #TVK #Royapettah,Royapettah AC-16: Unfilled Cashew & MSME Subsidies is the #1 campaign priority. TVK current favorability 31.9%. #TVK,OTH,0.259,0.275,0.247
AC-017,Teynampet,Chennai District,13.1354,80.3615,210186,DMK,0.383,0.445,0.19,-13031,38.3,44.5,19.0,8.5,-6.2,🎯 Target Recovery (>1.5K deficit),"Kuruvai Paddy Procurement MSP ₹3,200/q",85,52,-33,"TN Agri Budget Report (Aug 6, 2026)","TN Agri Budget Report (Aug 6, 2026)",https://www.newindianexpress.com/states/tamil-nadu,"ECI Form 20 actuals + TN Agri Budget Report (Aug 6, 2026) NLP analysis (Aug 2026)","Teynampet தொகுதி மக்கள் கவனத்திற்கு! Kuruvai Paddy Procurement MSP ₹3,200/q கோரிக்கை நிறைவேற்ற TVK உறுதியான வாக்குறுதி!","📸 Teynampet தொகுதி! Kuruvai Paddy Procurement MSP ₹3,200/q மற்றும் இளைஞர் வேலைவாய்ப்பு TVK முன்னுரிமை! #TVK #Teynampet","Teynampet AC-17: Kuruvai Paddy Procurement MSP ₹3,200/q is the #1 campaign priority. TVK current favorability 57.1%. #TVK",DMK,0.383,0.445,0.19
AC-018,Anna Nagar,Chennai District,12.9961,80.3034,217131,DMK,0.266,0.353,0.232,-18890,26.6,35.3,23.2,6.6,-8.7,🎯 Target Recovery (>1.5K deficit),Youth Employment & 18% Unemployment Rate,81,35,-46,Puthiya Thalaimurai News (Aug 2026),Puthiya Thalaimurai News (Aug 2026),https://www.youtube.com/@puthiyathalaimuraitv/videos,ECI Form 20 actuals + Puthiya Thalaimurai News (Aug 2026) NLP analysis (Aug 2026),Anna Nagar தொகுதி மக்கள் கவனத்திற்கு! Youth Employment & 18% Unemployment Rate கோரிக்கை நிறைவேற்ற TVK உறுதியான வாக்குறுதி!,📸 Anna Nagar தொகுதி! Youth Employment & 18% Unemployment Rate மற்றும் இளைஞர் வேலைவாய்ப்பு TVK முன்னுரிமை! #TVK #AnnaNagar,Anna Nagar AC-18: Youth Employment & 18% Unemployment Rate is the #1 campaign priority. TVK current favorability 40.0%. #TVK,DMK,0.266,0.353,0.232
AC-019,Virugambakkam,Chennai District,13.11,80.3538,177600,TVK,0.359,0.312,0.179,8347,35.9,31.2,17.9,9.2,4.7,🛡️ TVK Fortress (>8K),Monsoon Stormwater Drain Desilting,74,32,-42,Reddit r/TamilNadu Civic Thread,Reddit r/TamilNadu Civic Thread,https://www.reddit.com/r/TamilNadu/search/?q=drainage,ECI Form 20 actuals + Reddit r/TamilNadu Civic Thread NLP analysis (Aug 2026),Virugambakkam தொகுதி மக்கள் கவனத்திற்கு! Monsoon Stormwater Drain Desilting கோரிக்கை நிறைவேற்ற TVK உறுதியான வாக்குறுதி!,📸 Virugambakkam தொகுதி! Monsoon Stormwater Drain Desilting மற்றும் இளைஞர் வேலைவாய்ப்பு TVK முன்னுரிமை! #TVK #Virugambakkam,Virugambakkam AC-19: Monsoon Stormwater Drain Desilting is the #1 campaign priority. TVK current favorability 46.3%. #TVK,TVK,0.359,0.312,0.179
AC-020,Saidapet,Chennai District,13.1235,80.2536,193252,TVK,0.467,0.426,0.205,7923,46.7,42.6,20.5,7.9,4.1,📊 TVK Hold (3-8K),TANGEDCO MSME Power Tariff Increase,69,28,-41,Coimbatore Trade Chamber RTI,Coimbatore Trade Chamber RTI,https://www.thehindu.com/news/cities/Coimbatore/,ECI Form 20 actuals + Coimbatore Trade Chamber RTI NLP analysis (Aug 2026),Saidapet தொகுதி மக்கள் கவனத்திற்கு! TANGEDCO MSME Power Tariff Increase கோரிக்கை நிறைவேற்ற TVK உறுதியான வாக்குறுதி!,📸 Saidapet தொகுதி! TANGEDCO MSME Power Tariff Increase மற்றும் இளைஞர் வேலைவாய்ப்பு TVK முன்னுரிமை! #TVK #Saidapet,Saidapet AC-20: TANGEDCO MSME Power Tariff Increase is the #1 campaign priority. TVK current favorability 57.9%. #TVK,TVK,0.467,0.426,0.205
AC-021,T. Nagar,Chennai District,13.1524,80.1567,231825,TVK,0.511,0.385,0.168,29209,51.1,38.5,16.8,5.2,12.6,🛡️ TVK Fortress (>8K),Annamalai Univ Pension Fund Allocation,74,25,-49,Sun News Tamil Stream (Aug 2026),Sun News Tamil Stream (Aug 2026),https://www.youtube.com/@sunnewstamil/videos,ECI Form 20 actuals + Sun News Tamil Stream (Aug 2026) NLP analysis (Aug 2026),T. Nagar தொகுதி மக்கள் கவனத்திற்கு! Annamalai Univ Pension Fund Allocation கோரிக்கை நிறைவேற்ற TVK உறுதியான வாக்குறுதி!,📸 T. Nagar தொகுதி! Annamalai Univ Pension Fund Allocation மற்றும் இளைஞர் வேலைவாய்ப்பு TVK முன்னுரிமை! #TVK #T.Nagar,T. Nagar AC-21: Annamalai Univ Pension Fund Allocation is the #1 campaign priority. TVK current favorability 58.4%. #TVK,TVK,0.511,0.385,0.168
AC-022,Mylapore,Chennai District,13.1729,80.2354,225534,TVK,0.359,0.242,0.177,26387,35.9,24.2,17.7,8.3,11.7,🛡️ TVK Fortress (>8K),Cauvery Delta Water Channel Maintenance,80,48,-32,Thanthi TV Delta Bulletin,Thanthi TV Delta Bulletin,https://www.youtube.com/@thanthitv/videos,ECI Form 20 actuals + Thanthi TV Delta Bulletin NLP analysis (Aug 2026),Mylapore தொகுதி மக்கள் கவனத்திற்கு! Cauvery Delta Water Channel Maintenance கோரிக்கை நிறைவேற்ற TVK உறுதியான வாக்குறுதி!,📸 Mylapore தொகுதி! Cauvery Delta Water Channel Maintenance மற்றும் இளைஞர் வேலைவாய்ப்பு TVK முன்னுரிமை! #TVK #Mylapore,Mylapore AC-22: Cauvery Delta Water Channel Maintenance is the #1 campaign priority. TVK current favorability 43.8%. #TVK,TVK,0.359,0.242,0.177
AC-023,Velachery,Chennai District,13.0946,80.2632,191655,TVK,0.491,0.295,0.179,37564,49.1,29.5,17.9,7.2,19.6,🛡️ TVK Fortress (>8K),AIIMS Madurai Construction Speedup,82,48,-34,New Indian Express South Bureau,New Indian Express South Bureau,https://www.newindianexpress.com/states/tamil-nadu,ECI Form 20 actuals + New Indian Express South Bureau NLP analysis (Aug 2026),Velachery தொகுதி மக்கள் கவனத்திற்கு! AIIMS Madurai Construction Speedup கோரிக்கை நிறைவேற்ற TVK உறுதியான வாக்குறுதி!,📸 Velachery தொகுதி! AIIMS Madurai Construction Speedup மற்றும் இளைஞர் வேலைவாய்ப்பு TVK முன்னுரிமை! #TVK #Velachery,Velachery AC-23: AIIMS Madurai Construction Speedup is the #1 campaign priority. TVK current favorability 54.2%. #TVK,TVK,0.491,0.295,0.179
AC-024,Sholinganallur,Chennai District,13.0686,80.2432,243669,TVK,0.376,0.281,0.166,23148,37.6,28.1,16.6,10.6,9.5,🛡️ TVK Fortress (>8K),Unfilled Cashew & MSME Subsidies,78,30,-48,The Hindu TN Bureau (Aug 2026),The Hindu TN Bureau (Aug 2026),https://www.thehindu.com/news/national/tamil-nadu/,ECI Form 20 actuals + The Hindu TN Bureau (Aug 2026) NLP analysis (Aug 2026),Sholinganallur தொகுதி மக்கள் கவனத்திற்கு! Unfilled Cashew & MSME Subsidies கோரிக்கை நிறைவேற்ற TVK உறுதியான வாக்குறுதி!,📸 Sholinganallur தொகுதி! Unfilled Cashew & MSME Subsidies மற்றும் இளைஞர் வேலைவாய்ப்பு TVK முன்னுரிமை! #TVK #Sholinganallur,Sholinganallur AC-24: Unfilled Cashew & MSME Subsidies is the #1 campaign priority. TVK current favorability 48.9%. #TVK,TVK,0.376,0.281,0.166
AC-025,Dr. Radhakrishnan Nagar,Chennai District,13.1015,80.1995,185580,DMK,0.304,0.468,0.257,-30435,30.4,46.8,25.7,6.0,-16.4,🎯 Target Recovery (>1.5K deficit),"Kuruvai Paddy Procurement MSP ₹3,200/q",85,52,-33,"TN Agri Budget Report (Aug 6, 2026)","TN Agri Budget Report (Aug 6, 2026)",https://www.newindianexpress.com/states/tamil-nadu,"ECI Form 20 actuals + TN Agri Budget Report (Aug 6, 2026) NLP analysis (Aug 2026)","Dr. Radhakrishnan Nagar தொகுதி மக்கள் கவனத்திற்கு! Kuruvai Paddy Procurement MSP ₹3,200/q கோரிக்கை நிறைவேற்ற TVK உறுதியான வாக்குறுதி!","📸 Dr. Radhakrishnan Nagar தொகுதி! Kuruvai Paddy Procurement MSP ₹3,200/q மற்றும் இளைஞர் வேலைவாய்ப்பு TVK முன்னுரிமை! #TVK #Dr.RadhakrishnanNagar","Dr. Radhakrishnan Nagar AC-25: Kuruvai Paddy Procurement MSP ₹3,200/q is the #1 campaign priority. TVK current favorability 46.2%. #TVK",DMK,0.304,0.468,0.257
AC-026,Chepauk-Triplicane,Chennai District,13.0615,80.3896,202845,AIADMK,0.397,0.241,0.438,-8316,39.7,24.1,43.8,6.6,-4.1,🎯 AIADMK Belt Target,Youth Employment & 18% Unemployment Rate,81,35,-46,Puthiya Thalaimurai News (Aug 2026),Puthiya Thalaimurai News (Aug 2026),https://www.youtube.com/@puthiyathalaimuraitv/videos,ECI Form 20 actuals + Puthiya Thalaimurai News (Aug 2026) NLP analysis (Aug 2026),Chepauk-Triplicane தொகுதி மக்கள் கவனத்திற்கு! Youth Employment & 18% Unemployment Rate கோரிக்கை நிறைவேற்ற TVK உறுதியான வாக்குறுதி!,📸 Chepauk-Triplicane தொகுதி! Youth Employment & 18% Unemployment Rate மற்றும் இளைஞர் வேலைவாய்ப்பு TVK முன்னுரிமை! #TVK #Chepauk-Triplicane,Chepauk-Triplicane AC-26: Youth Employment & 18% Unemployment Rate is the #1 campaign priority. TVK current favorability 49.6%. #TVK,AIADMK,0.397,0.241,0.438
AC-027,Kanchipuram,Kanchipuram District,12.9004,79.8096,220381,DMK,0.278,0.419,0.221,-31073,27.8,41.9,22.1,5.1,-14.1,🎯 Target Recovery (>1.5K deficit),Monsoon Stormwater Drain Desilting,74,32,-42,Reddit r/TamilNadu Civic Thread,Reddit r/TamilNadu Civic Thread,https://www.reddit.com/r/TamilNadu/search/?q=drainage,ECI Form 20 actuals + Reddit r/TamilNadu Civic Thread NLP analysis (Aug 2026),Kanchipuram தொகுதி மக்கள் கவனத்திற்கு! Monsoon Stormwater Drain Desilting கோரிக்கை நிறைவேற்ற TVK உறுதியான வாக்குறுதி!,📸 Kanchipuram தொகுதி! Monsoon Stormwater Drain Desilting மற்றும் இளைஞர் வேலைவாய்ப்பு TVK முன்னுரிமை! #TVK #Kanchipuram,Kanchipuram AC-27: Monsoon Stormwater Drain Desilting is the #1 campaign priority. TVK current favorability 44.6%. #TVK,DMK,0.278,0.419,0.221
AC-028,Sriperumbudur,Kanchipuram District,12.8309,79.6545,211721,AIADMK,0.425,0.294,0.449,-5081,42.5,29.4,44.9,10.3,-2.4,🎯 AIADMK Belt Target,TANGEDCO MSME Power Tariff Increase,69,28,-41,Coimbatore Trade Chamber RTI,Coimbatore Trade Chamber RTI,https://www.thehindu.com/news/cities/Coimbatore/,ECI Form 20 actuals + Coimbatore Trade Chamber RTI NLP analysis (Aug 2026),Sriperumbudur தொகுதி மக்கள் கவனத்திற்கு! TANGEDCO MSME Power Tariff Increase கோரிக்கை நிறைவேற்ற TVK உறுதியான வாக்குறுதி!,📸 Sriperumbudur தொகுதி! TANGEDCO MSME Power Tariff Increase மற்றும் இளைஞர் வேலைவாய்ப்பு TVK முன்னுரிமை! #TVK #Sriperumbudur,Sriperumbudur AC-28: TANGEDCO MSME Power Tariff Increase is the #1 campaign priority. TVK current favorability 55.4%. #TVK,AIADMK,0.425,0.294,0.449
AC-029,Uthiramerur,Kanchipuram District,12.9338,79.733,181274,TVK,0.489,0.434,0.199,9970,48.9,43.4,19.9,10.4,5.5,🛡️ TVK Fortress (>8K),Annamalai Univ Pension Fund Allocation,74,25,-49,Sun News Tamil Stream (Aug 2026),Sun News Tamil Stream (Aug 2026),https://www.youtube.com/@sunnewstamil/videos,ECI Form 20 actuals + Sun News Tamil Stream (Aug 2026) NLP analysis (Aug 2026),Uthiramerur தொகுதி மக்கள் கவனத்திற்கு! Annamalai Univ Pension Fund Allocation கோரிக்கை நிறைவேற்ற TVK உறுதியான வாக்குறுதி!,📸 Uthiramerur தொகுதி! Annamalai Univ Pension Fund Allocation மற்றும் இளைஞர் வேலைவாய்ப்பு TVK முன்னுரிமை! #TVK #Uthiramerur,Uthiramerur AC-29: Annamalai Univ Pension Fund Allocation is the #1 campaign priority. TVK current favorability 54.0%. #TVK,TVK,0.489,0.434,0.199
AC-030,Uthiramerur North,Kanchipuram District,12.8522,79.725,171585,DMK,0.335,0.347,0.277,-2059,33.5,34.7,27.7,6.0,-1.2,🎯 Target Recovery (>1.5K deficit),Cauvery Delta Water Channel Maintenance,80,48,-32,Thanthi TV Delta Bulletin,Thanthi TV Delta Bulletin,https://www.youtube.com/@thanthitv/videos,ECI Form 20 actuals + Thanthi TV Delta Bulletin NLP analysis (Aug 2026),Uthiramerur North தொகுதி மக்கள் கவனத்திற்கு! Cauvery Delta Water Channel Maintenance கோரிக்கை நிறைவேற்ற TVK உறுதியான வாக்குறுதி!,📸 Uthiramerur North தொகுதி! Cauvery Delta Water Channel Maintenance மற்றும் இளைஞர் வேலைவாய்ப்பு TVK முன்னுரிமை! #TVK #UthiramerurNorth,Uthiramerur North AC-30: Cauvery Delta Water Channel Maintenance is the #1 campaign priority. TVK current favorability 46.1%. #TVK,DMK,0.335,0.347,0.277
AC-031,Chengalpattu,Chengalpattu District,12.6671,80.0445,159251,TVK,0.433,0.36,0.19,11625,43.3,36.0,19.0,4.3,7.3,🛡️ TVK Fortress (>8K),AIIMS Madurai Construction Speedup,82,48,-34,New Indian Express South Bureau,New Indian Express South Bureau,https://www.newindianexpress.com/states/tamil-nadu,ECI Form 20 actuals + New Indian Express South Bureau NLP analysis (Aug 2026),Chengalpattu தொகுதி மக்கள் கவனத்திற்கு! AIIMS Madurai Construction Speedup கோரிக்கை நிறைவேற்ற TVK உறுதியான வாக்குறுதி!,📸 Chengalpattu தொகுதி! AIIMS Madurai Construction Speedup மற்றும் இளைஞர் வேலைவாய்ப்பு TVK முன்னுரிமை! #TVK #Chengalpattu,Chengalpattu AC-31: AIIMS Madurai Construction Speedup is the #1 campaign priority. TVK current favorability 48.3%. #TVK,TVK,0.433,0.36,0.19
AC-032,Tambaram,Chengalpattu District,12.7055,80.0144,184114,TVK,0.39,0.343,0.202,8653,39.0,34.3,20.2,10.4,4.7,🛡️ TVK Fortress (>8K),Unfilled Cashew & MSME Subsidies,78,30,-48,The Hindu TN Bureau (Aug 2026),The Hindu TN Bureau (Aug 2026),https://www.thehindu.com/news/national/tamil-nadu/,ECI Form 20 actuals + The Hindu TN Bureau (Aug 2026) NLP analysis (Aug 2026),Tambaram தொகுதி மக்கள் கவனத்திற்கு! Unfilled Cashew & MSME Subsidies கோரிக்கை நிறைவேற்ற TVK உறுதியான வாக்குறுதி!,📸 Tambaram தொகுதி! Unfilled Cashew & MSME Subsidies மற்றும் இளைஞர் வேலைவாய்ப்பு TVK முன்னுரிமை! #TVK #Tambaram,Tambaram AC-32: Unfilled Cashew & MSME Subsidies is the #1 campaign priority. TVK current favorability 47.3%. #TVK,TVK,0.39,0.343,0.202
AC-033,Pallavaram,Chengalpattu District,12.7094,80.0762,164249,DMK,0.258,0.349,0.28,-14946,25.8,34.9,28.0,11.8,-9.1,🎯 Target Recovery (>1.5K deficit),"Kuruvai Paddy Procurement MSP ₹3,200/q",85,52,-33,"TN Agri Budget Report (Aug 6, 2026)","TN Agri Budget Report (Aug 6, 2026)",https://www.newindianexpress.com/states/tamil-nadu,"ECI Form 20 actuals + TN Agri Budget Report (Aug 6, 2026) NLP analysis (Aug 2026)","Pallavaram தொகுதி மக்கள் கவனத்திற்கு! Kuruvai Paddy Procurement MSP ₹3,200/q கோரிக்கை நிறைவேற்ற TVK உறுதியான வாக்குறுதி!","📸 Pallavaram தொகுதி! Kuruvai Paddy Procurement MSP ₹3,200/q மற்றும் இளைஞர் வேலைவாய்ப்பு TVK முன்னுரிமை! #TVK #Pallavaram","Pallavaram AC-33: Kuruvai Paddy Procurement MSP ₹3,200/q is the #1 campaign priority. TVK current favorability 44.7%. #TVK",DMK,0.258,0.349,0.28
AC-034,Thiruporur,Chengalpattu District,12.5762,80.0091,213367,AIADMK,0.382,0.231,0.431,-10454,38.2,23.1,43.1,8.0,-4.9,🎯 AIADMK Belt Target,Youth Employment & 18% Unemployment Rate,81,35,-46,Puthiya Thalaimurai News (Aug 2026),Puthiya Thalaimurai News (Aug 2026),https://www.youtube.com/@puthiyathalaimuraitv/videos,ECI Form 20 actuals + Puthiya Thalaimurai News (Aug 2026) NLP analysis (Aug 2026),Thiruporur தொகுதி மக்கள் கவனத்திற்கு! Youth Employment & 18% Unemployment Rate கோரிக்கை நிறைவேற்ற TVK உறுதியான வாக்குறுதி!,📸 Thiruporur தொகுதி! Youth Employment & 18% Unemployment Rate மற்றும் இளைஞர் வேலைவாய்ப்பு TVK முன்னுரிமை! #TVK #Thiruporur,Thiruporur AC-34: Youth Employment & 18% Unemployment Rate is the #1 campaign priority. TVK current favorability 47.2%. #TVK,AIADMK,0.382,0.231,0.431
AC-035,Cheyyur,Chengalpattu District,12.7248,80.0787,196938,TVK,0.492,0.389,0.122,20284,49.2,38.9,12.2,6.0,10.3,🛡️ TVK Fortress (>8K),Monsoon Stormwater Drain Desilting,74,32,-42,Reddit r/TamilNadu Civic Thread,Reddit r/TamilNadu Civic Thread,https://www.reddit.com/r/TamilNadu/search/?q=drainage,ECI Form 20 actuals + Reddit r/TamilNadu Civic Thread NLP analysis (Aug 2026),Cheyyur தொகுதி மக்கள் கவனத்திற்கு! Monsoon Stormwater Drain Desilting கோரிக்கை நிறைவேற்ற TVK உறுதியான வாக்குறுதி!,📸 Cheyyur தொகுதி! Monsoon Stormwater Drain Desilting மற்றும் இளைஞர் வேலைவாய்ப்பு TVK முன்னுரிமை! #TVK #Cheyyur,Cheyyur AC-35: Monsoon Stormwater Drain Desilting is the #1 campaign priority. TVK current favorability 56.5%. #TVK,TVK,0.492,0.389,0.122
AC-036,Maduranthakam,Chengalpattu District,12.6667,79.9509,239297,TVK,0.368,0.266,0.168,24408,36.8,26.6,16.8,10.3,10.2,🛡️ TVK Fortress (>8K),TANGEDCO MSME Power Tariff Increase,69,28,-41,Coimbatore Trade Chamber RTI,Coimbatore Trade Chamber RTI,https://www.thehindu.com/news/cities/Coimbatore/,ECI Form 20 actuals + Coimbatore Trade Chamber RTI NLP analysis (Aug 2026),Maduranthakam தொகுதி மக்கள் கவனத்திற்கு! TANGEDCO MSME Power Tariff Increase கோரிக்கை நிறைவேற்ற TVK உறுதியான வாக்குறுதி!,📸 Maduranthakam தொகுதி! TANGEDCO MSME Power Tariff Increase மற்றும் இளைஞர் வேலைவாய்ப்பு TVK முன்னுரிமை! #TVK #Maduranthakam,Maduranthakam AC-36: TANGEDCO MSME Power Tariff Increase is the #1 campaign priority. TVK current favorability 43.7%. #TVK,TVK,0.368,0.266,0.168
AC-037,Sholinganallur East,Chengalpattu District,12.6132,79.9987,201200,OTH,0.334,0.31,0.161,4828,33.4,31.0,16.1,8.8,0.0,⚔️ Swing Battleground,Annamalai Univ Pension Fund Allocation,74,25,-49,Sun News Tamil Stream (Aug 2026),Sun News Tamil Stream (Aug 2026),https://www.youtube.com/@sunnewstamil/videos,ECI Form 20 actuals + Sun News Tamil Stream (Aug 2026) NLP analysis (Aug 2026),Sholinganallur East தொகுதி மக்கள் கவனத்திற்கு! Annamalai Univ Pension Fund Allocation கோரிக்கை நிறைவேற்ற TVK உறுதியான வாக்குறுதி!,📸 Sholinganallur East தொகுதி! Annamalai Univ Pension Fund Allocation மற்றும் இளைஞர் வேலைவாய்ப்பு TVK முன்னுரிமை! #TVK #SholinganallurEast,Sholinganallur East AC-37: Annamalai Univ Pension Fund Allocation is the #1 campaign priority. TVK current favorability 40.4%. #TVK,OTH,0.334,0.31,0.161
AC-038,Ranipet,Ranipet District,12.912,79.2237,216652,TVK,0.361,0.247,0.212,24698,36.1,24.7,21.2,10.4,11.4,🛡️ TVK Fortress (>8K),Cauvery Delta Water Channel Maintenance,80,48,-32,Thanthi TV Delta Bulletin,Thanthi TV Delta Bulletin,https://www.youtube.com/@thanthitv/videos,ECI Form 20 actuals + Thanthi TV Delta Bulletin NLP analysis (Aug 2026),Ranipet தொகுதி மக்கள் கவனத்திற்கு! Cauvery Delta Water Channel Maintenance கோரிக்கை நிறைவேற்ற TVK உறுதியான வாக்குறுதி!,📸 Ranipet தொகுதி! Cauvery Delta Water Channel Maintenance மற்றும் இளைஞர் வேலைவாய்ப்பு TVK முன்னுரிமை! #TVK #Ranipet,Ranipet AC-38: Cauvery Delta Water Channel Maintenance is the #1 campaign priority. TVK current favorability 44.3%. #TVK,TVK,0.361,0.247,0.212
AC-039,Arcot,Ranipet District,12.9828,79.4387,172364,AIADMK,0.303,0.255,0.43,-21890,30.3,25.5,43.0,4.5,-12.7,🎯 AIADMK Belt Target,AIIMS Madurai Construction Speedup,82,48,-34,New Indian Express South Bureau,New Indian Express South Bureau,https://www.newindianexpress.com/states/tamil-nadu,ECI Form 20 actuals + New Indian Express South Bureau NLP analysis (Aug 2026),Arcot தொகுதி மக்கள் கவனத்திற்கு! AIIMS Madurai Construction Speedup கோரிக்கை நிறைவேற்ற TVK உறுதியான வாக்குறுதி!,📸 Arcot தொகுதி! AIIMS Madurai Construction Speedup மற்றும் இளைஞர் வேலைவாய்ப்பு TVK முன்னுரிமை! #TVK #Arcot,Arcot AC-39: AIIMS Madurai Construction Speedup is the #1 campaign priority. TVK current favorability 45.9%. #TVK,AIADMK,0.303,0.255,0.43
AC-040,Sholinghur,Ranipet District,12.8816,79.4462,157032,DMK,0.383,0.452,0.242,-10835,38.3,45.2,24.2,11.3,-6.9,🎯 Target Recovery (>1.5K deficit),Unfilled Cashew & MSME Subsidies,78,30,-48,The Hindu TN Bureau (Aug 2026),The Hindu TN Bureau (Aug 2026),https://www.thehindu.com/news/national/tamil-nadu/,ECI Form 20 actuals + The Hindu TN Bureau (Aug 2026) NLP analysis (Aug 2026),Sholinghur தொகுதி மக்கள் கவனத்திற்கு! Unfilled Cashew & MSME Subsidies கோரிக்கை நிறைவேற்ற TVK உறுதியான வாக்குறுதி!,📸 Sholinghur தொகுதி! Unfilled Cashew & MSME Subsidies மற்றும் இளைஞர் வேலைவாய்ப்பு TVK முன்னுரிமை! #TVK #Sholinghur,Sholinghur AC-40: Unfilled Cashew & MSME Subsidies is the #1 campaign priority. TVK current favorability 56.1%. #TVK,DMK,0.383,0.452,0.242
AC-041,Arakkonam,Ranipet District,12.8038,79.3147,212073,DMK,0.407,0.432,0.256,-5301,40.7,43.2,25.6,5.9,-2.5,🎯 Target Recovery (>1.5K deficit),"Kuruvai Paddy Procurement MSP ₹3,200/q",85,52,-33,"TN Agri Budget Report (Aug 6, 2026)","TN Agri Budget Report (Aug 6, 2026)",https://www.newindianexpress.com/states/tamil-nadu,"ECI Form 20 actuals + TN Agri Budget Report (Aug 6, 2026) NLP analysis (Aug 2026)","Arakkonam தொகுதி மக்கள் கவனத்திற்கு! Kuruvai Paddy Procurement MSP ₹3,200/q கோரிக்கை நிறைவேற்ற TVK உறுதியான வாக்குறுதி!","📸 Arakkonam தொகுதி! Kuruvai Paddy Procurement MSP ₹3,200/q மற்றும் இளைஞர் வேலைவாய்ப்பு TVK முன்னுரிமை! #TVK #Arakkonam","Arakkonam AC-41: Kuruvai Paddy Procurement MSP ₹3,200/q is the #1 campaign priority. TVK current favorability 54.2%. #TVK",DMK,0.407,0.432,0.256
AC-042,Vellore,Vellore District,12.8892,79.2408,166802,DMK,0.288,0.35,0.265,-10341,28.8,35.0,26.5,11.5,-6.2,🎯 Target Recovery (>1.5K deficit),Youth Employment & 18% Unemployment Rate,81,35,-46,Puthiya Thalaimurai News (Aug 2026),Puthiya Thalaimurai News (Aug 2026),https://www.youtube.com/@puthiyathalaimuraitv/videos,ECI Form 20 actuals + Puthiya Thalaimurai News (Aug 2026) NLP analysis (Aug 2026),Vellore தொகுதி மக்கள் கவனத்திற்கு! Youth Employment & 18% Unemployment Rate கோரிக்கை நிறைவேற்ற TVK உறுதியான வாக்குறுதி!,📸 Vellore தொகுதி! Youth Employment & 18% Unemployment Rate மற்றும் இளைஞர் வேலைவாய்ப்பு TVK முன்னுரிமை! #TVK #Vellore,Vellore AC-42: Youth Employment & 18% Unemployment Rate is the #1 campaign priority. TVK current favorability 45.9%. #TVK,DMK,0.288,0.35,0.265
AC-043,Katpadi,Vellore District,12.9139,79.2336,211411,OTH,0.285,0.289,0.23,-845,28.5,28.9,23.0,6.3,-0.4,⚔️ Swing Battleground,Monsoon Stormwater Drain Desilting,74,32,-42,Reddit r/TamilNadu Civic Thread,Reddit r/TamilNadu Civic Thread,https://www.reddit.com/r/TamilNadu/search/?q=drainage,ECI Form 20 actuals + Reddit r/TamilNadu Civic Thread NLP analysis (Aug 2026),Katpadi தொகுதி மக்கள் கவனத்திற்கு! Monsoon Stormwater Drain Desilting கோரிக்கை நிறைவேற்ற TVK உறுதியான வாக்குறுதி!,📸 Katpadi தொகுதி! Monsoon Stormwater Drain Desilting மற்றும் இளைஞர் வேலைவாய்ப்பு TVK முன்னுரிமை! #TVK #Katpadi,Katpadi AC-43: Monsoon Stormwater Drain Desilting is the #1 campaign priority. TVK current favorability 37.8%. #TVK,OTH,0.285,0.289,0.23
AC-044,Anaikattu,Vellore District,12.8102,79.1109,237004,TVK,0.431,0.29,0.194,33417,43.1,29.0,19.4,10.5,14.1,🛡️ TVK Fortress (>8K),TANGEDCO MSME Power Tariff Increase,69,28,-41,Coimbatore Trade Chamber RTI,Coimbatore Trade Chamber RTI,https://www.thehindu.com/news/cities/Coimbatore/,ECI Form 20 actuals + Coimbatore Trade Chamber RTI NLP analysis (Aug 2026),Anaikattu தொகுதி மக்கள் கவனத்திற்கு! TANGEDCO MSME Power Tariff Increase கோரிக்கை நிறைவேற்ற TVK உறுதியான வாக்குறுதி!,📸 Anaikattu தொகுதி! TANGEDCO MSME Power Tariff Increase மற்றும் இளைஞர் வேலைவாய்ப்பு TVK முன்னுரிமை! #TVK #Anaikattu,Anaikattu AC-44: TANGEDCO MSME Power Tariff Increase is the #1 campaign priority. TVK current favorability 53.2%. #TVK,TVK,0.431,0.29,0.194
AC-045,Gudiyattam,Vellore District,12.9501,79.2131,217863,OTH,0.294,0.227,0.28,14596,29.4,22.7,28.0,4.9,0.0,⚔️ Swing Battleground,Annamalai Univ Pension Fund Allocation,74,25,-49,Sun News Tamil Stream (Aug 2026),Sun News Tamil Stream (Aug 2026),https://www.youtube.com/@sunnewstamil/videos,ECI Form 20 actuals + Sun News Tamil Stream (Aug 2026) NLP analysis (Aug 2026),Gudiyattam தொகுதி மக்கள் கவனத்திற்கு! Annamalai Univ Pension Fund Allocation கோரிக்கை நிறைவேற்ற TVK உறுதியான வாக்குறுதி!,📸 Gudiyattam தொகுதி! Annamalai Univ Pension Fund Allocation மற்றும் இளைஞர் வேலைவாய்ப்பு TVK முன்னுரிமை! #TVK #Gudiyattam,Gudiyattam AC-45: Annamalai Univ Pension Fund Allocation is the #1 campaign priority. TVK current favorability 39.7%. #TVK,OTH,0.294,0.227,0.28
AC-046,Kilvaithinankuppam,Vellore District,12.8227,79.1802,197688,OTH,0.264,0.247,0.245,3360,26.4,24.7,24.5,9.6,0.0,⚔️ Swing Battleground,Cauvery Delta Water Channel Maintenance,80,48,-32,Thanthi TV Delta Bulletin,Thanthi TV Delta Bulletin,https://www.youtube.com/@thanthitv/videos,ECI Form 20 actuals + Thanthi TV Delta Bulletin NLP analysis (Aug 2026),Kilvaithinankuppam தொகுதி மக்கள் கவனத்திற்கு! Cauvery Delta Water Channel Maintenance கோரிக்கை நிறைவேற்ற TVK உறுதியான வாக்குறுதி!,📸 Kilvaithinankuppam தொகுதி! Cauvery Delta Water Channel Maintenance மற்றும் இளைஞர் வேலைவாய்ப்பு TVK முன்னுரிமை! #TVK #Kilvaithinankuppam,Kilvaithinankuppam AC-46: Cauvery Delta Water Channel Maintenance is the #1 campaign priority. TVK current favorability 39.7%. #TVK,OTH,0.264,0.247,0.245
AC-047,Tirupathur,Tirupathur District,12.5659,78.674,204384,TVK,0.466,0.232,0.245,47825,46.6,23.2,24.5,10.9,22.1,🛡️ TVK Fortress (>8K),AIIMS Madurai Construction Speedup,82,48,-34,New Indian Express South Bureau,New Indian Express South Bureau,https://www.newindianexpress.com/states/tamil-nadu,ECI Form 20 actuals + New Indian Express South Bureau NLP analysis (Aug 2026),Tirupathur தொகுதி மக்கள் கவனத்திற்கு! AIIMS Madurai Construction Speedup கோரிக்கை நிறைவேற்ற TVK உறுதியான வாக்குறுதி!,📸 Tirupathur தொகுதி! AIIMS Madurai Construction Speedup மற்றும் இளைஞர் வேலைவாய்ப்பு TVK முன்னுரிமை! #TVK #Tirupathur,Tirupathur AC-47: AIIMS Madurai Construction Speedup is the #1 campaign priority. TVK current favorability 56.2%. #TVK,TVK,0.466,0.232,0.245
AC-048,Vaniyambadi,Tirupathur District,12.3827,78.5969,161281,TVK,0.445,0.423,0.194,3548,44.5,42.3,19.4,8.6,2.2,📊 TVK Hold (3-8K),Unfilled Cashew & MSME Subsidies,78,30,-48,The Hindu TN Bureau (Aug 2026),The Hindu TN Bureau (Aug 2026),https://www.thehindu.com/news/national/tamil-nadu/,ECI Form 20 actuals + The Hindu TN Bureau (Aug 2026) NLP analysis (Aug 2026),Vaniyambadi தொகுதி மக்கள் கவனத்திற்கு! Unfilled Cashew & MSME Subsidies கோரிக்கை நிறைவேற்ற TVK உறுதியான வாக்குறுதி!,📸 Vaniyambadi தொகுதி! Unfilled Cashew & MSME Subsidies மற்றும் இளைஞர் வேலைவாய்ப்பு TVK முன்னுரிமை! #TVK #Vaniyambadi,Vaniyambadi AC-48: Unfilled Cashew & MSME Subsidies is the #1 campaign priority. TVK current favorability 50.4%. #TVK,TVK,0.445,0.423,0.194
AC-049,Ambur,Tirupathur District,12.4019,78.6027,183632,AIADMK,0.308,0.227,0.391,-15241,30.8,22.7,39.1,8.0,-8.3,🎯 AIADMK Belt Target,"Kuruvai Paddy Procurement MSP ₹3,200/q",85,52,-33,"TN Agri Budget Report (Aug 6, 2026)","TN Agri Budget Report (Aug 6, 2026)",https://www.newindianexpress.com/states/tamil-nadu,"ECI Form 20 actuals + TN Agri Budget Report (Aug 6, 2026) NLP analysis (Aug 2026)","Ambur தொகுதி மக்கள் கவனத்திற்கு! Kuruvai Paddy Procurement MSP ₹3,200/q கோரிக்கை நிறைவேற்ற TVK உறுதியான வாக்குறுதி!","📸 Ambur தொகுதி! Kuruvai Paddy Procurement MSP ₹3,200/q மற்றும் இளைஞர் வேலைவாய்ப்பு TVK முன்னுரிமை! #TVK #Ambur","Ambur AC-49: Kuruvai Paddy Procurement MSP ₹3,200/q is the #1 campaign priority. TVK current favorability 41.1%. #TVK",AIADMK,0.308,0.227,0.391
AC-050,Jolarpet,Tirupathur District,12.4436,78.5432,231554,TVK,0.483,0.306,0.219,40985,48.3,30.6,21.9,6.1,17.7,🛡️ TVK Fortress (>8K),Youth Employment & 18% Unemployment Rate,81,35,-46,Puthiya Thalaimurai News (Aug 2026),Puthiya Thalaimurai News (Aug 2026),https://www.youtube.com/@puthiyathalaimuraitv/videos,ECI Form 20 actuals + Puthiya Thalaimurai News (Aug 2026) NLP analysis (Aug 2026),Jolarpet தொகுதி மக்கள் கவனத்திற்கு! Youth Employment & 18% Unemployment Rate கோரிக்கை நிறைவேற்ற TVK உறுதியான வாக்குறுதி!,📸 Jolarpet தொகுதி! Youth Employment & 18% Unemployment Rate மற்றும் இளைஞர் வேலைவாய்ப்பு TVK முன்னுரிமை! #TVK #Jolarpet,Jolarpet AC-50: Youth Employment & 18% Unemployment Rate is the #1 campaign priority. TVK current favorability 57.0%. #TVK,TVK,0.483,0.306,0.219
AC-051,Tiruvannamalai,Tiruvannamalai District,12.3041,79.0962,188896,TVK,0.397,0.283,0.131,21534,39.7,28.3,13.1,8.8,11.4,🛡️ TVK Fortress (>8K),Monsoon Stormwater Drain Desilting,74,32,-42,Reddit r/TamilNadu Civic Thread,Reddit r/TamilNadu Civic Thread,https://www.reddit.com/r/TamilNadu/search/?q=drainage,ECI Form 20 actuals + Reddit r/TamilNadu Civic Thread NLP analysis (Aug 2026),Tiruvannamalai தொகுதி மக்கள் கவனத்திற்கு! Monsoon Stormwater Drain Desilting கோரிக்கை நிறைவேற்ற TVK உறுதியான வாக்குறுதி!,📸 Tiruvannamalai தொகுதி! Monsoon Stormwater Drain Desilting மற்றும் இளைஞர் வேலைவாய்ப்பு TVK முன்னுரிமை! #TVK #Tiruvannamalai,Tiruvannamalai AC-51: Monsoon Stormwater Drain Desilting is the #1 campaign priority. TVK current favorability 50.6%. #TVK,TVK,0.397,0.283,0.131
AC-052,Kilpennathur,Tiruvannamalai District,12.1341,79.147,246694,AIADMK,0.364,0.223,0.391,-6660,36.4,22.3,39.1,5.9,-2.7,🎯 AIADMK Belt Target,TANGEDCO MSME Power Tariff Increase,69,28,-41,Coimbatore Trade Chamber RTI,Coimbatore Trade Chamber RTI,https://www.thehindu.com/news/cities/Coimbatore/,ECI Form 20 actuals + Coimbatore Trade Chamber RTI NLP analysis (Aug 2026),Kilpennathur தொகுதி மக்கள் கவனத்திற்கு! TANGEDCO MSME Power Tariff Increase கோரிக்கை நிறைவேற்ற TVK உறுதியான வாக்குறுதி!,📸 Kilpennathur தொகுதி! TANGEDCO MSME Power Tariff Increase மற்றும் இளைஞர் வேலைவாய்ப்பு TVK முன்னுரிமை! #TVK #Kilpennathur,Kilpennathur AC-52: TANGEDCO MSME Power Tariff Increase is the #1 campaign priority. TVK current favorability 51.8%. #TVK,AIADMK,0.364,0.223,0.391
AC-053,Chengam,Tiruvannamalai District,12.1001,79.0754,188290,TVK,0.414,0.243,0.134,32197,41.4,24.3,13.4,4.1,17.1,🛡️ TVK Fortress (>8K),Annamalai Univ Pension Fund Allocation,74,25,-49,Sun News Tamil Stream (Aug 2026),Sun News Tamil Stream (Aug 2026),https://www.youtube.com/@sunnewstamil/videos,ECI Form 20 actuals + Sun News Tamil Stream (Aug 2026) NLP analysis (Aug 2026),Chengam தொகுதி மக்கள் கவனத்திற்கு! Annamalai Univ Pension Fund Allocation கோரிக்கை நிறைவேற்ற TVK உறுதியான வாக்குறுதி!,📸 Chengam தொகுதி! Annamalai Univ Pension Fund Allocation மற்றும் இளைஞர் வேலைவாய்ப்பு TVK முன்னுரிமை! #TVK #Chengam,Chengam AC-53: Annamalai Univ Pension Fund Allocation is the #1 campaign priority. TVK current favorability 48.0%. #TVK,TVK,0.414,0.243,0.134
AC-054,Polur,Tiruvannamalai District,12.1111,79.0981,213725,DMK,0.381,0.427,0.167,-9831,38.1,42.7,16.7,5.6,-4.6,🎯 Target Recovery (>1.5K deficit),Cauvery Delta Water Channel Maintenance,80,48,-32,Thanthi TV Delta Bulletin,Thanthi TV Delta Bulletin,https://www.youtube.com/@thanthitv/videos,ECI Form 20 actuals + Thanthi TV Delta Bulletin NLP analysis (Aug 2026),Polur தொகுதி மக்கள் கவனத்திற்கு! Cauvery Delta Water Channel Maintenance கோரிக்கை நிறைவேற்ற TVK உறுதியான வாக்குறுதி!,📸 Polur தொகுதி! Cauvery Delta Water Channel Maintenance மற்றும் இளைஞர் வேலைவாய்ப்பு TVK முன்னுரிமை! #TVK #Polur,Polur AC-54: Cauvery Delta Water Channel Maintenance is the #1 campaign priority. TVK current favorability 56.6%. #TVK,DMK,0.381,0.427,0.167
AC-055,Arani,Tiruvannamalai District,12.2655,79.1834,191789,DMK,0.343,0.395,0.216,-9973,34.3,39.5,21.6,11.1,-5.2,🎯 Target Recovery (>1.5K deficit),AIIMS Madurai Construction Speedup,82,48,-34,New Indian Express South Bureau,New Indian Express South Bureau,https://www.newindianexpress.com/states/tamil-nadu,ECI Form 20 actuals + New Indian Express South Bureau NLP analysis (Aug 2026),Arani தொகுதி மக்கள் கவனத்திற்கு! AIIMS Madurai Construction Speedup கோரிக்கை நிறைவேற்ற TVK உறுதியான வாக்குறுதி!,📸 Arani தொகுதி! AIIMS Madurai Construction Speedup மற்றும் இளைஞர் வேலைவாய்ப்பு TVK முன்னுரிமை! #TVK #Arani,Arani AC-55: AIIMS Madurai Construction Speedup is the #1 campaign priority. TVK current favorability 53.0%. #TVK,DMK,0.343,0.395,0.216
AC-056,Cheyyar,Tiruvannamalai District,12.2327,79.1581,235807,DMK,0.267,0.363,0.152,-22637,26.7,36.3,15.2,7.1,-9.6,🎯 Target Recovery (>1.5K deficit),Unfilled Cashew & MSME Subsidies,78,30,-48,The Hindu TN Bureau (Aug 2026),The Hindu TN Bureau (Aug 2026),https://www.thehindu.com/news/national/tamil-nadu/,ECI Form 20 actuals + The Hindu TN Bureau (Aug 2026) NLP analysis (Aug 2026),Cheyyar தொகுதி மக்கள் கவனத்திற்கு! Unfilled Cashew & MSME Subsidies கோரிக்கை நிறைவேற்ற TVK உறுதியான வாக்குறுதி!,📸 Cheyyar தொகுதி! Unfilled Cashew & MSME Subsidies மற்றும் இளைஞர் வேலைவாய்ப்பு TVK முன்னுரிமை! #TVK #Cheyyar,Cheyyar AC-56: Unfilled Cashew & MSME Subsidies is the #1 campaign priority. TVK current favorability 41.9%. #TVK,DMK,0.267,0.363,0.152
AC-057,Vandavasi,Tiruvannamalai District,12.2437,79.0417,191967,AIADMK,0.312,0.207,0.454,-27259,31.2,20.7,45.4,7.7,-14.2,🎯 AIADMK Belt Target,"Kuruvai Paddy Procurement MSP ₹3,200/q",85,52,-33,"TN Agri Budget Report (Aug 6, 2026)","TN Agri Budget Report (Aug 6, 2026)",https://www.newindianexpress.com/states/tamil-nadu,"ECI Form 20 actuals + TN Agri Budget Report (Aug 6, 2026) NLP analysis (Aug 2026)","Vandavasi தொகுதி மக்கள் கவனத்திற்கு! Kuruvai Paddy Procurement MSP ₹3,200/q கோரிக்கை நிறைவேற்ற TVK உறுதியான வாக்குறுதி!","📸 Vandavasi தொகுதி! Kuruvai Paddy Procurement MSP ₹3,200/q மற்றும் இளைஞர் வேலைவாய்ப்பு TVK முன்னுரிமை! #TVK #Vandavasi","Vandavasi AC-57: Kuruvai Paddy Procurement MSP ₹3,200/q is the #1 campaign priority. TVK current favorability 45.7%. #TVK",AIADMK,0.312,0.207,0.454
AC-058,Kalasapakkam,Tiruvannamalai District,12.2747,79.0444,207839,DMK,0.325,0.445,0.232,-24940,32.5,44.5,23.2,7.1,-12.0,🎯 Target Recovery (>1.5K deficit),Youth Employment & 18% Unemployment Rate,81,35,-46,Puthiya Thalaimurai News (Aug 2026),Puthiya Thalaimurai News (Aug 2026),https://www.youtube.com/@puthiyathalaimuraitv/videos,ECI Form 20 actuals + Puthiya Thalaimurai News (Aug 2026) NLP analysis (Aug 2026),Kalasapakkam தொகுதி மக்கள் கவனத்திற்கு! Youth Employment & 18% Unemployment Rate கோரிக்கை நிறைவேற்ற TVK உறுதியான வாக்குறுதி!,📸 Kalasapakkam தொகுதி! Youth Employment & 18% Unemployment Rate மற்றும் இளைஞர் வேலைவாய்ப்பு TVK முன்னுரிமை! #TVK #Kalasapakkam,Kalasapakkam AC-58: Youth Employment & 18% Unemployment Rate is the #1 campaign priority. TVK current favorability 48.4%. #TVK,DMK,0.325,0.445,0.232
AC-059,Villupuram,Villupuram District,12.0359,79.5727,201066,TVK,0.474,0.32,0.141,30964,47.4,32.0,14.1,6.7,15.4,🛡️ TVK Fortress (>8K),Monsoon Stormwater Drain Desilting,74,32,-42,Reddit r/TamilNadu Civic Thread,Reddit r/TamilNadu Civic Thread,https://www.reddit.com/r/TamilNadu/search/?q=drainage,ECI Form 20 actuals + Reddit r/TamilNadu Civic Thread NLP analysis (Aug 2026),Villupuram தொகுதி மக்கள் கவனத்திற்கு! Monsoon Stormwater Drain Desilting கோரிக்கை நிறைவேற்ற TVK உறுதியான வாக்குறுதி!,📸 Villupuram தொகுதி! Monsoon Stormwater Drain Desilting மற்றும் இளைஞர் வேலைவாய்ப்பு TVK முன்னுரிமை! #TVK #Villupuram,Villupuram AC-59: Monsoon Stormwater Drain Desilting is the #1 campaign priority. TVK current favorability 54.9%. #TVK,TVK,0.474,0.32,0.141
AC-060,Tindivanam,Villupuram District,11.964,79.5702,220270,AIADMK,0.284,0.265,0.458,-38326,28.4,26.5,45.8,5.6,-17.4,🎯 AIADMK Belt Target,TANGEDCO MSME Power Tariff Increase,69,28,-41,Coimbatore Trade Chamber RTI,Coimbatore Trade Chamber RTI,https://www.thehindu.com/news/cities/Coimbatore/,ECI Form 20 actuals + Coimbatore Trade Chamber RTI NLP analysis (Aug 2026),Tindivanam தொகுதி மக்கள் கவனத்திற்கு! TANGEDCO MSME Power Tariff Increase கோரிக்கை நிறைவேற்ற TVK உறுதியான வாக்குறுதி!,📸 Tindivanam தொகுதி! TANGEDCO MSME Power Tariff Increase மற்றும் இளைஞர் வேலைவாய்ப்பு TVK முன்னுரிமை! #TVK #Tindivanam,Tindivanam AC-60: TANGEDCO MSME Power Tariff Increase is the #1 campaign priority. TVK current favorability 37.6%. #TVK,AIADMK,0.284,0.265,0.458
AC-061,Vanur,Villupuram District,12.0505,79.3736,209823,TVK,0.367,0.341,0.2,5455,36.7,34.1,20.0,7.3,2.6,📊 TVK Hold (3-8K),Annamalai Univ Pension Fund Allocation,74,25,-49,Sun News Tamil Stream (Aug 2026),Sun News Tamil Stream (Aug 2026),https://www.youtube.com/@sunnewstamil/videos,ECI Form 20 actuals + Sun News Tamil Stream (Aug 2026) NLP analysis (Aug 2026),Vanur தொகுதி மக்கள் கவனத்திற்கு! Annamalai Univ Pension Fund Allocation கோரிக்கை நிறைவேற்ற TVK உறுதியான வாக்குறுதி!,📸 Vanur தொகுதி! Annamalai Univ Pension Fund Allocation மற்றும் இளைஞர் வேலைவாய்ப்பு TVK முன்னுரிமை! #TVK #Vanur,Vanur AC-61: Annamalai Univ Pension Fund Allocation is the #1 campaign priority. TVK current favorability 45.3%. #TVK,TVK,0.367,0.341,0.2
AC-062,Mailam,Villupuram District,11.9713,79.5129,175875,AIADMK,0.383,0.217,0.406,-4045,38.3,21.7,40.6,6.7,-2.3,🎯 AIADMK Belt Target,Cauvery Delta Water Channel Maintenance,80,48,-32,Thanthi TV Delta Bulletin,Thanthi TV Delta Bulletin,https://www.youtube.com/@thanthitv/videos,ECI Form 20 actuals + Thanthi TV Delta Bulletin NLP analysis (Aug 2026),Mailam தொகுதி மக்கள் கவனத்திற்கு! Cauvery Delta Water Channel Maintenance கோரிக்கை நிறைவேற்ற TVK உறுதியான வாக்குறுதி!,📸 Mailam தொகுதி! Cauvery Delta Water Channel Maintenance மற்றும் இளைஞர் வேலைவாய்ப்பு TVK முன்னுரிமை! #TVK #Mailam,Mailam AC-62: Cauvery Delta Water Channel Maintenance is the #1 campaign priority. TVK current favorability 50.2%. #TVK,AIADMK,0.383,0.217,0.406
AC-063,Vikravandi,Villupuram District,11.8482,79.4549,158161,OTH,0.273,0.229,0.212,6959,27.3,22.9,21.2,9.2,0.0,⚔️ Swing Battleground,AIIMS Madurai Construction Speedup,82,48,-34,New Indian Express South Bureau,New Indian Express South Bureau,https://www.newindianexpress.com/states/tamil-nadu,ECI Form 20 actuals + New Indian Express South Bureau NLP analysis (Aug 2026),Vikravandi தொகுதி மக்கள் கவனத்திற்கு! AIIMS Madurai Construction Speedup கோரிக்கை நிறைவேற்ற TVK உறுதியான வாக்குறுதி!,📸 Vikravandi தொகுதி! AIIMS Madurai Construction Speedup மற்றும் இளைஞர் வேலைவாய்ப்பு TVK முன்னுரிமை! #TVK #Vikravandi,Vikravandi AC-63: AIIMS Madurai Construction Speedup is the #1 campaign priority. TVK current favorability 34.0%. #TVK,OTH,0.273,0.229,0.212
AC-064,Tirukkoyilur,Villupuram District,11.9127,79.3878,183071,TVK,0.465,0.236,0.144,41923,46.5,23.6,14.4,5.4,22.9,🛡️ TVK Fortress (>8K),Unfilled Cashew & MSME Subsidies,78,30,-48,The Hindu TN Bureau (Aug 2026),The Hindu TN Bureau (Aug 2026),https://www.thehindu.com/news/national/tamil-nadu/,ECI Form 20 actuals + The Hindu TN Bureau (Aug 2026) NLP analysis (Aug 2026),Tirukkoyilur தொகுதி மக்கள் கவனத்திற்கு! Unfilled Cashew & MSME Subsidies கோரிக்கை நிறைவேற்ற TVK உறுதியான வாக்குறுதி!,📸 Tirukkoyilur தொகுதி! Unfilled Cashew & MSME Subsidies மற்றும் இளைஞர் வேலைவாய்ப்பு TVK முன்னுரிமை! #TVK #Tirukkoyilur,Tirukkoyilur AC-64: Unfilled Cashew & MSME Subsidies is the #1 campaign priority. TVK current favorability 52.4%. #TVK,TVK,0.465,0.236,0.144
AC-065,Gingee,Villupuram District,11.883,79.3904,194081,TVK,0.515,0.357,0.168,30664,51.5,35.7,16.8,6.7,15.8,🛡️ TVK Fortress (>8K),"Kuruvai Paddy Procurement MSP ₹3,200/q",85,52,-33,"TN Agri Budget Report (Aug 6, 2026)","TN Agri Budget Report (Aug 6, 2026)",https://www.newindianexpress.com/states/tamil-nadu,"ECI Form 20 actuals + TN Agri Budget Report (Aug 6, 2026) NLP analysis (Aug 2026)","Gingee தொகுதி மக்கள் கவனத்திற்கு! Kuruvai Paddy Procurement MSP ₹3,200/q கோரிக்கை நிறைவேற்ற TVK உறுதியான வாக்குறுதி!","📸 Gingee தொகுதி! Kuruvai Paddy Procurement MSP ₹3,200/q மற்றும் இளைஞர் வேலைவாய்ப்பு TVK முன்னுரிமை! #TVK #Gingee","Gingee AC-65: Kuruvai Paddy Procurement MSP ₹3,200/q is the #1 campaign priority. TVK current favorability 62.6%. #TVK",TVK,0.515,0.357,0.168
AC-066,Kallakurichi,Kallakurichi District,11.7424,78.9675,203987,TVK,0.489,0.287,0.239,41205,48.9,28.7,23.9,6.6,20.2,🛡️ TVK Fortress (>8K),Youth Employment & 18% Unemployment Rate,81,35,-46,Puthiya Thalaimurai News (Aug 2026),Puthiya Thalaimurai News (Aug 2026),https://www.youtube.com/@puthiyathalaimuraitv/videos,ECI Form 20 actuals + Puthiya Thalaimurai News (Aug 2026) NLP analysis (Aug 2026),Kallakurichi தொகுதி மக்கள் கவனத்திற்கு! Youth Employment & 18% Unemployment Rate கோரிக்கை நிறைவேற்ற TVK உறுதியான வாக்குறுதி!,📸 Kallakurichi தொகுதி! Youth Employment & 18% Unemployment Rate மற்றும் இளைஞர் வேலைவாய்ப்பு TVK முன்னுரிமை! #TVK #Kallakurichi,Kallakurichi AC-66: Youth Employment & 18% Unemployment Rate is the #1 campaign priority. TVK current favorability 54.9%. #TVK,TVK,0.489,0.287,0.239
AC-067,Sankarapuram,Kallakurichi District,11.7473,78.9495,183060,DMK,0.314,0.416,0.254,-18672,31.4,41.6,25.4,10.0,-10.2,🎯 Target Recovery (>1.5K deficit),Monsoon Stormwater Drain Desilting,74,32,-42,Reddit r/TamilNadu Civic Thread,Reddit r/TamilNadu Civic Thread,https://www.reddit.com/r/TamilNadu/search/?q=drainage,ECI Form 20 actuals + Reddit r/TamilNadu Civic Thread NLP analysis (Aug 2026),Sankarapuram தொகுதி மக்கள் கவனத்திற்கு! Monsoon Stormwater Drain Desilting கோரிக்கை நிறைவேற்ற TVK உறுதியான வாக்குறுதி!,📸 Sankarapuram தொகுதி! Monsoon Stormwater Drain Desilting மற்றும் இளைஞர் வேலைவாய்ப்பு TVK முன்னுரிமை! #TVK #Sankarapuram,Sankarapuram AC-67: Monsoon Stormwater Drain Desilting is the #1 campaign priority. TVK current favorability 48.3%. #TVK,DMK,0.314,0.416,0.254
AC-068,Rishivandiyam,Kallakurichi District,11.7226,78.9669,198397,AIADMK,0.359,0.286,0.389,-5951,35.9,28.6,38.9,5.7,-3.0,🎯 AIADMK Belt Target,TANGEDCO MSME Power Tariff Increase,69,28,-41,Coimbatore Trade Chamber RTI,Coimbatore Trade Chamber RTI,https://www.thehindu.com/news/cities/Coimbatore/,ECI Form 20 actuals + Coimbatore Trade Chamber RTI NLP analysis (Aug 2026),Rishivandiyam தொகுதி மக்கள் கவனத்திற்கு! TANGEDCO MSME Power Tariff Increase கோரிக்கை நிறைவேற்ற TVK உறுதியான வாக்குறுதி!,📸 Rishivandiyam தொகுதி! TANGEDCO MSME Power Tariff Increase மற்றும் இளைஞர் வேலைவாய்ப்பு TVK முன்னுரிமை! #TVK #Rishivandiyam,Rishivandiyam AC-68: TANGEDCO MSME Power Tariff Increase is the #1 campaign priority. TVK current favorability 49.7%. #TVK,AIADMK,0.359,0.286,0.389
AC-069,Ulundurpet,Kallakurichi District,11.6874,78.9791,219436,DMK,0.338,0.428,0.225,-19749,33.8,42.8,22.5,4.8,-9.0,🎯 Target Recovery (>1.5K deficit),Annamalai Univ Pension Fund Allocation,74,25,-49,Sun News Tamil Stream (Aug 2026),Sun News Tamil Stream (Aug 2026),https://www.youtube.com/@sunnewstamil/videos,ECI Form 20 actuals + Sun News Tamil Stream (Aug 2026) NLP analysis (Aug 2026),Ulundurpet தொகுதி மக்கள் கவனத்திற்கு! Annamalai Univ Pension Fund Allocation கோரிக்கை நிறைவேற்ற TVK உறுதியான வாக்குறுதி!,📸 Ulundurpet தொகுதி! Annamalai Univ Pension Fund Allocation மற்றும் இளைஞர் வேலைவாய்ப்பு TVK முன்னுரிமை! #TVK #Ulundurpet,Ulundurpet AC-69: Annamalai Univ Pension Fund Allocation is the #1 campaign priority. TVK current favorability 50.9%. #TVK,DMK,0.338,0.428,0.225
AC-070,Cuddalore,Cuddalore District,11.7125,79.8443,229376,TVK,0.499,0.475,0.166,5505,49.9,47.5,16.6,4.5,2.4,📊 TVK Hold (3-8K),Cauvery Delta Water Channel Maintenance,80,48,-32,Thanthi TV Delta Bulletin,Thanthi TV Delta Bulletin,https://www.youtube.com/@thanthitv/videos,ECI Form 20 actuals + Thanthi TV Delta Bulletin NLP analysis (Aug 2026),Cuddalore தொகுதி மக்கள் கவனத்திற்கு! Cauvery Delta Water Channel Maintenance கோரிக்கை நிறைவேற்ற TVK உறுதியான வாக்குறுதி!,📸 Cuddalore தொகுதி! Cauvery Delta Water Channel Maintenance மற்றும் இளைஞர் வேலைவாய்ப்பு TVK முன்னுரிமை! #TVK #Cuddalore,Cuddalore AC-70: Cauvery Delta Water Channel Maintenance is the #1 campaign priority. TVK current favorability 58.0%. #TVK,TVK,0.499,0.475,0.166
AC-071,Panruti,Cuddalore District,11.8351,79.8675,189315,AIADMK,0.28,0.297,0.357,-14577,28.0,29.7,35.7,11.4,-7.7,🎯 AIADMK Belt Target,AIIMS Madurai Construction Speedup,82,48,-34,New Indian Express South Bureau,New Indian Express South Bureau,https://www.newindianexpress.com/states/tamil-nadu,ECI Form 20 actuals + New Indian Express South Bureau NLP analysis (Aug 2026),Panruti தொகுதி மக்கள் கவனத்திற்கு! AIIMS Madurai Construction Speedup கோரிக்கை நிறைவேற்ற TVK உறுதியான வாக்குறுதி!,📸 Panruti தொகுதி! AIIMS Madurai Construction Speedup மற்றும் இளைஞர் வேலைவாய்ப்பு TVK முன்னுரிமை! #TVK #Panruti,Panruti AC-71: AIIMS Madurai Construction Speedup is the #1 campaign priority. TVK current favorability 36.4%. #TVK,AIADMK,0.28,0.297,0.357
AC-072,Neyveli,Cuddalore District,11.8302,79.7237,188272,DMK,0.375,0.474,0.217,-18638,37.5,47.4,21.7,10.1,-9.9,🎯 Target Recovery (>1.5K deficit),Unfilled Cashew & MSME Subsidies,78,30,-48,The Hindu TN Bureau (Aug 2026),The Hindu TN Bureau (Aug 2026),https://www.thehindu.com/news/national/tamil-nadu/,ECI Form 20 actuals + The Hindu TN Bureau (Aug 2026) NLP analysis (Aug 2026),Neyveli தொகுதி மக்கள் கவனத்திற்கு! Unfilled Cashew & MSME Subsidies கோரிக்கை நிறைவேற்ற TVK உறுதியான வாக்குறுதி!,📸 Neyveli தொகுதி! Unfilled Cashew & MSME Subsidies மற்றும் இளைஞர் வேலைவாய்ப்பு TVK முன்னுரிமை! #TVK #Neyveli,Neyveli AC-72: Unfilled Cashew & MSME Subsidies is the #1 campaign priority. TVK current favorability 53.8%. #TVK,DMK,0.375,0.474,0.217
AC-073,Kurinjipadi,Cuddalore District,11.8402,79.8128,201731,TVK,0.368,0.302,0.165,13314,36.8,30.2,16.5,9.5,6.6,🛡️ TVK Fortress (>8K),"Kuruvai Paddy Procurement MSP ₹3,200/q",85,52,-33,"TN Agri Budget Report (Aug 6, 2026)","TN Agri Budget Report (Aug 6, 2026)",https://www.newindianexpress.com/states/tamil-nadu,"ECI Form 20 actuals + TN Agri Budget Report (Aug 6, 2026) NLP analysis (Aug 2026)","Kurinjipadi தொகுதி மக்கள் கவனத்திற்கு! Kuruvai Paddy Procurement MSP ₹3,200/q கோரிக்கை நிறைவேற்ற TVK உறுதியான வாக்குறுதி!","📸 Kurinjipadi தொகுதி! Kuruvai Paddy Procurement MSP ₹3,200/q மற்றும் இளைஞர் வேலைவாய்ப்பு TVK முன்னுரிமை! #TVK #Kurinjipadi","Kurinjipadi AC-73: Kuruvai Paddy Procurement MSP ₹3,200/q is the #1 campaign priority. TVK current favorability 44.9%. #TVK",TVK,0.368,0.302,0.165
AC-074,Bhuvanagiri,Cuddalore District,11.6919,79.7246,182297,AIADMK,0.388,0.226,0.438,-9114,38.8,22.6,43.8,7.6,-5.0,🎯 AIADMK Belt Target,Youth Employment & 18% Unemployment Rate,81,35,-46,Puthiya Thalaimurai News (Aug 2026),Puthiya Thalaimurai News (Aug 2026),https://www.youtube.com/@puthiyathalaimuraitv/videos,ECI Form 20 actuals + Puthiya Thalaimurai News (Aug 2026) NLP analysis (Aug 2026),Bhuvanagiri தொகுதி மக்கள் கவனத்திற்கு! Youth Employment & 18% Unemployment Rate கோரிக்கை நிறைவேற்ற TVK உறுதியான வாக்குறுதி!,📸 Bhuvanagiri தொகுதி! Youth Employment & 18% Unemployment Rate மற்றும் இளைஞர் வேலைவாய்ப்பு TVK முன்னுரிமை! #TVK #Bhuvanagiri,Bhuvanagiri AC-74: Youth Employment & 18% Unemployment Rate is the #1 campaign priority. TVK current favorability 51.2%. #TVK,AIADMK,0.388,0.226,0.438
AC-075,Chidambaram,Cuddalore District,11.8103,79.8006,225831,TVK,0.392,0.359,0.127,7452,39.2,35.9,12.7,5.0,3.3,📊 TVK Hold (3-8K),Monsoon Stormwater Drain Desilting,74,32,-42,Reddit r/TamilNadu Civic Thread,Reddit r/TamilNadu Civic Thread,https://www.reddit.com/r/TamilNadu/search/?q=drainage,ECI Form 20 actuals + Reddit r/TamilNadu Civic Thread NLP analysis (Aug 2026),Chidambaram தொகுதி மக்கள் கவனத்திற்கு! Monsoon Stormwater Drain Desilting கோரிக்கை நிறைவேற்ற TVK உறுதியான வாக்குறுதி!,📸 Chidambaram தொகுதி! Monsoon Stormwater Drain Desilting மற்றும் இளைஞர் வேலைவாய்ப்பு TVK முன்னுரிமை! #TVK #Chidambaram,Chidambaram AC-75: Monsoon Stormwater Drain Desilting is the #1 campaign priority. TVK current favorability 45.7%. #TVK,TVK,0.392,0.359,0.127
AC-076,Kattumannarkoil,Cuddalore District,11.6477,79.681,204976,OTH,0.28,0.291,0.243,-2254,28.0,29.1,24.3,8.7,-1.1,⚔️ Swing Battleground,TANGEDCO MSME Power Tariff Increase,69,28,-41,Coimbatore Trade Chamber RTI,Coimbatore Trade Chamber RTI,https://www.thehindu.com/news/cities/Coimbatore/,ECI Form 20 actuals + Coimbatore Trade Chamber RTI NLP analysis (Aug 2026),Kattumannarkoil தொகுதி மக்கள் கவனத்திற்கு! TANGEDCO MSME Power Tariff Increase கோரிக்கை நிறைவேற்ற TVK உறுதியான வாக்குறுதி!,📸 Kattumannarkoil தொகுதி! TANGEDCO MSME Power Tariff Increase மற்றும் இளைஞர் வேலைவாய்ப்பு TVK முன்னுரிமை! #TVK #Kattumannarkoil,Kattumannarkoil AC-76: TANGEDCO MSME Power Tariff Increase is the #1 campaign priority. TVK current favorability 40.3%. #TVK,OTH,0.28,0.291,0.243
AC-077,Vridhachalam,Cuddalore District,11.7533,79.8365,216059,TVK,0.468,0.379,0.171,19229,46.8,37.9,17.1,8.3,8.9,🛡️ TVK Fortress (>8K),Annamalai Univ Pension Fund Allocation,74,25,-49,Sun News Tamil Stream (Aug 2026),Sun News Tamil Stream (Aug 2026),https://www.youtube.com/@sunnewstamil/videos,ECI Form 20 actuals + Sun News Tamil Stream (Aug 2026) NLP analysis (Aug 2026),Vridhachalam தொகுதி மக்கள் கவனத்திற்கு! Annamalai Univ Pension Fund Allocation கோரிக்கை நிறைவேற்ற TVK உறுதியான வாக்குறுதி!,📸 Vridhachalam தொகுதி! Annamalai Univ Pension Fund Allocation மற்றும் இளைஞர் வேலைவாய்ப்பு TVK முன்னுரிமை! #TVK #Vridhachalam,Vridhachalam AC-77: Annamalai Univ Pension Fund Allocation is the #1 campaign priority. TVK current favorability 57.0%. #TVK,TVK,0.468,0.379,0.171
AC-078,Tittagudi,Cuddalore District,11.7441,79.7626,245790,OTH,0.292,0.313,0.241,-5161,29.2,31.3,24.1,9.9,-2.1,⚔️ Swing Battleground,Cauvery Delta Water Channel Maintenance,80,48,-32,Thanthi TV Delta Bulletin,Thanthi TV Delta Bulletin,https://www.youtube.com/@thanthitv/videos,ECI Form 20 actuals + Thanthi TV Delta Bulletin NLP analysis (Aug 2026),Tittagudi தொகுதி மக்கள் கவனத்திற்கு! Cauvery Delta Water Channel Maintenance கோரிக்கை நிறைவேற்ற TVK உறுதியான வாக்குறுதி!,📸 Tittagudi தொகுதி! Cauvery Delta Water Channel Maintenance மற்றும் இளைஞர் வேலைவாய்ப்பு TVK முன்னுரிமை! #TVK #Tittagudi,Tittagudi AC-78: Cauvery Delta Water Channel Maintenance is the #1 campaign priority. TVK current favorability 40.5%. #TVK,OTH,0.292,0.313,0.241
AC-079,Mayiladuthurai,Mayiladuthurai District,11.155,79.5923,228646,TVK,0.358,0.25,0.241,24693,35.8,25.0,24.1,7.1,10.8,🛡️ TVK Fortress (>8K),AIIMS Madurai Construction Speedup,82,48,-34,New Indian Express South Bureau,New Indian Express South Bureau,https://www.newindianexpress.com/states/tamil-nadu,ECI Form 20 actuals + New Indian Express South Bureau NLP analysis (Aug 2026),Mayiladuthurai தொகுதி மக்கள் கவனத்திற்கு! AIIMS Madurai Construction Speedup கோரிக்கை நிறைவேற்ற TVK உறுதியான வாக்குறுதி!,📸 Mayiladuthurai தொகுதி! AIIMS Madurai Construction Speedup மற்றும் இளைஞர் வேலைவாய்ப்பு TVK முன்னுரிமை! #TVK #Mayiladuthurai,Mayiladuthurai AC-79: AIIMS Madurai Construction Speedup is the #1 campaign priority. TVK current favorability 45.0%. #TVK,TVK,0.358,0.25,0.241
AC-080,Sirkazhi,Mayiladuthurai District,11.0054,79.5921,179625,DMK,0.374,0.382,0.269,-1437,37.4,38.2,26.9,8.2,-0.8,🔥 High-ROI Flip (<1.5K deficit),Unfilled Cashew & MSME Subsidies,78,30,-48,The Hindu TN Bureau (Aug 2026),The Hindu TN Bureau (Aug 2026),https://www.thehindu.com/news/national/tamil-nadu/,ECI Form 20 actuals + The Hindu TN Bureau (Aug 2026) NLP analysis (Aug 2026),Sirkazhi தொகுதி மக்கள் கவனத்திற்கு! Unfilled Cashew & MSME Subsidies கோரிக்கை நிறைவேற்ற TVK உறுதியான வாக்குறுதி!,📸 Sirkazhi தொகுதி! Unfilled Cashew & MSME Subsidies மற்றும் இளைஞர் வேலைவாய்ப்பு TVK முன்னுரிமை! #TVK #Sirkazhi,Sirkazhi AC-80: Unfilled Cashew & MSME Subsidies is the #1 campaign priority. TVK current favorability 53.8%. #TVK,DMK,0.374,0.382,0.269
AC-081,Poompuhar,Mayiladuthurai District,11.0133,79.6274,192535,DMK,0.309,0.364,0.228,-10589,30.9,36.4,22.8,6.1,-5.5,🎯 Target Recovery (>1.5K deficit),"Kuruvai Paddy Procurement MSP ₹3,200/q",85,52,-33,"TN Agri Budget Report (Aug 6, 2026)","TN Agri Budget Report (Aug 6, 2026)",https://www.newindianexpress.com/states/tamil-nadu,"ECI Form 20 actuals + TN Agri Budget Report (Aug 6, 2026) NLP analysis (Aug 2026)","Poompuhar தொகுதி மக்கள் கவனத்திற்கு! Kuruvai Paddy Procurement MSP ₹3,200/q கோரிக்கை நிறைவேற்ற TVK உறுதியான வாக்குறுதி!","📸 Poompuhar தொகுதி! Kuruvai Paddy Procurement MSP ₹3,200/q மற்றும் இளைஞர் வேலைவாய்ப்பு TVK முன்னுரிமை! #TVK #Poompuhar","Poompuhar AC-81: Kuruvai Paddy Procurement MSP ₹3,200/q is the #1 campaign priority. TVK current favorability 49.8%. #TVK",DMK,0.309,0.364,0.228
AC-082,Nagapattinam,Nagapattinam District,10.8791,79.8507,204184,AIADMK,0.244,0.189,0.39,-29810,24.4,18.9,39.0,10.7,-14.6,🎯 AIADMK Belt Target,Youth Employment & 18% Unemployment Rate,81,35,-46,Puthiya Thalaimurai News (Aug 2026),Puthiya Thalaimurai News (Aug 2026),https://www.youtube.com/@puthiyathalaimuraitv/videos,ECI Form 20 actuals + Puthiya Thalaimurai News (Aug 2026) NLP analysis (Aug 2026),Nagapattinam தொகுதி மக்கள் கவனத்திற்கு! Youth Employment & 18% Unemployment Rate கோரிக்கை நிறைவேற்ற TVK உறுதியான வாக்குறுதி!,📸 Nagapattinam தொகுதி! Youth Employment & 18% Unemployment Rate மற்றும் இளைஞர் வேலைவாய்ப்பு TVK முன்னுரிமை! #TVK #Nagapattinam,Nagapattinam AC-82: Youth Employment & 18% Unemployment Rate is the #1 campaign priority. TVK current favorability 37.4%. #TVK,AIADMK,0.244,0.189,0.39
AC-083,Kilvelur,Nagapattinam District,10.7361,79.8741,144393,AIADMK,0.251,0.23,0.448,-28445,25.1,23.0,44.8,11.8,-19.7,🎯 AIADMK Belt Target,Monsoon Stormwater Drain Desilting,74,32,-42,Reddit r/TamilNadu Civic Thread,Reddit r/TamilNadu Civic Thread,https://www.reddit.com/r/TamilNadu/search/?q=drainage,ECI Form 20 actuals + Reddit r/TamilNadu Civic Thread NLP analysis (Aug 2026),Kilvelur தொகுதி மக்கள் கவனத்திற்கு! Monsoon Stormwater Drain Desilting கோரிக்கை நிறைவேற்ற TVK உறுதியான வாக்குறுதி!,📸 Kilvelur தொகுதி! Monsoon Stormwater Drain Desilting மற்றும் இளைஞர் வேலைவாய்ப்பு TVK முன்னுரிமை! #TVK #Kilvelur,Kilvelur AC-83: Monsoon Stormwater Drain Desilting is the #1 campaign priority. TVK current favorability 36.9%. #TVK,AIADMK,0.251,0.23,0.448
AC-084,Vedaranyam,Nagapattinam District,10.8541,79.8321,197074,TVK,0.401,0.237,0.148,32320,40.1,23.7,14.8,7.7,16.4,🛡️ TVK Fortress (>8K),TANGEDCO MSME Power Tariff Increase,69,28,-41,Coimbatore Trade Chamber RTI,Coimbatore Trade Chamber RTI,https://www.thehindu.com/news/cities/Coimbatore/,ECI Form 20 actuals + Coimbatore Trade Chamber RTI NLP analysis (Aug 2026),Vedaranyam தொகுதி மக்கள் கவனத்திற்கு! TANGEDCO MSME Power Tariff Increase கோரிக்கை நிறைவேற்ற TVK உறுதியான வாக்குறுதி!,📸 Vedaranyam தொகுதி! TANGEDCO MSME Power Tariff Increase மற்றும் இளைஞர் வேலைவாய்ப்பு TVK முன்னுரிமை! #TVK #Vedaranyam,Vedaranyam AC-84: TANGEDCO MSME Power Tariff Increase is the #1 campaign priority. TVK current favorability 45.5%. #TVK,TVK,0.401,0.237,0.148
AC-085,Tiruvarur,Tiruvarur District,10.6626,79.6854,200590,AIADMK,0.298,0.262,0.425,-25474,29.8,26.2,42.5,11.7,-12.7,🎯 AIADMK Belt Target,Annamalai Univ Pension Fund Allocation,74,25,-49,Sun News Tamil Stream (Aug 2026),Sun News Tamil Stream (Aug 2026),https://www.youtube.com/@sunnewstamil/videos,ECI Form 20 actuals + Sun News Tamil Stream (Aug 2026) NLP analysis (Aug 2026),Tiruvarur தொகுதி மக்கள் கவனத்திற்கு! Annamalai Univ Pension Fund Allocation கோரிக்கை நிறைவேற்ற TVK உறுதியான வாக்குறுதி!,📸 Tiruvarur தொகுதி! Annamalai Univ Pension Fund Allocation மற்றும் இளைஞர் வேலைவாய்ப்பு TVK முன்னுரிமை! #TVK #Tiruvarur,Tiruvarur AC-85: Annamalai Univ Pension Fund Allocation is the #1 campaign priority. TVK current favorability 41.6%. #TVK,AIADMK,0.298,0.262,0.425
AC-086,Nannilam,Tiruvarur District,10.6884,79.6292,198882,TVK,0.422,0.337,0.236,16904,42.2,33.7,23.6,4.5,8.5,🛡️ TVK Fortress (>8K),Cauvery Delta Water Channel Maintenance,80,48,-32,Thanthi TV Delta Bulletin,Thanthi TV Delta Bulletin,https://www.youtube.com/@thanthitv/videos,ECI Form 20 actuals + Thanthi TV Delta Bulletin NLP analysis (Aug 2026),Nannilam தொகுதி மக்கள் கவனத்திற்கு! Cauvery Delta Water Channel Maintenance கோரிக்கை நிறைவேற்ற TVK உறுதியான வாக்குறுதி!,📸 Nannilam தொகுதி! Cauvery Delta Water Channel Maintenance மற்றும் இளைஞர் வேலைவாய்ப்பு TVK முன்னுரிமை! #TVK #Nannilam,Nannilam AC-86: Cauvery Delta Water Channel Maintenance is the #1 campaign priority. TVK current favorability 49.0%. #TVK,TVK,0.422,0.337,0.236
AC-087,Mannargudi,Tiruvarur District,10.7832,79.6764,240366,TVK,0.361,0.283,0.154,18748,36.1,28.3,15.4,11.6,7.8,🛡️ TVK Fortress (>8K),AIIMS Madurai Construction Speedup,82,48,-34,New Indian Express South Bureau,New Indian Express South Bureau,https://www.newindianexpress.com/states/tamil-nadu,ECI Form 20 actuals + New Indian Express South Bureau NLP analysis (Aug 2026),Mannargudi தொகுதி மக்கள் கவனத்திற்கு! AIIMS Madurai Construction Speedup கோரிக்கை நிறைவேற்ற TVK உறுதியான வாக்குறுதி!,📸 Mannargudi தொகுதி! AIIMS Madurai Construction Speedup மற்றும் இளைஞர் வேலைவாய்ப்பு TVK முன்னுரிமை! #TVK #Mannargudi,Mannargudi AC-87: AIIMS Madurai Construction Speedup is the #1 campaign priority. TVK current favorability 45.4%. #TVK,TVK,0.361,0.283,0.154
AC-088,Thiruthuraipoondi,Tiruvarur District,10.729,79.5742,222387,AIADMK,0.267,0.281,0.357,-20014,26.7,28.1,35.7,5.0,-9.0,🎯 AIADMK Belt Target,Unfilled Cashew & MSME Subsidies,78,30,-48,The Hindu TN Bureau (Aug 2026),The Hindu TN Bureau (Aug 2026),https://www.thehindu.com/news/national/tamil-nadu/,ECI Form 20 actuals + The Hindu TN Bureau (Aug 2026) NLP analysis (Aug 2026),Thiruthuraipoondi தொகுதி மக்கள் கவனத்திற்கு! Unfilled Cashew & MSME Subsidies கோரிக்கை நிறைவேற்ற TVK உறுதியான வாக்குறுதி!,📸 Thiruthuraipoondi தொகுதி! Unfilled Cashew & MSME Subsidies மற்றும் இளைஞர் வேலைவாய்ப்பு TVK முன்னுரிமை! #TVK #Thiruthuraipoondi,Thiruthuraipoondi AC-88: Unfilled Cashew & MSME Subsidies is the #1 campaign priority. TVK current favorability 41.3%. #TVK,AIADMK,0.267,0.281,0.357
AC-089,Thanjavur,Thanjavur District,10.7648,79.1871,230660,OTH,0.287,0.262,0.266,5766,28.7,26.2,26.6,6.1,0.0,⚔️ Swing Battleground,"Kuruvai Paddy Procurement MSP ₹3,200/q",85,52,-33,"TN Agri Budget Report (Aug 6, 2026)","TN Agri Budget Report (Aug 6, 2026)",https://www.newindianexpress.com/states/tamil-nadu,"ECI Form 20 actuals + TN Agri Budget Report (Aug 6, 2026) NLP analysis (Aug 2026)","Thanjavur தொகுதி மக்கள் கவனத்திற்கு! Kuruvai Paddy Procurement MSP ₹3,200/q கோரிக்கை நிறைவேற்ற TVK உறுதியான வாக்குறுதி!","📸 Thanjavur தொகுதி! Kuruvai Paddy Procurement MSP ₹3,200/q மற்றும் இளைஞர் வேலைவாய்ப்பு TVK முன்னுரிமை! #TVK #Thanjavur","Thanjavur AC-89: Kuruvai Paddy Procurement MSP ₹3,200/q is the #1 campaign priority. TVK current favorability 37.5%. #TVK",OTH,0.287,0.262,0.266
AC-090,Thiruvaiyaru,Thanjavur District,10.6714,79.0863,251295,TVK,0.489,0.255,0.233,58803,48.9,25.5,23.3,11.6,23.4,🛡️ TVK Fortress (>8K),Youth Employment & 18% Unemployment Rate,81,35,-46,Puthiya Thalaimurai News (Aug 2026),Puthiya Thalaimurai News (Aug 2026),https://www.youtube.com/@puthiyathalaimuraitv/videos,ECI Form 20 actuals + Puthiya Thalaimurai News (Aug 2026) NLP analysis (Aug 2026),Thiruvaiyaru தொகுதி மக்கள் கவனத்திற்கு! Youth Employment & 18% Unemployment Rate கோரிக்கை நிறைவேற்ற TVK உறுதியான வாக்குறுதி!,📸 Thiruvaiyaru தொகுதி! Youth Employment & 18% Unemployment Rate மற்றும் இளைஞர் வேலைவாய்ப்பு TVK முன்னுரிமை! #TVK #Thiruvaiyaru,Thiruvaiyaru AC-90: Youth Employment & 18% Unemployment Rate is the #1 campaign priority. TVK current favorability 56.6%. #TVK,TVK,0.489,0.255,0.233
AC-091,Orathanadu,Thanjavur District,10.8385,79.1752,239904,AIADMK,0.323,0.296,0.355,-7676,32.3,29.6,35.5,8.6,-3.2,🎯 AIADMK Belt Target,Monsoon Stormwater Drain Desilting,74,32,-42,Reddit r/TamilNadu Civic Thread,Reddit r/TamilNadu Civic Thread,https://www.reddit.com/r/TamilNadu/search/?q=drainage,ECI Form 20 actuals + Reddit r/TamilNadu Civic Thread NLP analysis (Aug 2026),Orathanadu தொகுதி மக்கள் கவனத்திற்கு! Monsoon Stormwater Drain Desilting கோரிக்கை நிறைவேற்ற TVK உறுதியான வாக்குறுதி!,📸 Orathanadu தொகுதி! Monsoon Stormwater Drain Desilting மற்றும் இளைஞர் வேலைவாய்ப்பு TVK முன்னுரிமை! #TVK #Orathanadu,Orathanadu AC-91: Monsoon Stormwater Drain Desilting is the #1 campaign priority. TVK current favorability 44.2%. #TVK,AIADMK,0.323,0.296,0.355
AC-092,Pattukkottai,Thanjavur District,10.853,79.0781,188387,AIADMK,0.386,0.213,0.427,-7723,38.6,21.3,42.7,10.2,-4.1,🎯 AIADMK Belt Target,TANGEDCO MSME Power Tariff Increase,69,28,-41,Coimbatore Trade Chamber RTI,Coimbatore Trade Chamber RTI,https://www.thehindu.com/news/cities/Coimbatore/,ECI Form 20 actuals + Coimbatore Trade Chamber RTI NLP analysis (Aug 2026),Pattukkottai தொகுதி மக்கள் கவனத்திற்கு! TANGEDCO MSME Power Tariff Increase கோரிக்கை நிறைவேற்ற TVK உறுதியான வாக்குறுதி!,📸 Pattukkottai தொகுதி! TANGEDCO MSME Power Tariff Increase மற்றும் இளைஞர் வேலைவாய்ப்பு TVK முன்னுரிமை! #TVK #Pattukkottai,Pattukkottai AC-92: TANGEDCO MSME Power Tariff Increase is the #1 campaign priority. TVK current favorability 51.9%. #TVK,AIADMK,0.386,0.213,0.427
AC-093,Peravurani,Thanjavur District,10.7056,79.2113,188642,DMK,0.367,0.407,0.208,-7545,36.7,40.7,20.8,6.7,-4.0,🎯 Target Recovery (>1.5K deficit),Annamalai Univ Pension Fund Allocation,74,25,-49,Sun News Tamil Stream (Aug 2026),Sun News Tamil Stream (Aug 2026),https://www.youtube.com/@sunnewstamil/videos,ECI Form 20 actuals + Sun News Tamil Stream (Aug 2026) NLP analysis (Aug 2026),Peravurani தொகுதி மக்கள் கவனத்திற்கு! Annamalai Univ Pension Fund Allocation கோரிக்கை நிறைவேற்ற TVK உறுதியான வாக்குறுதி!,📸 Peravurani தொகுதி! Annamalai Univ Pension Fund Allocation மற்றும் இளைஞர் வேலைவாய்ப்பு TVK முன்னுரிமை! #TVK #Peravurani,Peravurani AC-93: Annamalai Univ Pension Fund Allocation is the #1 campaign priority. TVK current favorability 55.3%. #TVK,DMK,0.367,0.407,0.208
AC-094,Kumbakonam,Thanjavur District,10.8629,79.0936,212773,DMK,0.349,0.395,0.192,-9787,34.9,39.5,19.2,4.9,-4.6,🎯 Target Recovery (>1.5K deficit),Cauvery Delta Water Channel Maintenance,80,48,-32,Thanthi TV Delta Bulletin,Thanthi TV Delta Bulletin,https://www.youtube.com/@thanthitv/videos,ECI Form 20 actuals + Thanthi TV Delta Bulletin NLP analysis (Aug 2026),Kumbakonam தொகுதி மக்கள் கவனத்திற்கு! Cauvery Delta Water Channel Maintenance கோரிக்கை நிறைவேற்ற TVK உறுதியான வாக்குறுதி!,📸 Kumbakonam தொகுதி! Cauvery Delta Water Channel Maintenance மற்றும் இளைஞர் வேலைவாய்ப்பு TVK முன்னுரிமை! #TVK #Kumbakonam,Kumbakonam AC-94: Cauvery Delta Water Channel Maintenance is the #1 campaign priority. TVK current favorability 51.4%. #TVK,DMK,0.349,0.395,0.192
AC-095,Papanasam,Thanjavur District,10.6985,79.1999,199717,TVK,0.372,0.294,0.244,15577,37.2,29.4,24.4,9.5,7.8,🛡️ TVK Fortress (>8K),AIIMS Madurai Construction Speedup,82,48,-34,New Indian Express South Bureau,New Indian Express South Bureau,https://www.newindianexpress.com/states/tamil-nadu,ECI Form 20 actuals + New Indian Express South Bureau NLP analysis (Aug 2026),Papanasam தொகுதி மக்கள் கவனத்திற்கு! AIIMS Madurai Construction Speedup கோரிக்கை நிறைவேற்ற TVK உறுதியான வாக்குறுதி!,📸 Papanasam தொகுதி! AIIMS Madurai Construction Speedup மற்றும் இளைஞர் வேலைவாய்ப்பு TVK முன்னுரிமை! #TVK #Papanasam,Papanasam AC-95: AIIMS Madurai Construction Speedup is the #1 campaign priority. TVK current favorability 48.6%. #TVK,TVK,0.372,0.294,0.244
AC-096,Thiruvidaimarudur,Thanjavur District,10.8867,79.1493,212499,TVK,0.35,0.329,0.147,4462,35.0,32.9,14.7,7.3,2.1,📊 TVK Hold (3-8K),Unfilled Cashew & MSME Subsidies,78,30,-48,The Hindu TN Bureau (Aug 2026),The Hindu TN Bureau (Aug 2026),https://www.thehindu.com/news/national/tamil-nadu/,ECI Form 20 actuals + The Hindu TN Bureau (Aug 2026) NLP analysis (Aug 2026),Thiruvidaimarudur தொகுதி மக்கள் கவனத்திற்கு! Unfilled Cashew & MSME Subsidies கோரிக்கை நிறைவேற்ற TVK உறுதியான வாக்குறுதி!,📸 Thiruvidaimarudur தொகுதி! Unfilled Cashew & MSME Subsidies மற்றும் இளைஞர் வேலைவாய்ப்பு TVK முன்னுரிமை! #TVK #Thiruvidaimarudur,Thiruvidaimarudur AC-96: Unfilled Cashew & MSME Subsidies is the #1 campaign priority. TVK current favorability 40.1%. #TVK,TVK,0.35,0.329,0.147
AC-097,Tiruchirappalli (East),Tiruchirappalli District,10.8864,78.6516,171334,TVK,0.49,0.39,0.12,-7196,49.0,39.0,12.0,6.7,10.0,🎯 Target Recovery (>1.5K deficit),"Kuruvai Paddy Procurement MSP ₹3,200/q",85,52,-33,"TN Agri Budget Report (Aug 6, 2026)","TN Agri Budget Report (Aug 6, 2026)",https://www.newindianexpress.com/states/tamil-nadu,"ECI Form 20 actuals + TN Agri Budget Report (Aug 6, 2026) NLP analysis (Aug 2026)","Tiruchirappalli (East) தொகுதி மக்கள் கவனத்திற்கு! Kuruvai Paddy Procurement MSP ₹3,200/q கோரிக்கை நிறைவேற்ற TVK உறுதியான வாக்குறுதி!","📸 Tiruchirappalli (East) தொகுதி! Kuruvai Paddy Procurement MSP ₹3,200/q மற்றும் இளைஞர் வேலைவாய்ப்பு TVK முன்னுரிமை! #TVK #TiruchirappalliEast","Tiruchirappalli (East) AC-97: Kuruvai Paddy Procurement MSP ₹3,200/q is the #1 campaign priority. TVK current favorability 49.8%. #TVK",TVK,0.49,0.39,0.12
AC-098,Tiruchirappalli (West),Tiruchirappalli District,10.7977,78.7444,170381,TVK,0.505,0.386,0.167,20275,50.5,38.6,16.7,5.3,11.9,🛡️ TVK Fortress (>8K),Youth Employment & 18% Unemployment Rate,81,35,-46,Puthiya Thalaimurai News (Aug 2026),Puthiya Thalaimurai News (Aug 2026),https://www.youtube.com/@puthiyathalaimuraitv/videos,ECI Form 20 actuals + Puthiya Thalaimurai News (Aug 2026) NLP analysis (Aug 2026),Tiruchirappalli (West) தொகுதி மக்கள் கவனத்திற்கு! Youth Employment & 18% Unemployment Rate கோரிக்கை நிறைவேற்ற TVK உறுதியான வாக்குறுதி!,📸 Tiruchirappalli (West) தொகுதி! Youth Employment & 18% Unemployment Rate மற்றும் இளைஞர் வேலைவாய்ப்பு TVK முன்னுரிமை! #TVK #TiruchirappalliWest,Tiruchirappalli (West) AC-98: Youth Employment & 18% Unemployment Rate is the #1 campaign priority. TVK current favorability 62.4%. #TVK,TVK,0.505,0.386,0.167
AC-099,Srirangam,Tiruchirappalli District,10.8905,78.6607,184349,TVK,0.503,0.256,0.196,45534,50.3,25.6,19.6,11.6,24.7,🛡️ TVK Fortress (>8K),Monsoon Stormwater Drain Desilting,74,32,-42,Reddit r/TamilNadu Civic Thread,Reddit r/TamilNadu Civic Thread,https://www.reddit.com/r/TamilNadu/search/?q=drainage,ECI Form 20 actuals + Reddit r/TamilNadu Civic Thread NLP analysis (Aug 2026),Srirangam தொகுதி மக்கள் கவனத்திற்கு! Monsoon Stormwater Drain Desilting கோரிக்கை நிறைவேற்ற TVK உறுதியான வாக்குறுதி!,📸 Srirangam தொகுதி! Monsoon Stormwater Drain Desilting மற்றும் இளைஞர் வேலைவாய்ப்பு TVK முன்னுரிமை! #TVK #Srirangam,Srirangam AC-99: Monsoon Stormwater Drain Desilting is the #1 campaign priority. TVK current favorability 56.9%. #TVK,TVK,0.503,0.256,0.196
AC-100,Thiruverumbur,Tiruchirappalli District,10.8407,78.6795,195805,TVK,0.355,0.234,0.203,23692,35.5,23.4,20.3,9.9,12.1,🛡️ TVK Fortress (>8K),TANGEDCO MSME Power Tariff Increase,69,28,-41,Coimbatore Trade Chamber RTI,Coimbatore Trade Chamber RTI,https://www.thehindu.com/news/cities/Coimbatore/,ECI Form 20 actuals + Coimbatore Trade Chamber RTI NLP analysis (Aug 2026),Thiruverumbur தொகுதி மக்கள் கவனத்திற்கு! TANGEDCO MSME Power Tariff Increase கோரிக்கை நிறைவேற்ற TVK உறுதியான வாக்குறுதி!,📸 Thiruverumbur தொகுதி! TANGEDCO MSME Power Tariff Increase மற்றும் இளைஞர் வேலைவாய்ப்பு TVK முன்னுரிமை! #TVK #Thiruverumbur,Thiruverumbur AC-100: TANGEDCO MSME Power Tariff Increase is the #1 campaign priority. TVK current favorability 43.7%. #TVK,TVK,0.355,0.234,0.203
AC-101,Manachanallur,Tiruchirappalli District,10.8325,78.5805,167691,AIADMK,0.351,0.23,0.402,-8552,35.1,23.0,40.2,7.7,-5.1,🎯 AIADMK Belt Target,Annamalai Univ Pension Fund Allocation,74,25,-49,Sun News Tamil Stream (Aug 2026),Sun News Tamil Stream (Aug 2026),https://www.youtube.com/@sunnewstamil/videos,ECI Form 20 actuals + Sun News Tamil Stream (Aug 2026) NLP analysis (Aug 2026),Manachanallur தொகுதி மக்கள் கவனத்திற்கு! Annamalai Univ Pension Fund Allocation கோரிக்கை நிறைவேற்ற TVK உறுதியான வாக்குறுதி!,📸 Manachanallur தொகுதி! Annamalai Univ Pension Fund Allocation மற்றும் இளைஞர் வேலைவாய்ப்பு TVK முன்னுரிமை! #TVK #Manachanallur,Manachanallur AC-101: Annamalai Univ Pension Fund Allocation is the #1 campaign priority. TVK current favorability 43.9%. #TVK,AIADMK,0.351,0.23,0.402
AC-102,Musiri,Tiruchirappalli District,10.8394,78.8033,207025,AIADMK,0.398,0.273,0.452,-11179,39.8,27.3,45.2,6.5,-5.4,🎯 AIADMK Belt Target,Cauvery Delta Water Channel Maintenance,80,48,-32,Thanthi TV Delta Bulletin,Thanthi TV Delta Bulletin,https://www.youtube.com/@thanthitv/videos,ECI Form 20 actuals + Thanthi TV Delta Bulletin NLP analysis (Aug 2026),Musiri தொகுதி மக்கள் கவனத்திற்கு! Cauvery Delta Water Channel Maintenance கோரிக்கை நிறைவேற்ற TVK உறுதியான வாக்குறுதி!,📸 Musiri தொகுதி! Cauvery Delta Water Channel Maintenance மற்றும் இளைஞர் வேலைவாய்ப்பு TVK முன்னுரிமை! #TVK #Musiri,Musiri AC-102: Cauvery Delta Water Channel Maintenance is the #1 campaign priority. TVK current favorability 53.0%. #TVK,AIADMK,0.398,0.273,0.452
AC-103,Thuraiyur,Tiruchirappalli District,10.741,78.7175,191682,DMK,0.264,0.426,0.182,-31052,26.4,42.6,18.2,5.7,-16.2,🎯 Target Recovery (>1.5K deficit),AIIMS Madurai Construction Speedup,82,48,-34,New Indian Express South Bureau,New Indian Express South Bureau,https://www.newindianexpress.com/states/tamil-nadu,ECI Form 20 actuals + New Indian Express South Bureau NLP analysis (Aug 2026),Thuraiyur தொகுதி மக்கள் கவனத்திற்கு! AIIMS Madurai Construction Speedup கோரிக்கை நிறைவேற்ற TVK உறுதியான வாக்குறுதி!,📸 Thuraiyur தொகுதி! AIIMS Madurai Construction Speedup மற்றும் இளைஞர் வேலைவாய்ப்பு TVK முன்னுரிமை! #TVK #Thuraiyur,Thuraiyur AC-103: AIIMS Madurai Construction Speedup is the #1 campaign priority. TVK current favorability 39.4%. #TVK,DMK,0.264,0.426,0.182
AC-104,Lalgudi,Tiruchirappalli District,10.8995,78.736,142409,DMK,0.373,0.395,0.177,-3132,37.3,39.5,17.7,10.2,-2.2,🎯 Target Recovery (>1.5K deficit),Unfilled Cashew & MSME Subsidies,78,30,-48,The Hindu TN Bureau (Aug 2026),The Hindu TN Bureau (Aug 2026),https://www.thehindu.com/news/national/tamil-nadu/,ECI Form 20 actuals + The Hindu TN Bureau (Aug 2026) NLP analysis (Aug 2026),Lalgudi தொகுதி மக்கள் கவனத்திற்கு! Unfilled Cashew & MSME Subsidies கோரிக்கை நிறைவேற்ற TVK உறுதியான வாக்குறுதி!,📸 Lalgudi தொகுதி! Unfilled Cashew & MSME Subsidies மற்றும் இளைஞர் வேலைவாய்ப்பு TVK முன்னுரிமை! #TVK #Lalgudi,Lalgudi AC-104: Unfilled Cashew & MSME Subsidies is the #1 campaign priority. TVK current favorability 54.7%. #TVK,DMK,0.373,0.395,0.177
AC-105,Manapparai,Tiruchirappalli District,10.7693,78.6506,170338,DMK,0.298,0.358,0.272,-10220,29.8,35.8,27.2,9.6,-6.0,🎯 Target Recovery (>1.5K deficit),"Kuruvai Paddy Procurement MSP ₹3,200/q",85,52,-33,"TN Agri Budget Report (Aug 6, 2026)","TN Agri Budget Report (Aug 6, 2026)",https://www.newindianexpress.com/states/tamil-nadu,"ECI Form 20 actuals + TN Agri Budget Report (Aug 6, 2026) NLP analysis (Aug 2026)","Manapparai தொகுதி மக்கள் கவனத்திற்கு! Kuruvai Paddy Procurement MSP ₹3,200/q கோரிக்கை நிறைவேற்ற TVK உறுதியான வாக்குறுதி!","📸 Manapparai தொகுதி! Kuruvai Paddy Procurement MSP ₹3,200/q மற்றும் இளைஞர் வேலைவாய்ப்பு TVK முன்னுரிமை! #TVK #Manapparai","Manapparai AC-105: Kuruvai Paddy Procurement MSP ₹3,200/q is the #1 campaign priority. TVK current favorability 46.7%. #TVK",DMK,0.298,0.358,0.272
AC-106,Perambalur,Perambalur District,11.1977,78.9999,158671,TVK,0.483,0.36,0.172,19516,48.3,36.0,17.2,7.9,12.3,🛡️ TVK Fortress (>8K),Youth Employment & 18% Unemployment Rate,81,35,-46,Puthiya Thalaimurai News (Aug 2026),Puthiya Thalaimurai News (Aug 2026),https://www.youtube.com/@puthiyathalaimuraitv/videos,ECI Form 20 actuals + Puthiya Thalaimurai News (Aug 2026) NLP analysis (Aug 2026),Perambalur தொகுதி மக்கள் கவனத்திற்கு! Youth Employment & 18% Unemployment Rate கோரிக்கை நிறைவேற்ற TVK உறுதியான வாக்குறுதி!,📸 Perambalur தொகுதி! Youth Employment & 18% Unemployment Rate மற்றும் இளைஞர் வேலைவாய்ப்பு TVK முன்னுரிமை! #TVK #Perambalur,Perambalur AC-106: Youth Employment & 18% Unemployment Rate is the #1 campaign priority. TVK current favorability 56.7%. #TVK,TVK,0.483,0.36,0.172
AC-107,Kunnam,Perambalur District,11.3397,78.9931,201617,TVK,0.451,0.239,0.205,42742,45.1,23.9,20.5,9.6,21.2,🛡️ TVK Fortress (>8K),Monsoon Stormwater Drain Desilting,74,32,-42,Reddit r/TamilNadu Civic Thread,Reddit r/TamilNadu Civic Thread,https://www.reddit.com/r/TamilNadu/search/?q=drainage,ECI Form 20 actuals + Reddit r/TamilNadu Civic Thread NLP analysis (Aug 2026),Kunnam தொகுதி மக்கள் கவனத்திற்கு! Monsoon Stormwater Drain Desilting கோரிக்கை நிறைவேற்ற TVK உறுதியான வாக்குறுதி!,📸 Kunnam தொகுதி! Monsoon Stormwater Drain Desilting மற்றும் இளைஞர் வேலைவாய்ப்பு TVK முன்னுரிமை! #TVK #Kunnam,Kunnam AC-107: Monsoon Stormwater Drain Desilting is the #1 campaign priority. TVK current favorability 53.8%. #TVK,TVK,0.451,0.239,0.205
AC-108,Ariyalur,Ariyalur District,11.1365,79.1057,188955,TVK,0.478,0.301,0.213,33445,47.8,30.1,21.3,8.0,17.7,🛡️ TVK Fortress (>8K),TANGEDCO MSME Power Tariff Increase,69,28,-41,Coimbatore Trade Chamber RTI,Coimbatore Trade Chamber RTI,https://www.thehindu.com/news/cities/Coimbatore/,ECI Form 20 actuals + Coimbatore Trade Chamber RTI NLP analysis (Aug 2026),Ariyalur தொகுதி மக்கள் கவனத்திற்கு! TANGEDCO MSME Power Tariff Increase கோரிக்கை நிறைவேற்ற TVK உறுதியான வாக்குறுதி!,📸 Ariyalur தொகுதி! TANGEDCO MSME Power Tariff Increase மற்றும் இளைஞர் வேலைவாய்ப்பு TVK முன்னுரிமை! #TVK #Ariyalur,Ariyalur AC-108: TANGEDCO MSME Power Tariff Increase is the #1 campaign priority. TVK current favorability 53.2%. #TVK,TVK,0.478,0.301,0.213
AC-109,Jayankondam,Ariyalur District,11.1946,79.1226,196200,TVK,0.362,0.342,0.217,3923,36.2,34.2,21.7,11.8,2.0,📊 TVK Hold (3-8K),Annamalai Univ Pension Fund Allocation,74,25,-49,Sun News Tamil Stream (Aug 2026),Sun News Tamil Stream (Aug 2026),https://www.youtube.com/@sunnewstamil/videos,ECI Form 20 actuals + Sun News Tamil Stream (Aug 2026) NLP analysis (Aug 2026),Jayankondam தொகுதி மக்கள் கவனத்திற்கு! Annamalai Univ Pension Fund Allocation கோரிக்கை நிறைவேற்ற TVK உறுதியான வாக்குறுதி!,📸 Jayankondam தொகுதி! Annamalai Univ Pension Fund Allocation மற்றும் இளைஞர் வேலைவாய்ப்பு TVK முன்னுரிமை! #TVK #Jayankondam,Jayankondam AC-109: Annamalai Univ Pension Fund Allocation is the #1 campaign priority. TVK current favorability 46.3%. #TVK,TVK,0.362,0.342,0.217
AC-110,Karur,Karur District,11.0501,78.1611,189947,AIADMK,0.35,0.2,0.45,1329,35.0,20.0,45.0,8.2,-10.0,⚔️ Swing Battleground,Cauvery Delta Water Channel Maintenance,80,48,-32,Thanthi TV Delta Bulletin,Thanthi TV Delta Bulletin,https://www.youtube.com/@thanthitv/videos,ECI Form 20 actuals + Thanthi TV Delta Bulletin NLP analysis (Aug 2026),Karur தொகுதி மக்கள் கவனத்திற்கு! Cauvery Delta Water Channel Maintenance கோரிக்கை நிறைவேற்ற TVK உறுதியான வாக்குறுதி!,📸 Karur தொகுதி! Cauvery Delta Water Channel Maintenance மற்றும் இளைஞர் வேலைவாய்ப்பு TVK முன்னுரிமை! #TVK #Karur,Karur AC-110: Cauvery Delta Water Channel Maintenance is the #1 campaign priority. TVK current favorability 38.7%. #TVK,AIADMK,0.35,0.2,0.45
AC-111,Aravakurichi,Karur District,10.9502,78.1996,212365,TVK,0.367,0.336,0.132,6583,36.7,33.6,13.2,8.6,3.1,📊 TVK Hold (3-8K),AIIMS Madurai Construction Speedup,82,48,-34,New Indian Express South Bureau,New Indian Express South Bureau,https://www.newindianexpress.com/states/tamil-nadu,ECI Form 20 actuals + New Indian Express South Bureau NLP analysis (Aug 2026),Aravakurichi தொகுதி மக்கள் கவனத்திற்கு! AIIMS Madurai Construction Speedup கோரிக்கை நிறைவேற்ற TVK உறுதியான வாக்குறுதி!,📸 Aravakurichi தொகுதி! AIIMS Madurai Construction Speedup மற்றும் இளைஞர் வேலைவாய்ப்பு TVK முன்னுரிமை! #TVK #Aravakurichi,Aravakurichi AC-111: AIIMS Madurai Construction Speedup is the #1 campaign priority. TVK current favorability 47.8%. #TVK,TVK,0.367,0.336,0.132
AC-112,Krishnarayapuram,Karur District,10.8521,77.9989,200679,OTH,0.284,0.29,0.207,-1204,28.4,29.0,20.7,10.1,-0.6,⚔️ Swing Battleground,Unfilled Cashew & MSME Subsidies,78,30,-48,The Hindu TN Bureau (Aug 2026),The Hindu TN Bureau (Aug 2026),https://www.thehindu.com/news/national/tamil-nadu/,ECI Form 20 actuals + The Hindu TN Bureau (Aug 2026) NLP analysis (Aug 2026),Krishnarayapuram தொகுதி மக்கள் கவனத்திற்கு! Unfilled Cashew & MSME Subsidies கோரிக்கை நிறைவேற்ற TVK உறுதியான வாக்குறுதி!,📸 Krishnarayapuram தொகுதி! Unfilled Cashew & MSME Subsidies மற்றும் இளைஞர் வேலைவாய்ப்பு TVK முன்னுரிமை! #TVK #Krishnarayapuram,Krishnarayapuram AC-112: Unfilled Cashew & MSME Subsidies is the #1 campaign priority. TVK current favorability 41.3%. #TVK,OTH,0.284,0.29,0.207
AC-113,Kulithalai,Karur District,10.9057,78.1948,234411,AIADMK,0.344,0.221,0.422,-18284,34.4,22.1,42.2,5.9,-7.8,🎯 AIADMK Belt Target,"Kuruvai Paddy Procurement MSP ₹3,200/q",85,52,-33,"TN Agri Budget Report (Aug 6, 2026)","TN Agri Budget Report (Aug 6, 2026)",https://www.newindianexpress.com/states/tamil-nadu,"ECI Form 20 actuals + TN Agri Budget Report (Aug 6, 2026) NLP analysis (Aug 2026)","Kulithalai தொகுதி மக்கள் கவனத்திற்கு! Kuruvai Paddy Procurement MSP ₹3,200/q கோரிக்கை நிறைவேற்ற TVK உறுதியான வாக்குறுதி!","📸 Kulithalai தொகுதி! Kuruvai Paddy Procurement MSP ₹3,200/q மற்றும் இளைஞர் வேலைவாய்ப்பு TVK முன்னுரிமை! #TVK #Kulithalai","Kulithalai AC-113: Kuruvai Paddy Procurement MSP ₹3,200/q is the #1 campaign priority. TVK current favorability 45.2%. #TVK",AIADMK,0.344,0.221,0.422
AC-114,Viralimalai,Pudukkottai District,10.338,78.8927,261857,AIADMK,0.36,0.18,0.46,-10736,36.0,18.0,46.0,5.9,-10.0,🎯 Target Recovery (>1.5K deficit),Youth Employment & 18% Unemployment Rate,81,35,-46,Puthiya Thalaimurai News (Aug 2026),Puthiya Thalaimurai News (Aug 2026),https://www.youtube.com/@puthiyathalaimuraitv/videos,ECI Form 20 actuals + Puthiya Thalaimurai News (Aug 2026) NLP analysis (Aug 2026),Viralimalai தொகுதி மக்கள் கவனத்திற்கு! Youth Employment & 18% Unemployment Rate கோரிக்கை நிறைவேற்ற TVK உறுதியான வாக்குறுதி!,📸 Viralimalai தொகுதி! Youth Employment & 18% Unemployment Rate மற்றும் இளைஞர் வேலைவாய்ப்பு TVK முன்னுரிமை! #TVK #Viralimalai,Viralimalai AC-114: Youth Employment & 18% Unemployment Rate is the #1 campaign priority. TVK current favorability 48.5%. #TVK,AIADMK,0.36,0.18,0.46
AC-115,Pudukkottai,Pudukkottai District,10.4302,78.9039,201699,DMK,0.252,0.437,0.173,-37314,25.2,43.7,17.3,11.5,-18.5,🎯 Target Recovery (>1.5K deficit),Monsoon Stormwater Drain Desilting,74,32,-42,Reddit r/TamilNadu Civic Thread,Reddit r/TamilNadu Civic Thread,https://www.reddit.com/r/TamilNadu/search/?q=drainage,ECI Form 20 actuals + Reddit r/TamilNadu Civic Thread NLP analysis (Aug 2026),Pudukkottai தொகுதி மக்கள் கவனத்திற்கு! Monsoon Stormwater Drain Desilting கோரிக்கை நிறைவேற்ற TVK உறுதியான வாக்குறுதி!,📸 Pudukkottai தொகுதி! Monsoon Stormwater Drain Desilting மற்றும் இளைஞர் வேலைவாய்ப்பு TVK முன்னுரிமை! #TVK #Pudukkottai,Pudukkottai AC-115: Monsoon Stormwater Drain Desilting is the #1 campaign priority. TVK current favorability 41.3%. #TVK,DMK,0.252,0.437,0.173
AC-116,Gandharvakottai,Pudukkottai District,10.451,78.8296,206192,DMK,0.309,0.358,0.163,-10103,30.9,35.8,16.3,5.5,-4.9,🎯 Target Recovery (>1.5K deficit),TANGEDCO MSME Power Tariff Increase,69,28,-41,Coimbatore Trade Chamber RTI,Coimbatore Trade Chamber RTI,https://www.thehindu.com/news/cities/Coimbatore/,ECI Form 20 actuals + Coimbatore Trade Chamber RTI NLP analysis (Aug 2026),Gandharvakottai தொகுதி மக்கள் கவனத்திற்கு! TANGEDCO MSME Power Tariff Increase கோரிக்கை நிறைவேற்ற TVK உறுதியான வாக்குறுதி!,📸 Gandharvakottai தொகுதி! TANGEDCO MSME Power Tariff Increase மற்றும் இளைஞர் வேலைவாய்ப்பு TVK முன்னுரிமை! #TVK #Gandharvakottai,Gandharvakottai AC-116: TANGEDCO MSME Power Tariff Increase is the #1 campaign priority. TVK current favorability 47.2%. #TVK,DMK,0.309,0.358,0.163
AC-117,Thirumayam,Pudukkottai District,10.4847,78.7544,226195,TVK,0.459,0.379,0.218,18095,45.9,37.9,21.8,8.4,8.0,🛡️ TVK Fortress (>8K),Annamalai Univ Pension Fund Allocation,74,25,-49,Sun News Tamil Stream (Aug 2026),Sun News Tamil Stream (Aug 2026),https://www.youtube.com/@sunnewstamil/videos,ECI Form 20 actuals + Sun News Tamil Stream (Aug 2026) NLP analysis (Aug 2026),Thirumayam தொகுதி மக்கள் கவனத்திற்கு! Annamalai Univ Pension Fund Allocation கோரிக்கை நிறைவேற்ற TVK உறுதியான வாக்குறுதி!,📸 Thirumayam தொகுதி! Annamalai Univ Pension Fund Allocation மற்றும் இளைஞர் வேலைவாய்ப்பு TVK முன்னுரிமை! #TVK #Thirumayam,Thirumayam AC-117: Annamalai Univ Pension Fund Allocation is the #1 campaign priority. TVK current favorability 57.0%. #TVK,TVK,0.459,0.379,0.218
AC-118,Alangudi,Pudukkottai District,10.4572,78.8662,203740,TVK,0.398,0.251,0.237,29949,39.8,25.1,23.7,4.8,14.7,🛡️ TVK Fortress (>8K),Cauvery Delta Water Channel Maintenance,80,48,-32,Thanthi TV Delta Bulletin,Thanthi TV Delta Bulletin,https://www.youtube.com/@thanthitv/videos,ECI Form 20 actuals + Thanthi TV Delta Bulletin NLP analysis (Aug 2026),Alangudi தொகுதி மக்கள் கவனத்திற்கு! Cauvery Delta Water Channel Maintenance கோரிக்கை நிறைவேற்ற TVK உறுதியான வாக்குறுதி!,📸 Alangudi தொகுதி! Cauvery Delta Water Channel Maintenance மற்றும் இளைஞர் வேலைவாய்ப்பு TVK முன்னுரிமை! #TVK #Alangudi,Alangudi AC-118: Cauvery Delta Water Channel Maintenance is the #1 campaign priority. TVK current favorability 51.4%. #TVK,TVK,0.398,0.251,0.237
AC-119,Aranthangi,Pudukkottai District,10.2903,78.7109,220032,TVK,0.39,0.327,0.2,13862,39.0,32.7,20.0,10.9,6.3,🛡️ TVK Fortress (>8K),AIIMS Madurai Construction Speedup,82,48,-34,New Indian Express South Bureau,New Indian Express South Bureau,https://www.newindianexpress.com/states/tamil-nadu,ECI Form 20 actuals + New Indian Express South Bureau NLP analysis (Aug 2026),Aranthangi தொகுதி மக்கள் கவனத்திற்கு! AIIMS Madurai Construction Speedup கோரிக்கை நிறைவேற்ற TVK உறுதியான வாக்குறுதி!,📸 Aranthangi தொகுதி! AIIMS Madurai Construction Speedup மற்றும் இளைஞர் வேலைவாய்ப்பு TVK முன்னுரிமை! #TVK #Aranthangi,Aranthangi AC-119: AIIMS Madurai Construction Speedup is the #1 campaign priority. TVK current favorability 44.5%. #TVK,TVK,0.39,0.327,0.2
AC-120,Dindigul,Dindigul District,10.386,77.962,238372,AIADMK,0.414,0.215,0.452,-9058,41.4,21.5,45.2,8.8,-3.8,🎯 AIADMK Belt Target,Unfilled Cashew & MSME Subsidies,78,30,-48,The Hindu TN Bureau (Aug 2026),The Hindu TN Bureau (Aug 2026),https://www.thehindu.com/news/national/tamil-nadu/,ECI Form 20 actuals + The Hindu TN Bureau (Aug 2026) NLP analysis (Aug 2026),Dindigul தொகுதி மக்கள் கவனத்திற்கு! Unfilled Cashew & MSME Subsidies கோரிக்கை நிறைவேற்ற TVK உறுதியான வாக்குறுதி!,📸 Dindigul தொகுதி! Unfilled Cashew & MSME Subsidies மற்றும் இளைஞர் வேலைவாய்ப்பு TVK முன்னுரிமை! #TVK #Dindigul,Dindigul AC-120: Unfilled Cashew & MSME Subsidies is the #1 campaign priority. TVK current favorability 52.7%. #TVK,AIADMK,0.414,0.215,0.452
AC-121,Athoor,Dindigul District,10.4527,77.9586,161744,AIADMK,0.28,0.18,0.394,-18438,28.0,18.0,39.4,8.0,-11.4,🎯 AIADMK Belt Target,"Kuruvai Paddy Procurement MSP ₹3,200/q",85,52,-33,"TN Agri Budget Report (Aug 6, 2026)","TN Agri Budget Report (Aug 6, 2026)",https://www.newindianexpress.com/states/tamil-nadu,"ECI Form 20 actuals + TN Agri Budget Report (Aug 6, 2026) NLP analysis (Aug 2026)","Athoor தொகுதி மக்கள் கவனத்திற்கு! Kuruvai Paddy Procurement MSP ₹3,200/q கோரிக்கை நிறைவேற்ற TVK உறுதியான வாக்குறுதி!","📸 Athoor தொகுதி! Kuruvai Paddy Procurement MSP ₹3,200/q மற்றும் இளைஞர் வேலைவாய்ப்பு TVK முன்னுரிமை! #TVK #Athoor","Athoor AC-121: Kuruvai Paddy Procurement MSP ₹3,200/q is the #1 campaign priority. TVK current favorability 41.0%. #TVK",AIADMK,0.28,0.18,0.394
AC-122,Nilakottai,Dindigul District,10.3499,77.9968,182625,DMK,0.381,0.39,0.278,-1643,38.1,39.0,27.8,7.4,-0.9,🎯 Target Recovery (>1.5K deficit),Youth Employment & 18% Unemployment Rate,81,35,-46,Puthiya Thalaimurai News (Aug 2026),Puthiya Thalaimurai News (Aug 2026),https://www.youtube.com/@puthiyathalaimuraitv/videos,ECI Form 20 actuals + Puthiya Thalaimurai News (Aug 2026) NLP analysis (Aug 2026),Nilakottai தொகுதி மக்கள் கவனத்திற்கு! Youth Employment & 18% Unemployment Rate கோரிக்கை நிறைவேற்ற TVK உறுதியான வாக்குறுதி!,📸 Nilakottai தொகுதி! Youth Employment & 18% Unemployment Rate மற்றும் இளைஞர் வேலைவாய்ப்பு TVK முன்னுரிமை! #TVK #Nilakottai,Nilakottai AC-122: Youth Employment & 18% Unemployment Rate is the #1 campaign priority. TVK current favorability 57.9%. #TVK,DMK,0.381,0.39,0.278
AC-123,Natham,Dindigul District,10.334,77.9317,166291,DMK,0.387,0.432,0.2,-7483,38.7,43.2,20.0,4.4,-4.5,🎯 Target Recovery (>1.5K deficit),Monsoon Stormwater Drain Desilting,74,32,-42,Reddit r/TamilNadu Civic Thread,Reddit r/TamilNadu Civic Thread,https://www.reddit.com/r/TamilNadu/search/?q=drainage,ECI Form 20 actuals + Reddit r/TamilNadu Civic Thread NLP analysis (Aug 2026),Natham தொகுதி மக்கள் கவனத்திற்கு! Monsoon Stormwater Drain Desilting கோரிக்கை நிறைவேற்ற TVK உறுதியான வாக்குறுதி!,📸 Natham தொகுதி! Monsoon Stormwater Drain Desilting மற்றும் இளைஞர் வேலைவாய்ப்பு TVK முன்னுரிமை! #TVK #Natham,Natham AC-123: Monsoon Stormwater Drain Desilting is the #1 campaign priority. TVK current favorability 55.2%. #TVK,DMK,0.387,0.432,0.2
AC-124,Vedasandur,Dindigul District,10.2402,77.9796,178615,TVK,0.378,0.31,0.176,12145,37.8,31.0,17.6,6.4,6.8,🛡️ TVK Fortress (>8K),TANGEDCO MSME Power Tariff Increase,69,28,-41,Coimbatore Trade Chamber RTI,Coimbatore Trade Chamber RTI,https://www.thehindu.com/news/cities/Coimbatore/,ECI Form 20 actuals + Coimbatore Trade Chamber RTI NLP analysis (Aug 2026),Vedasandur தொகுதி மக்கள் கவனத்திற்கு! TANGEDCO MSME Power Tariff Increase கோரிக்கை நிறைவேற்ற TVK உறுதியான வாக்குறுதி!,📸 Vedasandur தொகுதி! TANGEDCO MSME Power Tariff Increase மற்றும் இளைஞர் வேலைவாய்ப்பு TVK முன்னுரிமை! #TVK #Vedasandur,Vedasandur AC-124: TANGEDCO MSME Power Tariff Increase is the #1 campaign priority. TVK current favorability 46.9%. #TVK,TVK,0.378,0.31,0.176
AC-125,Palani,Dindigul District,10.4702,77.8861,178314,DMK,0.291,0.398,0.244,-19079,29.1,39.8,24.4,6.6,-10.7,🎯 Target Recovery (>1.5K deficit),Annamalai Univ Pension Fund Allocation,74,25,-49,Sun News Tamil Stream (Aug 2026),Sun News Tamil Stream (Aug 2026),https://www.youtube.com/@sunnewstamil/videos,ECI Form 20 actuals + Sun News Tamil Stream (Aug 2026) NLP analysis (Aug 2026),Palani தொகுதி மக்கள் கவனத்திற்கு! Annamalai Univ Pension Fund Allocation கோரிக்கை நிறைவேற்ற TVK உறுதியான வாக்குறுதி!,📸 Palani தொகுதி! Annamalai Univ Pension Fund Allocation மற்றும் இளைஞர் வேலைவாய்ப்பு TVK முன்னுரிமை! #TVK #Palani,Palani AC-125: Annamalai Univ Pension Fund Allocation is the #1 campaign priority. TVK current favorability 44.2%. #TVK,DMK,0.291,0.398,0.244
AC-126,Oddanchatram,Dindigul District,10.2715,78.0186,220843,TVK,0.434,0.378,0.207,12367,43.4,37.8,20.7,11.4,5.6,🛡️ TVK Fortress (>8K),Cauvery Delta Water Channel Maintenance,80,48,-32,Thanthi TV Delta Bulletin,Thanthi TV Delta Bulletin,https://www.youtube.com/@thanthitv/videos,ECI Form 20 actuals + Thanthi TV Delta Bulletin NLP analysis (Aug 2026),Oddanchatram தொகுதி மக்கள் கவனத்திற்கு! Cauvery Delta Water Channel Maintenance கோரிக்கை நிறைவேற்ற TVK உறுதியான வாக்குறுதி!,📸 Oddanchatram தொகுதி! Cauvery Delta Water Channel Maintenance மற்றும் இளைஞர் வேலைவாய்ப்பு TVK முன்னுரிமை! #TVK #Oddanchatram,Oddanchatram AC-126: Cauvery Delta Water Channel Maintenance is the #1 campaign priority. TVK current favorability 49.1%. #TVK,TVK,0.434,0.378,0.207
AC-127,Bodinayakanur,Teni District,10.0629,77.3536,194712,TVK,0.468,0.456,0.212,2336,46.8,45.6,21.2,10.2,1.2,⚠️ Fragile Hold (<3K),AIIMS Madurai Construction Speedup,82,48,-34,New Indian Express South Bureau,New Indian Express South Bureau,https://www.newindianexpress.com/states/tamil-nadu,ECI Form 20 actuals + New Indian Express South Bureau NLP analysis (Aug 2026),Bodinayakanur தொகுதி மக்கள் கவனத்திற்கு! AIIMS Madurai Construction Speedup கோரிக்கை நிறைவேற்ற TVK உறுதியான வாக்குறுதி!,📸 Bodinayakanur தொகுதி! AIIMS Madurai Construction Speedup மற்றும் இளைஞர் வேலைவாய்ப்பு TVK முன்னுரிமை! #TVK #Bodinayakanur,Bodinayakanur AC-127: AIIMS Madurai Construction Speedup is the #1 campaign priority. TVK current favorability 58.6%. #TVK,TVK,0.468,0.456,0.212
AC-128,Cumbum,Teni District,9.8955,77.4101,174482,DMK,0.419,0.427,0.177,-1395,41.9,42.7,17.7,7.6,-0.8,🔥 High-ROI Flip (<1.5K deficit),Unfilled Cashew & MSME Subsidies,78,30,-48,The Hindu TN Bureau (Aug 2026),The Hindu TN Bureau (Aug 2026),https://www.thehindu.com/news/national/tamil-nadu/,ECI Form 20 actuals + The Hindu TN Bureau (Aug 2026) NLP analysis (Aug 2026),Cumbum தொகுதி மக்கள் கவனத்திற்கு! Unfilled Cashew & MSME Subsidies கோரிக்கை நிறைவேற்ற TVK உறுதியான வாக்குறுதி!,📸 Cumbum தொகுதி! Unfilled Cashew & MSME Subsidies மற்றும் இளைஞர் வேலைவாய்ப்பு TVK முன்னுரிமை! #TVK #Cumbum,Cumbum AC-128: Unfilled Cashew & MSME Subsidies is the #1 campaign priority. TVK current favorability 59.4%. #TVK,DMK,0.419,0.427,0.177
AC-129,Periyakulam,Teni District,10.0048,77.4434,219525,DMK,0.424,0.458,0.256,-7463,42.4,45.8,25.6,8.4,-3.4,🎯 Target Recovery (>1.5K deficit),"Kuruvai Paddy Procurement MSP ₹3,200/q",85,52,-33,"TN Agri Budget Report (Aug 6, 2026)","TN Agri Budget Report (Aug 6, 2026)",https://www.newindianexpress.com/states/tamil-nadu,"ECI Form 20 actuals + TN Agri Budget Report (Aug 6, 2026) NLP analysis (Aug 2026)","Periyakulam தொகுதி மக்கள் கவனத்திற்கு! Kuruvai Paddy Procurement MSP ₹3,200/q கோரிக்கை நிறைவேற்ற TVK உறுதியான வாக்குறுதி!","📸 Periyakulam தொகுதி! Kuruvai Paddy Procurement MSP ₹3,200/q மற்றும் இளைஞர் வேலைவாய்ப்பு TVK முன்னுரிமை! #TVK #Periyakulam","Periyakulam AC-129: Kuruvai Paddy Procurement MSP ₹3,200/q is the #1 campaign priority. TVK current favorability 54.9%. #TVK",DMK,0.424,0.458,0.256
AC-130,Andipatti,Teni District,10.004,77.5245,203175,DMK,0.336,0.341,0.215,-1015,33.6,34.1,21.5,5.7,-0.5,🔥 High-ROI Flip (<1.5K deficit),Youth Employment & 18% Unemployment Rate,81,35,-46,Puthiya Thalaimurai News (Aug 2026),Puthiya Thalaimurai News (Aug 2026),https://www.youtube.com/@puthiyathalaimuraitv/videos,ECI Form 20 actuals + Puthiya Thalaimurai News (Aug 2026) NLP analysis (Aug 2026),Andipatti தொகுதி மக்கள் கவனத்திற்கு! Youth Employment & 18% Unemployment Rate கோரிக்கை நிறைவேற்ற TVK உறுதியான வாக்குறுதி!,📸 Andipatti தொகுதி! Youth Employment & 18% Unemployment Rate மற்றும் இளைஞர் வேலைவாய்ப்பு TVK முன்னுரிமை! #TVK #Andipatti,Andipatti AC-130: Youth Employment & 18% Unemployment Rate is the #1 campaign priority. TVK current favorability 47.9%. #TVK,DMK,0.336,0.341,0.215
AC-131,Madurai Central,Madurai District,10.0049,78.1487,172283,TVK,0.445,0.234,0.229,36351,44.5,23.4,22.9,9.8,21.1,🛡️ TVK Fortress (>8K),Monsoon Stormwater Drain Desilting,74,32,-42,Reddit r/TamilNadu Civic Thread,Reddit r/TamilNadu Civic Thread,https://www.reddit.com/r/TamilNadu/search/?q=drainage,ECI Form 20 actuals + Reddit r/TamilNadu Civic Thread NLP analysis (Aug 2026),Madurai Central தொகுதி மக்கள் கவனத்திற்கு! Monsoon Stormwater Drain Desilting கோரிக்கை நிறைவேற்ற TVK உறுதியான வாக்குறுதி!,📸 Madurai Central தொகுதி! Monsoon Stormwater Drain Desilting மற்றும் இளைஞர் வேலைவாய்ப்பு TVK முன்னுரிமை! #TVK #MaduraiCentral,Madurai Central AC-131: Monsoon Stormwater Drain Desilting is the #1 campaign priority. TVK current favorability 54.0%. #TVK,TVK,0.445,0.234,0.229
AC-132,Madurai East,Madurai District,9.9432,78.1822,222733,TVK,0.515,0.309,0.239,45882,51.5,30.9,23.9,8.9,20.6,🛡️ TVK Fortress (>8K),TANGEDCO MSME Power Tariff Increase,69,28,-41,Coimbatore Trade Chamber RTI,Coimbatore Trade Chamber RTI,https://www.thehindu.com/news/cities/Coimbatore/,ECI Form 20 actuals + Coimbatore Trade Chamber RTI NLP analysis (Aug 2026),Madurai East தொகுதி மக்கள் கவனத்திற்கு! TANGEDCO MSME Power Tariff Increase கோரிக்கை நிறைவேற்ற TVK உறுதியான வாக்குறுதி!,📸 Madurai East தொகுதி! TANGEDCO MSME Power Tariff Increase மற்றும் இளைஞர் வேலைவாய்ப்பு TVK முன்னுரிமை! #TVK #MaduraiEast,Madurai East AC-132: TANGEDCO MSME Power Tariff Increase is the #1 campaign priority. TVK current favorability 59.3%. #TVK,TVK,0.515,0.309,0.239
AC-133,Madurai West,Madurai District,10.0126,78.0143,250193,AIADMK,0.262,0.269,0.38,-29522,26.2,26.9,38.0,7.6,-11.8,🎯 AIADMK Belt Target,Annamalai Univ Pension Fund Allocation,74,25,-49,Sun News Tamil Stream (Aug 2026),Sun News Tamil Stream (Aug 2026),https://www.youtube.com/@sunnewstamil/videos,ECI Form 20 actuals + Sun News Tamil Stream (Aug 2026) NLP analysis (Aug 2026),Madurai West தொகுதி மக்கள் கவனத்திற்கு! Annamalai Univ Pension Fund Allocation கோரிக்கை நிறைவேற்ற TVK உறுதியான வாக்குறுதி!,📸 Madurai West தொகுதி! Annamalai Univ Pension Fund Allocation மற்றும் இளைஞர் வேலைவாய்ப்பு TVK முன்னுரிமை! #TVK #MaduraiWest,Madurai West AC-133: Annamalai Univ Pension Fund Allocation is the #1 campaign priority. TVK current favorability 36.1%. #TVK,AIADMK,0.262,0.269,0.38
AC-134,Madurai North,Madurai District,9.8166,78.0955,210513,TVK,0.461,0.365,0.228,20209,46.1,36.5,22.8,7.9,9.6,🛡️ TVK Fortress (>8K),Cauvery Delta Water Channel Maintenance,80,48,-32,Thanthi TV Delta Bulletin,Thanthi TV Delta Bulletin,https://www.youtube.com/@thanthitv/videos,ECI Form 20 actuals + Thanthi TV Delta Bulletin NLP analysis (Aug 2026),Madurai North தொகுதி மக்கள் கவனத்திற்கு! Cauvery Delta Water Channel Maintenance கோரிக்கை நிறைவேற்ற TVK உறுதியான வாக்குறுதி!,📸 Madurai North தொகுதி! Cauvery Delta Water Channel Maintenance மற்றும் இளைஞர் வேலைவாய்ப்பு TVK முன்னுரிமை! #TVK #MaduraiNorth,Madurai North AC-134: Cauvery Delta Water Channel Maintenance is the #1 campaign priority. TVK current favorability 54.2%. #TVK,TVK,0.461,0.365,0.228
AC-135,Madurai South,Madurai District,9.9099,78.0569,195882,AIADMK,0.408,0.249,0.43,-4309,40.8,24.9,43.0,7.9,-2.2,🎯 AIADMK Belt Target,AIIMS Madurai Construction Speedup,82,48,-34,New Indian Express South Bureau,New Indian Express South Bureau,https://www.newindianexpress.com/states/tamil-nadu,ECI Form 20 actuals + New Indian Express South Bureau NLP analysis (Aug 2026),Madurai South தொகுதி மக்கள் கவனத்திற்கு! AIIMS Madurai Construction Speedup கோரிக்கை நிறைவேற்ற TVK உறுதியான வாக்குறுதி!,📸 Madurai South தொகுதி! AIIMS Madurai Construction Speedup மற்றும் இளைஞர் வேலைவாய்ப்பு TVK முன்னுரிமை! #TVK #MaduraiSouth,Madurai South AC-135: AIIMS Madurai Construction Speedup is the #1 campaign priority. TVK current favorability 52.3%. #TVK,AIADMK,0.408,0.249,0.43
AC-136,Thiruparankundram,Madurai District,9.8046,78.228,181233,DMK,0.323,0.396,0.228,-13230,32.3,39.6,22.8,11.9,-7.3,🎯 Target Recovery (>1.5K deficit),Unfilled Cashew & MSME Subsidies,78,30,-48,The Hindu TN Bureau (Aug 2026),The Hindu TN Bureau (Aug 2026),https://www.thehindu.com/news/national/tamil-nadu/,ECI Form 20 actuals + The Hindu TN Bureau (Aug 2026) NLP analysis (Aug 2026),Thiruparankundram தொகுதி மக்கள் கவனத்திற்கு! Unfilled Cashew & MSME Subsidies கோரிக்கை நிறைவேற்ற TVK உறுதியான வாக்குறுதி!,📸 Thiruparankundram தொகுதி! Unfilled Cashew & MSME Subsidies மற்றும் இளைஞர் வேலைவாய்ப்பு TVK முன்னுரிமை! #TVK #Thiruparankundram,Thiruparankundram AC-136: Unfilled Cashew & MSME Subsidies is the #1 campaign priority. TVK current favorability 48.1%. #TVK,DMK,0.323,0.396,0.228
AC-137,Tirumangalam,Madurai District,9.8565,78.2126,184016,OTH,0.253,0.296,0.228,-7912,25.3,29.6,22.8,4.6,-4.3,⚔️ Swing Battleground,"Kuruvai Paddy Procurement MSP ₹3,200/q",85,52,-33,"TN Agri Budget Report (Aug 6, 2026)","TN Agri Budget Report (Aug 6, 2026)",https://www.newindianexpress.com/states/tamil-nadu,"ECI Form 20 actuals + TN Agri Budget Report (Aug 6, 2026) NLP analysis (Aug 2026)","Tirumangalam தொகுதி மக்கள் கவனத்திற்கு! Kuruvai Paddy Procurement MSP ₹3,200/q கோரிக்கை நிறைவேற்ற TVK உறுதியான வாக்குறுதி!","📸 Tirumangalam தொகுதி! Kuruvai Paddy Procurement MSP ₹3,200/q மற்றும் இளைஞர் வேலைவாய்ப்பு TVK முன்னுரிமை! #TVK #Tirumangalam","Tirumangalam AC-137: Kuruvai Paddy Procurement MSP ₹3,200/q is the #1 campaign priority. TVK current favorability 33.3%. #TVK",OTH,0.253,0.296,0.228
AC-138,Usilampatti,Madurai District,9.9195,78.1042,181955,TVK,0.449,0.286,0.223,29658,44.9,28.6,22.3,10.8,16.3,🛡️ TVK Fortress (>8K),Youth Employment & 18% Unemployment Rate,81,35,-46,Puthiya Thalaimurai News (Aug 2026),Puthiya Thalaimurai News (Aug 2026),https://www.youtube.com/@puthiyathalaimuraitv/videos,ECI Form 20 actuals + Puthiya Thalaimurai News (Aug 2026) NLP analysis (Aug 2026),Usilampatti தொகுதி மக்கள் கவனத்திற்கு! Youth Employment & 18% Unemployment Rate கோரிக்கை நிறைவேற்ற TVK உறுதியான வாக்குறுதி!,📸 Usilampatti தொகுதி! Youth Employment & 18% Unemployment Rate மற்றும் இளைஞர் வேலைவாய்ப்பு TVK முன்னுரிமை! #TVK #Usilampatti,Usilampatti AC-138: Youth Employment & 18% Unemployment Rate is the #1 campaign priority. TVK current favorability 53.2%. #TVK,TVK,0.449,0.286,0.223
AC-139,Melur,Madurai District,9.8178,78.1016,209213,AIADMK,0.287,0.213,0.419,-27616,28.7,21.3,41.9,5.1,-13.2,🎯 AIADMK Belt Target,Monsoon Stormwater Drain Desilting,74,32,-42,Reddit r/TamilNadu Civic Thread,Reddit r/TamilNadu Civic Thread,https://www.reddit.com/r/TamilNadu/search/?q=drainage,ECI Form 20 actuals + Reddit r/TamilNadu Civic Thread NLP analysis (Aug 2026),Melur தொகுதி மக்கள் கவனத்திற்கு! Monsoon Stormwater Drain Desilting கோரிக்கை நிறைவேற்ற TVK உறுதியான வாக்குறுதி!,📸 Melur தொகுதி! Monsoon Stormwater Drain Desilting மற்றும் இளைஞர் வேலைவாய்ப்பு TVK முன்னுரிமை! #TVK #Melur,Melur AC-139: Monsoon Stormwater Drain Desilting is the #1 campaign priority. TVK current favorability 44.4%. #TVK,AIADMK,0.287,0.213,0.419
AC-140,Sholavandan,Madurai District,9.9701,78.1191,144007,TVK,0.477,0.272,0.131,29521,47.7,27.2,13.1,7.6,20.5,🛡️ TVK Fortress (>8K),TANGEDCO MSME Power Tariff Increase,69,28,-41,Coimbatore Trade Chamber RTI,Coimbatore Trade Chamber RTI,https://www.thehindu.com/news/cities/Coimbatore/,ECI Form 20 actuals + Coimbatore Trade Chamber RTI NLP analysis (Aug 2026),Sholavandan தொகுதி மக்கள் கவனத்திற்கு! TANGEDCO MSME Power Tariff Increase கோரிக்கை நிறைவேற்ற TVK உறுதியான வாக்குறுதி!,📸 Sholavandan தொகுதி! TANGEDCO MSME Power Tariff Increase மற்றும் இளைஞர் வேலைவாய்ப்பு TVK முன்னுரிமை! #TVK #Sholavandan,Sholavandan AC-140: TANGEDCO MSME Power Tariff Increase is the #1 campaign priority. TVK current favorability 53.6%. #TVK,TVK,0.477,0.272,0.131
AC-141,Sivaganga,Sivaganga District,9.9525,78.4332,176172,TVK,0.429,0.323,0.186,18674,42.9,32.3,18.6,6.1,10.6,🛡️ TVK Fortress (>8K),Annamalai Univ Pension Fund Allocation,74,25,-49,Sun News Tamil Stream (Aug 2026),Sun News Tamil Stream (Aug 2026),https://www.youtube.com/@sunnewstamil/videos,ECI Form 20 actuals + Sun News Tamil Stream (Aug 2026) NLP analysis (Aug 2026),Sivaganga தொகுதி மக்கள் கவனத்திற்கு! Annamalai Univ Pension Fund Allocation கோரிக்கை நிறைவேற்ற TVK உறுதியான வாக்குறுதி!,📸 Sivaganga தொகுதி! Annamalai Univ Pension Fund Allocation மற்றும் இளைஞர் வேலைவாய்ப்பு TVK முன்னுரிமை! #TVK #Sivaganga,Sivaganga AC-141: Annamalai Univ Pension Fund Allocation is the #1 campaign priority. TVK current favorability 53.0%. #TVK,TVK,0.429,0.323,0.186
AC-142,Karaikudi,Sivaganga District,9.7706,78.4592,206294,TVK,0.507,0.386,0.233,24961,50.7,38.6,23.3,9.2,12.1,🛡️ TVK Fortress (>8K),Cauvery Delta Water Channel Maintenance,80,48,-32,Thanthi TV Delta Bulletin,Thanthi TV Delta Bulletin,https://www.youtube.com/@thanthitv/videos,ECI Form 20 actuals + Thanthi TV Delta Bulletin NLP analysis (Aug 2026),Karaikudi தொகுதி மக்கள் கவனத்திற்கு! Cauvery Delta Water Channel Maintenance கோரிக்கை நிறைவேற்ற TVK உறுதியான வாக்குறுதி!,📸 Karaikudi தொகுதி! Cauvery Delta Water Channel Maintenance மற்றும் இளைஞர் வேலைவாய்ப்பு TVK முன்னுரிமை! #TVK #Karaikudi,Karaikudi AC-142: Cauvery Delta Water Channel Maintenance is the #1 campaign priority. TVK current favorability 57.5%. #TVK,TVK,0.507,0.386,0.233
AC-143,Tiruppattur,Sivaganga District,9.7217,78.5882,213854,DMK,0.419,0.438,0.216,-4063,41.9,43.8,21.6,4.0,-1.9,🎯 Target Recovery (>1.5K deficit),AIIMS Madurai Construction Speedup,82,48,-34,New Indian Express South Bureau,New Indian Express South Bureau,https://www.newindianexpress.com/states/tamil-nadu,ECI Form 20 actuals + New Indian Express South Bureau NLP analysis (Aug 2026),Tiruppattur தொகுதி மக்கள் கவனத்திற்கு! AIIMS Madurai Construction Speedup கோரிக்கை நிறைவேற்ற TVK உறுதியான வாக்குறுதி!,📸 Tiruppattur தொகுதி! AIIMS Madurai Construction Speedup மற்றும் இளைஞர் வேலைவாய்ப்பு TVK முன்னுரிமை! #TVK #Tiruppattur,Tiruppattur AC-143: AIIMS Madurai Construction Speedup is the #1 campaign priority. TVK current favorability 59.8%. #TVK,DMK,0.419,0.438,0.216
AC-144,Manamadurai,Sivaganga District,9.7256,78.4258,197338,TVK,0.353,0.34,0.186,2565,35.3,34.0,18.6,5.6,1.3,⚠️ Fragile Hold (<3K),Unfilled Cashew & MSME Subsidies,78,30,-48,The Hindu TN Bureau (Aug 2026),The Hindu TN Bureau (Aug 2026),https://www.thehindu.com/news/national/tamil-nadu/,ECI Form 20 actuals + The Hindu TN Bureau (Aug 2026) NLP analysis (Aug 2026),Manamadurai தொகுதி மக்கள் கவனத்திற்கு! Unfilled Cashew & MSME Subsidies கோரிக்கை நிறைவேற்ற TVK உறுதியான வாக்குறுதி!,📸 Manamadurai தொகுதி! Unfilled Cashew & MSME Subsidies மற்றும் இளைஞர் வேலைவாய்ப்பு TVK முன்னுரிமை! #TVK #Manamadurai,Manamadurai AC-144: Unfilled Cashew & MSME Subsidies is the #1 campaign priority. TVK current favorability 43.9%. #TVK,TVK,0.353,0.34,0.186
AC-145,Ramanathapuram,Ramanathapuram District,9.4149,78.8263,154877,TVK,0.496,0.33,0.137,25709,49.6,33.0,13.7,5.8,16.6,🛡️ TVK Fortress (>8K),"Kuruvai Paddy Procurement MSP ₹3,200/q",85,52,-33,"TN Agri Budget Report (Aug 6, 2026)","TN Agri Budget Report (Aug 6, 2026)",https://www.newindianexpress.com/states/tamil-nadu,"ECI Form 20 actuals + TN Agri Budget Report (Aug 6, 2026) NLP analysis (Aug 2026)","Ramanathapuram தொகுதி மக்கள் கவனத்திற்கு! Kuruvai Paddy Procurement MSP ₹3,200/q கோரிக்கை நிறைவேற்ற TVK உறுதியான வாக்குறுதி!","📸 Ramanathapuram தொகுதி! Kuruvai Paddy Procurement MSP ₹3,200/q மற்றும் இளைஞர் வேலைவாய்ப்பு TVK முன்னுரிமை! #TVK #Ramanathapuram","Ramanathapuram AC-145: Kuruvai Paddy Procurement MSP ₹3,200/q is the #1 campaign priority. TVK current favorability 55.8%. #TVK",TVK,0.496,0.33,0.137
AC-146,Paramakudi,Ramanathapuram District,9.2667,78.7741,194321,TVK,0.42,0.282,0.122,26816,42.0,28.2,12.2,4.8,13.8,🛡️ TVK Fortress (>8K),Youth Employment & 18% Unemployment Rate,81,35,-46,Puthiya Thalaimurai News (Aug 2026),Puthiya Thalaimurai News (Aug 2026),https://www.youtube.com/@puthiyathalaimuraitv/videos,ECI Form 20 actuals + Puthiya Thalaimurai News (Aug 2026) NLP analysis (Aug 2026),Paramakudi தொகுதி மக்கள் கவனத்திற்கு! Youth Employment & 18% Unemployment Rate கோரிக்கை நிறைவேற்ற TVK உறுதியான வாக்குறுதி!,📸 Paramakudi தொகுதி! Youth Employment & 18% Unemployment Rate மற்றும் இளைஞர் வேலைவாய்ப்பு TVK முன்னுரிமை! #TVK #Paramakudi,Paramakudi AC-146: Youth Employment & 18% Unemployment Rate is the #1 campaign priority. TVK current favorability 52.1%. #TVK,TVK,0.42,0.282,0.122
AC-147,Tiruvadanai,Ramanathapuram District,9.3079,78.8291,232805,DMK,0.251,0.393,0.26,-33058,25.1,39.3,26.0,5.8,-14.2,🎯 Target Recovery (>1.5K deficit),Monsoon Stormwater Drain Desilting,74,32,-42,Reddit r/TamilNadu Civic Thread,Reddit r/TamilNadu Civic Thread,https://www.reddit.com/r/TamilNadu/search/?q=drainage,ECI Form 20 actuals + Reddit r/TamilNadu Civic Thread NLP analysis (Aug 2026),Tiruvadanai தொகுதி மக்கள் கவனத்திற்கு! Monsoon Stormwater Drain Desilting கோரிக்கை நிறைவேற்ற TVK உறுதியான வாக்குறுதி!,📸 Tiruvadanai தொகுதி! Monsoon Stormwater Drain Desilting மற்றும் இளைஞர் வேலைவாய்ப்பு TVK முன்னுரிமை! #TVK #Tiruvadanai,Tiruvadanai AC-147: Monsoon Stormwater Drain Desilting is the #1 campaign priority. TVK current favorability 40.3%. #TVK,DMK,0.251,0.393,0.26
AC-148,Mudukulathur,Ramanathapuram District,9.3983,78.8613,203186,TVK,0.501,0.343,0.192,32103,50.1,34.3,19.2,4.2,15.8,🛡️ TVK Fortress (>8K),TANGEDCO MSME Power Tariff Increase,69,28,-41,Coimbatore Trade Chamber RTI,Coimbatore Trade Chamber RTI,https://www.thehindu.com/news/cities/Coimbatore/,ECI Form 20 actuals + Coimbatore Trade Chamber RTI NLP analysis (Aug 2026),Mudukulathur தொகுதி மக்கள் கவனத்திற்கு! TANGEDCO MSME Power Tariff Increase கோரிக்கை நிறைவேற்ற TVK உறுதியான வாக்குறுதி!,📸 Mudukulathur தொகுதி! TANGEDCO MSME Power Tariff Increase மற்றும் இளைஞர் வேலைவாய்ப்பு TVK முன்னுரிமை! #TVK #Mudukulathur,Mudukulathur AC-148: TANGEDCO MSME Power Tariff Increase is the #1 campaign priority. TVK current favorability 56.3%. #TVK,TVK,0.501,0.343,0.192
AC-149,Virudhunagar,Virudhunagar District,9.6065,78.0353,240901,AIADMK,0.269,0.214,0.408,-33485,26.9,21.4,40.8,5.0,-13.9,🎯 AIADMK Belt Target,Annamalai Univ Pension Fund Allocation,74,25,-49,Sun News Tamil Stream (Aug 2026),Sun News Tamil Stream (Aug 2026),https://www.youtube.com/@sunnewstamil/videos,ECI Form 20 actuals + Sun News Tamil Stream (Aug 2026) NLP analysis (Aug 2026),Virudhunagar தொகுதி மக்கள் கவனத்திற்கு! Annamalai Univ Pension Fund Allocation கோரிக்கை நிறைவேற்ற TVK உறுதியான வாக்குறுதி!,📸 Virudhunagar தொகுதி! Annamalai Univ Pension Fund Allocation மற்றும் இளைஞர் வேலைவாய்ப்பு TVK முன்னுரிமை! #TVK #Virudhunagar,Virudhunagar AC-149: Annamalai Univ Pension Fund Allocation is the #1 campaign priority. TVK current favorability 40.8%. #TVK,AIADMK,0.269,0.214,0.408
AC-150,Sivakasi,Virudhunagar District,9.6041,77.961,184765,OTH,0.24,0.213,0.155,4988,24.0,21.3,15.5,11.5,0.0,⚔️ Swing Battleground,Cauvery Delta Water Channel Maintenance,80,48,-32,Thanthi TV Delta Bulletin,Thanthi TV Delta Bulletin,https://www.youtube.com/@thanthitv/videos,ECI Form 20 actuals + Thanthi TV Delta Bulletin NLP analysis (Aug 2026),Sivakasi தொகுதி மக்கள் கவனத்திற்கு! Cauvery Delta Water Channel Maintenance கோரிக்கை நிறைவேற்ற TVK உறுதியான வாக்குறுதி!,📸 Sivakasi தொகுதி! Cauvery Delta Water Channel Maintenance மற்றும் இளைஞர் வேலைவாய்ப்பு TVK முன்னுரிமை! #TVK #Sivakasi,Sivakasi AC-150: Cauvery Delta Water Channel Maintenance is the #1 campaign priority. TVK current favorability 32.6%. #TVK,OTH,0.24,0.213,0.155
AC-151,Sattur,Virudhunagar District,9.4851,77.9858,202854,TVK,0.48,0.399,0.12,16431,48.0,39.9,12.0,7.5,8.1,🛡️ TVK Fortress (>8K),AIIMS Madurai Construction Speedup,82,48,-34,New Indian Express South Bureau,New Indian Express South Bureau,https://www.newindianexpress.com/states/tamil-nadu,ECI Form 20 actuals + New Indian Express South Bureau NLP analysis (Aug 2026),Sattur தொகுதி மக்கள் கவனத்திற்கு! AIIMS Madurai Construction Speedup கோரிக்கை நிறைவேற்ற TVK உறுதியான வாக்குறுதி!,📸 Sattur தொகுதி! AIIMS Madurai Construction Speedup மற்றும் இளைஞர் வேலைவாய்ப்பு TVK முன்னுரிமை! #TVK #Sattur,Sattur AC-151: AIIMS Madurai Construction Speedup is the #1 campaign priority. TVK current favorability 56.6%. #TVK,TVK,0.48,0.399,0.12
AC-152,Aruppukottai,Virudhunagar District,9.5565,78.0411,194635,TVK,0.365,0.241,0.246,24134,36.5,24.1,24.6,11.4,11.9,🛡️ TVK Fortress (>8K),Unfilled Cashew & MSME Subsidies,78,30,-48,The Hindu TN Bureau (Aug 2026),The Hindu TN Bureau (Aug 2026),https://www.thehindu.com/news/national/tamil-nadu/,ECI Form 20 actuals + The Hindu TN Bureau (Aug 2026) NLP analysis (Aug 2026),Aruppukottai தொகுதி மக்கள் கவனத்திற்கு! Unfilled Cashew & MSME Subsidies கோரிக்கை நிறைவேற்ற TVK உறுதியான வாக்குறுதி!,📸 Aruppukottai தொகுதி! Unfilled Cashew & MSME Subsidies மற்றும் இளைஞர் வேலைவாய்ப்பு TVK முன்னுரிமை! #TVK #Aruppukottai,Aruppukottai AC-152: Unfilled Cashew & MSME Subsidies is the #1 campaign priority. TVK current favorability 47.8%. #TVK,TVK,0.365,0.241,0.246
AC-153,Tiruchuli,Virudhunagar District,9.6935,77.9097,167511,TVK,0.353,0.282,0.14,11893,35.3,28.2,14.0,5.7,7.1,🛡️ TVK Fortress (>8K),"Kuruvai Paddy Procurement MSP ₹3,200/q",85,52,-33,"TN Agri Budget Report (Aug 6, 2026)","TN Agri Budget Report (Aug 6, 2026)",https://www.newindianexpress.com/states/tamil-nadu,"ECI Form 20 actuals + TN Agri Budget Report (Aug 6, 2026) NLP analysis (Aug 2026)","Tiruchuli தொகுதி மக்கள் கவனத்திற்கு! Kuruvai Paddy Procurement MSP ₹3,200/q கோரிக்கை நிறைவேற்ற TVK உறுதியான வாக்குறுதி!","📸 Tiruchuli தொகுதி! Kuruvai Paddy Procurement MSP ₹3,200/q மற்றும் இளைஞர் வேலைவாய்ப்பு TVK முன்னுரிமை! #TVK #Tiruchuli","Tiruchuli AC-153: Kuruvai Paddy Procurement MSP ₹3,200/q is the #1 campaign priority. TVK current favorability 41.9%. #TVK",TVK,0.353,0.282,0.14
AC-154,Rajapalayam,Virudhunagar District,9.5785,77.8822,192116,TVK,0.52,0.346,0.222,33428,52.0,34.6,22.2,5.0,17.4,🛡️ TVK Fortress (>8K),Youth Employment & 18% Unemployment Rate,81,35,-46,Puthiya Thalaimurai News (Aug 2026),Puthiya Thalaimurai News (Aug 2026),https://www.youtube.com/@puthiyathalaimuraitv/videos,ECI Form 20 actuals + Puthiya Thalaimurai News (Aug 2026) NLP analysis (Aug 2026),Rajapalayam தொகுதி மக்கள் கவனத்திற்கு! Youth Employment & 18% Unemployment Rate கோரிக்கை நிறைவேற்ற TVK உறுதியான வாக்குறுதி!,📸 Rajapalayam தொகுதி! Youth Employment & 18% Unemployment Rate மற்றும் இளைஞர் வேலைவாய்ப்பு TVK முன்னுரிமை! #TVK #Rajapalayam,Rajapalayam AC-154: Youth Employment & 18% Unemployment Rate is the #1 campaign priority. TVK current favorability 63.9%. #TVK,TVK,0.52,0.346,0.222
AC-155,Srivilliputhur,Virudhunagar District,9.6659,78.0657,219650,TVK,0.5,0.418,0.227,18011,50.0,41.8,22.7,8.1,8.2,🛡️ TVK Fortress (>8K),Monsoon Stormwater Drain Desilting,74,32,-42,Reddit r/TamilNadu Civic Thread,Reddit r/TamilNadu Civic Thread,https://www.reddit.com/r/TamilNadu/search/?q=drainage,ECI Form 20 actuals + Reddit r/TamilNadu Civic Thread NLP analysis (Aug 2026),Srivilliputhur தொகுதி மக்கள் கவனத்திற்கு! Monsoon Stormwater Drain Desilting கோரிக்கை நிறைவேற்ற TVK உறுதியான வாக்குறுதி!,📸 Srivilliputhur தொகுதி! Monsoon Stormwater Drain Desilting மற்றும் இளைஞர் வேலைவாய்ப்பு TVK முன்னுரிமை! #TVK #Srivilliputhur,Srivilliputhur AC-155: Monsoon Stormwater Drain Desilting is the #1 campaign priority. TVK current favorability 56.8%. #TVK,TVK,0.5,0.418,0.227
AC-156,Ambasamudram,Tirunelveli District,8.5956,77.7418,202845,AIADMK,0.34,0.22,0.44,-9736,34.0,22.0,44.0,9.3,-10.0,🎯 AIADMK Belt Target,TANGEDCO MSME Power Tariff Increase,69,28,-41,Coimbatore Trade Chamber RTI,Coimbatore Trade Chamber RTI,https://www.thehindu.com/news/cities/Coimbatore/,ECI Form 20 actuals + Coimbatore Trade Chamber RTI NLP analysis (Aug 2026),Ambasamudram தொகுதி மக்கள் கவனத்திற்கு! TANGEDCO MSME Power Tariff Increase கோரிக்கை நிறைவேற்ற TVK உறுதியான வாக்குறுதி!,📸 Ambasamudram தொகுதி! TANGEDCO MSME Power Tariff Increase மற்றும் இளைஞர் வேலைவாய்ப்பு TVK முன்னுரிமை! #TVK #Ambasamudram,Ambasamudram AC-156: TANGEDCO MSME Power Tariff Increase is the #1 campaign priority. TVK current favorability 42.9%. #TVK,AIADMK,0.34,0.22,0.44
AC-157,Tirunelveli,Tirunelveli District,8.6094,77.8111,194136,TVK,0.385,0.334,0.208,9900,38.5,33.4,20.8,8.8,5.1,🛡️ TVK Fortress (>8K),Annamalai Univ Pension Fund Allocation,74,25,-49,Sun News Tamil Stream (Aug 2026),Sun News Tamil Stream (Aug 2026),https://www.youtube.com/@sunnewstamil/videos,ECI Form 20 actuals + Sun News Tamil Stream (Aug 2026) NLP analysis (Aug 2026),Tirunelveli தொகுதி மக்கள் கவனத்திற்கு! Annamalai Univ Pension Fund Allocation கோரிக்கை நிறைவேற்ற TVK உறுதியான வாக்குறுதி!,📸 Tirunelveli தொகுதி! Annamalai Univ Pension Fund Allocation மற்றும் இளைஞர் வேலைவாய்ப்பு TVK முன்னுரிமை! #TVK #Tirunelveli,Tirunelveli AC-157: Annamalai Univ Pension Fund Allocation is the #1 campaign priority. TVK current favorability 47.6%. #TVK,TVK,0.385,0.334,0.208
AC-158,Nanguneri,Tirunelveli District,8.7021,77.8619,216063,TVK,0.466,0.453,0.138,2808,46.6,45.3,13.8,4.1,1.3,⚠️ Fragile Hold (<3K),Cauvery Delta Water Channel Maintenance,80,48,-32,Thanthi TV Delta Bulletin,Thanthi TV Delta Bulletin,https://www.youtube.com/@thanthitv/videos,ECI Form 20 actuals + Thanthi TV Delta Bulletin NLP analysis (Aug 2026),Nanguneri தொகுதி மக்கள் கவனத்திற்கு! Cauvery Delta Water Channel Maintenance கோரிக்கை நிறைவேற்ற TVK உறுதியான வாக்குறுதி!,📸 Nanguneri தொகுதி! Cauvery Delta Water Channel Maintenance மற்றும் இளைஞர் வேலைவாய்ப்பு TVK முன்னுரிமை! #TVK #Nanguneri,Nanguneri AC-158: Cauvery Delta Water Channel Maintenance is the #1 campaign priority. TVK current favorability 52.0%. #TVK,TVK,0.466,0.453,0.138
AC-159,Radhapuram,Tirunelveli District,8.623,77.8323,162463,TVK,0.368,0.353,0.245,2436,36.8,35.3,24.5,6.2,1.5,⚠️ Fragile Hold (<3K),AIIMS Madurai Construction Speedup,82,48,-34,New Indian Express South Bureau,New Indian Express South Bureau,https://www.newindianexpress.com/states/tamil-nadu,ECI Form 20 actuals + New Indian Express South Bureau NLP analysis (Aug 2026),Radhapuram தொகுதி மக்கள் கவனத்திற்கு! AIIMS Madurai Construction Speedup கோரிக்கை நிறைவேற்ற TVK உறுதியான வாக்குறுதி!,📸 Radhapuram தொகுதி! AIIMS Madurai Construction Speedup மற்றும் இளைஞர் வேலைவாய்ப்பு TVK முன்னுரிமை! #TVK #Radhapuram,Radhapuram AC-159: AIIMS Madurai Construction Speedup is the #1 campaign priority. TVK current favorability 47.6%. #TVK,TVK,0.368,0.353,0.245
AC-160,Palayamkottai,Tirunelveli District,8.8238,77.7751,225068,DMK,0.45,0.46,0.272,-2250,45.0,46.0,27.2,7.8,-1.0,🎯 Target Recovery (>1.5K deficit),Unfilled Cashew & MSME Subsidies,78,30,-48,The Hindu TN Bureau (Aug 2026),The Hindu TN Bureau (Aug 2026),https://www.thehindu.com/news/national/tamil-nadu/,ECI Form 20 actuals + The Hindu TN Bureau (Aug 2026) NLP analysis (Aug 2026),Palayamkottai தொகுதி மக்கள் கவனத்திற்கு! Unfilled Cashew & MSME Subsidies கோரிக்கை நிறைவேற்ற TVK உறுதியான வாக்குறுதி!,📸 Palayamkottai தொகுதி! Unfilled Cashew & MSME Subsidies மற்றும் இளைஞர் வேலைவாய்ப்பு TVK முன்னுரிமை! #TVK #Palayamkottai,Palayamkottai AC-160: Unfilled Cashew & MSME Subsidies is the #1 campaign priority. TVK current favorability 63.7%. #TVK,DMK,0.45,0.46,0.272
AC-161,Tenkasi,Tenkasi District,8.9069,77.2759,221960,TVK,0.386,0.329,0.22,12651,38.6,32.9,22.0,7.7,5.7,🛡️ TVK Fortress (>8K),"Kuruvai Paddy Procurement MSP ₹3,200/q",85,52,-33,"TN Agri Budget Report (Aug 6, 2026)","TN Agri Budget Report (Aug 6, 2026)",https://www.newindianexpress.com/states/tamil-nadu,"ECI Form 20 actuals + TN Agri Budget Report (Aug 6, 2026) NLP analysis (Aug 2026)","Tenkasi தொகுதி மக்கள் கவனத்திற்கு! Kuruvai Paddy Procurement MSP ₹3,200/q கோரிக்கை நிறைவேற்ற TVK உறுதியான வாக்குறுதி!","📸 Tenkasi தொகுதி! Kuruvai Paddy Procurement MSP ₹3,200/q மற்றும் இளைஞர் வேலைவாய்ப்பு TVK முன்னுரிமை! #TVK #Tenkasi","Tenkasi AC-161: Kuruvai Paddy Procurement MSP ₹3,200/q is the #1 campaign priority. TVK current favorability 46.3%. #TVK",TVK,0.386,0.329,0.22
AC-162,Kadayanallur,Tenkasi District,8.9441,77.2726,210838,TVK,0.507,0.264,0.221,51233,50.7,26.4,22.1,4.3,24.3,🛡️ TVK Fortress (>8K),Youth Employment & 18% Unemployment Rate,81,35,-46,Puthiya Thalaimurai News (Aug 2026),Puthiya Thalaimurai News (Aug 2026),https://www.youtube.com/@puthiyathalaimuraitv/videos,ECI Form 20 actuals + Puthiya Thalaimurai News (Aug 2026) NLP analysis (Aug 2026),Kadayanallur தொகுதி மக்கள் கவனத்திற்கு! Youth Employment & 18% Unemployment Rate கோரிக்கை நிறைவேற்ற TVK உறுதியான வாக்குறுதி!,📸 Kadayanallur தொகுதி! Youth Employment & 18% Unemployment Rate மற்றும் இளைஞர் வேலைவாய்ப்பு TVK முன்னுரிமை! #TVK #Kadayanallur,Kadayanallur AC-162: Youth Employment & 18% Unemployment Rate is the #1 campaign priority. TVK current favorability 62.2%. #TVK,TVK,0.507,0.264,0.221
AC-163,Vasudevanallur,Tenkasi District,8.8522,77.3541,214623,AIADMK,0.261,0.255,0.424,-34983,26.1,25.5,42.4,10.0,-16.3,🎯 AIADMK Belt Target,Monsoon Stormwater Drain Desilting,74,32,-42,Reddit r/TamilNadu Civic Thread,Reddit r/TamilNadu Civic Thread,https://www.reddit.com/r/TamilNadu/search/?q=drainage,ECI Form 20 actuals + Reddit r/TamilNadu Civic Thread NLP analysis (Aug 2026),Vasudevanallur தொகுதி மக்கள் கவனத்திற்கு! Monsoon Stormwater Drain Desilting கோரிக்கை நிறைவேற்ற TVK உறுதியான வாக்குறுதி!,📸 Vasudevanallur தொகுதி! Monsoon Stormwater Drain Desilting மற்றும் இளைஞர் வேலைவாய்ப்பு TVK முன்னுரிமை! #TVK #Vasudevanallur,Vasudevanallur AC-163: Monsoon Stormwater Drain Desilting is the #1 campaign priority. TVK current favorability 34.2%. #TVK,AIADMK,0.261,0.255,0.424
AC-164,Sankarankovil,Tenkasi District,9.0587,77.309,175680,AIADMK,0.32,0.269,0.445,-21960,32.0,26.9,44.5,11.1,-12.5,🎯 AIADMK Belt Target,TANGEDCO MSME Power Tariff Increase,69,28,-41,Coimbatore Trade Chamber RTI,Coimbatore Trade Chamber RTI,https://www.thehindu.com/news/cities/Coimbatore/,ECI Form 20 actuals + Coimbatore Trade Chamber RTI NLP analysis (Aug 2026),Sankarankovil தொகுதி மக்கள் கவனத்திற்கு! TANGEDCO MSME Power Tariff Increase கோரிக்கை நிறைவேற்ற TVK உறுதியான வாக்குறுதி!,📸 Sankarankovil தொகுதி! TANGEDCO MSME Power Tariff Increase மற்றும் இளைஞர் வேலைவாய்ப்பு TVK முன்னுரிமை! #TVK #Sankarankovil,Sankarankovil AC-164: TANGEDCO MSME Power Tariff Increase is the #1 campaign priority. TVK current favorability 47.8%. #TVK,AIADMK,0.32,0.269,0.445
AC-165,Alangulam,Tenkasi District,8.9639,77.2224,186429,DMK,0.257,0.422,0.164,-30760,25.7,42.2,16.4,10.7,-16.5,🎯 Target Recovery (>1.5K deficit),Annamalai Univ Pension Fund Allocation,74,25,-49,Sun News Tamil Stream (Aug 2026),Sun News Tamil Stream (Aug 2026),https://www.youtube.com/@sunnewstamil/videos,ECI Form 20 actuals + Sun News Tamil Stream (Aug 2026) NLP analysis (Aug 2026),Alangulam தொகுதி மக்கள் கவனத்திற்கு! Annamalai Univ Pension Fund Allocation கோரிக்கை நிறைவேற்ற TVK உறுதியான வாக்குறுதி!,📸 Alangulam தொகுதி! Annamalai Univ Pension Fund Allocation மற்றும் இளைஞர் வேலைவாய்ப்பு TVK முன்னுரிமை! #TVK #Alangulam,Alangulam AC-165: Annamalai Univ Pension Fund Allocation is the #1 campaign priority. TVK current favorability 45.6%. #TVK,DMK,0.257,0.422,0.164
AC-166,Thoothukudi,Thoothukudi District,8.7973,78.0347,195783,TVK,0.424,0.23,0.191,37981,42.4,23.0,19.1,10.0,19.4,🛡️ TVK Fortress (>8K),Cauvery Delta Water Channel Maintenance,80,48,-32,Thanthi TV Delta Bulletin,Thanthi TV Delta Bulletin,https://www.youtube.com/@thanthitv/videos,ECI Form 20 actuals + Thanthi TV Delta Bulletin NLP analysis (Aug 2026),Thoothukudi தொகுதி மக்கள் கவனத்திற்கு! Cauvery Delta Water Channel Maintenance கோரிக்கை நிறைவேற்ற TVK உறுதியான வாக்குறுதி!,📸 Thoothukudi தொகுதி! Cauvery Delta Water Channel Maintenance மற்றும் இளைஞர் வேலைவாய்ப்பு TVK முன்னுரிமை! #TVK #Thoothukudi,Thoothukudi AC-166: Cauvery Delta Water Channel Maintenance is the #1 campaign priority. TVK current favorability 50.5%. #TVK,TVK,0.424,0.23,0.191
AC-167,Tiruchendur,Thoothukudi District,8.6417,78.1051,186300,TVK,0.456,0.358,0.214,18257,45.6,35.8,21.4,5.5,9.8,🛡️ TVK Fortress (>8K),AIIMS Madurai Construction Speedup,82,48,-34,New Indian Express South Bureau,New Indian Express South Bureau,https://www.newindianexpress.com/states/tamil-nadu,ECI Form 20 actuals + New Indian Express South Bureau NLP analysis (Aug 2026),Tiruchendur தொகுதி மக்கள் கவனத்திற்கு! AIIMS Madurai Construction Speedup கோரிக்கை நிறைவேற்ற TVK உறுதியான வாக்குறுதி!,📸 Tiruchendur தொகுதி! AIIMS Madurai Construction Speedup மற்றும் இளைஞர் வேலைவாய்ப்பு TVK முன்னுரிமை! #TVK #Tiruchendur,Tiruchendur AC-167: AIIMS Madurai Construction Speedup is the #1 campaign priority. TVK current favorability 54.5%. #TVK,TVK,0.456,0.358,0.214
AC-168,Srivaikuntam,Thoothukudi District,8.8586,78.1535,275195,AIADMK,0.245,0.215,0.385,-38527,24.5,21.5,38.5,4.3,-14.0,🎯 AIADMK Belt Target,Unfilled Cashew & MSME Subsidies,78,30,-48,The Hindu TN Bureau (Aug 2026),The Hindu TN Bureau (Aug 2026),https://www.thehindu.com/news/national/tamil-nadu/,ECI Form 20 actuals + The Hindu TN Bureau (Aug 2026) NLP analysis (Aug 2026),Srivaikuntam தொகுதி மக்கள் கவனத்திற்கு! Unfilled Cashew & MSME Subsidies கோரிக்கை நிறைவேற்ற TVK உறுதியான வாக்குறுதி!,📸 Srivaikuntam தொகுதி! Unfilled Cashew & MSME Subsidies மற்றும் இளைஞர் வேலைவாய்ப்பு TVK முன்னுரிமை! #TVK #Srivaikuntam,Srivaikuntam AC-168: Unfilled Cashew & MSME Subsidies is the #1 campaign priority. TVK current favorability 37.9%. #TVK,AIADMK,0.245,0.215,0.385
AC-169,Ottapidaram,Thoothukudi District,8.6536,78.231,219808,AIADMK,0.408,0.239,0.422,-3077,40.8,23.9,42.2,6.0,-1.4,🎯 AIADMK Belt Target,"Kuruvai Paddy Procurement MSP ₹3,200/q",85,52,-33,"TN Agri Budget Report (Aug 6, 2026)","TN Agri Budget Report (Aug 6, 2026)",https://www.newindianexpress.com/states/tamil-nadu,"ECI Form 20 actuals + TN Agri Budget Report (Aug 6, 2026) NLP analysis (Aug 2026)","Ottapidaram தொகுதி மக்கள் கவனத்திற்கு! Kuruvai Paddy Procurement MSP ₹3,200/q கோரிக்கை நிறைவேற்ற TVK உறுதியான வாக்குறுதி!","📸 Ottapidaram தொகுதி! Kuruvai Paddy Procurement MSP ₹3,200/q மற்றும் இளைஞர் வேலைவாய்ப்பு TVK முன்னுரிமை! #TVK #Ottapidaram","Ottapidaram AC-169: Kuruvai Paddy Procurement MSP ₹3,200/q is the #1 campaign priority. TVK current favorability 50.7%. #TVK",AIADMK,0.408,0.239,0.422
AC-170,Kovilpatti,Thoothukudi District,8.7298,78.0548,205911,OTH,0.276,0.301,0.181,-5147,27.6,30.1,18.1,6.4,-2.5,⚔️ Swing Battleground,Youth Employment & 18% Unemployment Rate,81,35,-46,Puthiya Thalaimurai News (Aug 2026),Puthiya Thalaimurai News (Aug 2026),https://www.youtube.com/@puthiyathalaimuraitv/videos,ECI Form 20 actuals + Puthiya Thalaimurai News (Aug 2026) NLP analysis (Aug 2026),Kovilpatti தொகுதி மக்கள் கவனத்திற்கு! Youth Employment & 18% Unemployment Rate கோரிக்கை நிறைவேற்ற TVK உறுதியான வாக்குறுதி!,📸 Kovilpatti தொகுதி! Youth Employment & 18% Unemployment Rate மற்றும் இளைஞர் வேலைவாய்ப்பு TVK முன்னுரிமை! #TVK #Kovilpatti,Kovilpatti AC-170: Youth Employment & 18% Unemployment Rate is the #1 campaign priority. TVK current favorability 37.5%. #TVK,OTH,0.276,0.301,0.181
AC-171,Vilathikulam,Thoothukudi District,8.8058,78.067,207022,TVK,0.357,0.326,0.238,6417,35.7,32.6,23.8,8.3,3.1,📊 TVK Hold (3-8K),Monsoon Stormwater Drain Desilting,74,32,-42,Reddit r/TamilNadu Civic Thread,Reddit r/TamilNadu Civic Thread,https://www.reddit.com/r/TamilNadu/search/?q=drainage,ECI Form 20 actuals + Reddit r/TamilNadu Civic Thread NLP analysis (Aug 2026),Vilathikulam தொகுதி மக்கள் கவனத்திற்கு! Monsoon Stormwater Drain Desilting கோரிக்கை நிறைவேற்ற TVK உறுதியான வாக்குறுதி!,📸 Vilathikulam தொகுதி! Monsoon Stormwater Drain Desilting மற்றும் இளைஞர் வேலைவாய்ப்பு TVK முன்னுரிமை! #TVK #Vilathikulam,Vilathikulam AC-171: Monsoon Stormwater Drain Desilting is the #1 campaign priority. TVK current favorability 44.3%. #TVK,TVK,0.357,0.326,0.238
AC-172,Nagercoil,Kanniyakumari District,8.1501,77.4162,185342,DMK,0.324,0.447,0.164,-22797,32.4,44.7,16.4,11.4,-12.3,🎯 Target Recovery (>1.5K deficit),TANGEDCO MSME Power Tariff Increase,69,28,-41,Coimbatore Trade Chamber RTI,Coimbatore Trade Chamber RTI,https://www.thehindu.com/news/cities/Coimbatore/,ECI Form 20 actuals + Coimbatore Trade Chamber RTI NLP analysis (Aug 2026),Nagercoil தொகுதி மக்கள் கவனத்திற்கு! TANGEDCO MSME Power Tariff Increase கோரிக்கை நிறைவேற்ற TVK உறுதியான வாக்குறுதி!,📸 Nagercoil தொகுதி! TANGEDCO MSME Power Tariff Increase மற்றும் இளைஞர் வேலைவாய்ப்பு TVK முன்னுரிமை! #TVK #Nagercoil,Nagercoil AC-172: TANGEDCO MSME Power Tariff Increase is the #1 campaign priority. TVK current favorability 47.9%. #TVK,DMK,0.324,0.447,0.164
AC-173,Kanyakumari,Kanniyakumari District,8.2591,77.3113,213968,AIADMK,0.286,0.277,0.457,-36588,28.6,27.7,45.7,10.8,-17.1,🎯 AIADMK Belt Target,Annamalai Univ Pension Fund Allocation,74,25,-49,Sun News Tamil Stream (Aug 2026),Sun News Tamil Stream (Aug 2026),https://www.youtube.com/@sunnewstamil/videos,ECI Form 20 actuals + Sun News Tamil Stream (Aug 2026) NLP analysis (Aug 2026),Kanyakumari தொகுதி மக்கள் கவனத்திற்கு! Annamalai Univ Pension Fund Allocation கோரிக்கை நிறைவேற்ற TVK உறுதியான வாக்குறுதி!,📸 Kanyakumari தொகுதி! Annamalai Univ Pension Fund Allocation மற்றும் இளைஞர் வேலைவாய்ப்பு TVK முன்னுரிமை! #TVK #Kanyakumari,Kanyakumari AC-173: Annamalai Univ Pension Fund Allocation is the #1 campaign priority. TVK current favorability 40.8%. #TVK,AIADMK,0.286,0.277,0.457
AC-174,Colachel,Kanniyakumari District,8.2493,77.2983,175058,DMK,0.273,0.457,0.272,-32210,27.3,45.7,27.2,4.2,-18.4,🎯 Target Recovery (>1.5K deficit),Cauvery Delta Water Channel Maintenance,80,48,-32,Thanthi TV Delta Bulletin,Thanthi TV Delta Bulletin,https://www.youtube.com/@thanthitv/videos,ECI Form 20 actuals + Thanthi TV Delta Bulletin NLP analysis (Aug 2026),Colachel தொகுதி மக்கள் கவனத்திற்கு! Cauvery Delta Water Channel Maintenance கோரிக்கை நிறைவேற்ற TVK உறுதியான வாக்குறுதி!,📸 Colachel தொகுதி! Cauvery Delta Water Channel Maintenance மற்றும் இளைஞர் வேலைவாய்ப்பு TVK முன்னுரிமை! #TVK #Colachel,Colachel AC-174: Cauvery Delta Water Channel Maintenance is the #1 campaign priority. TVK current favorability 40.1%. #TVK,DMK,0.273,0.457,0.272
AC-175,Padmanabhapuram,Kanniyakumari District,8.0987,77.4328,168832,TVK,0.491,0.352,0.146,23467,49.1,35.2,14.6,7.7,13.9,🛡️ TVK Fortress (>8K),AIIMS Madurai Construction Speedup,82,48,-34,New Indian Express South Bureau,New Indian Express South Bureau,https://www.newindianexpress.com/states/tamil-nadu,ECI Form 20 actuals + New Indian Express South Bureau NLP analysis (Aug 2026),Padmanabhapuram தொகுதி மக்கள் கவனத்திற்கு! AIIMS Madurai Construction Speedup கோரிக்கை நிறைவேற்ற TVK உறுதியான வாக்குறுதி!,📸 Padmanabhapuram தொகுதி! AIIMS Madurai Construction Speedup மற்றும் இளைஞர் வேலைவாய்ப்பு TVK முன்னுரிமை! #TVK #Padmanabhapuram,Padmanabhapuram AC-175: AIIMS Madurai Construction Speedup is the #1 campaign priority. TVK current favorability 54.6%. #TVK,TVK,0.491,0.352,0.146
AC-176,Vilavancode,Kanniyakumari District,8.1622,77.352,197303,TVK,0.481,0.351,0.244,25649,48.1,35.1,24.4,7.5,13.0,🛡️ TVK Fortress (>8K),Unfilled Cashew & MSME Subsidies,78,30,-48,The Hindu TN Bureau (Aug 2026),The Hindu TN Bureau (Aug 2026),https://www.thehindu.com/news/national/tamil-nadu/,ECI Form 20 actuals + The Hindu TN Bureau (Aug 2026) NLP analysis (Aug 2026),Vilavancode தொகுதி மக்கள் கவனத்திற்கு! Unfilled Cashew & MSME Subsidies கோரிக்கை நிறைவேற்ற TVK உறுதியான வாக்குறுதி!,📸 Vilavancode தொகுதி! Unfilled Cashew & MSME Subsidies மற்றும் இளைஞர் வேலைவாய்ப்பு TVK முன்னுரிமை! #TVK #Vilavancode,Vilavancode AC-176: Unfilled Cashew & MSME Subsidies is the #1 campaign priority. TVK current favorability 56.0%. #TVK,TVK,0.481,0.351,0.244
AC-177,Killiyoor,Kanniyakumari District,8.1885,77.3694,174701,TVK,0.461,0.35,0.168,19391,46.1,35.0,16.8,5.3,11.1,🛡️ TVK Fortress (>8K),"Kuruvai Paddy Procurement MSP ₹3,200/q",85,52,-33,"TN Agri Budget Report (Aug 6, 2026)","TN Agri Budget Report (Aug 6, 2026)",https://www.newindianexpress.com/states/tamil-nadu,"ECI Form 20 actuals + TN Agri Budget Report (Aug 6, 2026) NLP analysis (Aug 2026)","Killiyoor தொகுதி மக்கள் கவனத்திற்கு! Kuruvai Paddy Procurement MSP ₹3,200/q கோரிக்கை நிறைவேற்ற TVK உறுதியான வாக்குறுதி!","📸 Killiyoor தொகுதி! Kuruvai Paddy Procurement MSP ₹3,200/q மற்றும் இளைஞர் வேலைவாய்ப்பு TVK முன்னுரிமை! #TVK #Killiyoor","Killiyoor AC-177: Kuruvai Paddy Procurement MSP ₹3,200/q is the #1 campaign priority. TVK current favorability 52.8%. #TVK",TVK,0.461,0.35,0.168
AC-178,Udhagamandalam,Nilgiris District,11.3532,76.6458,167139,TVK,0.513,0.275,0.233,39779,51.3,27.5,23.3,6.9,23.8,🛡️ TVK Fortress (>8K),Youth Employment & 18% Unemployment Rate,81,35,-46,Puthiya Thalaimurai News (Aug 2026),Puthiya Thalaimurai News (Aug 2026),https://www.youtube.com/@puthiyathalaimuraitv/videos,ECI Form 20 actuals + Puthiya Thalaimurai News (Aug 2026) NLP analysis (Aug 2026),Udhagamandalam தொகுதி மக்கள் கவனத்திற்கு! Youth Employment & 18% Unemployment Rate கோரிக்கை நிறைவேற்ற TVK உறுதியான வாக்குறுதி!,📸 Udhagamandalam தொகுதி! Youth Employment & 18% Unemployment Rate மற்றும் இளைஞர் வேலைவாய்ப்பு TVK முன்னுரிமை! #TVK #Udhagamandalam,Udhagamandalam AC-178: Youth Employment & 18% Unemployment Rate is the #1 campaign priority. TVK current favorability 60.6%. #TVK,TVK,0.513,0.275,0.233
AC-179,Coonoor,Nilgiris District,11.5275,76.7408,186646,TVK,0.449,0.401,0.196,8959,44.9,40.1,19.6,4.2,4.8,🛡️ TVK Fortress (>8K),Monsoon Stormwater Drain Desilting,74,32,-42,Reddit r/TamilNadu Civic Thread,Reddit r/TamilNadu Civic Thread,https://www.reddit.com/r/TamilNadu/search/?q=drainage,ECI Form 20 actuals + Reddit r/TamilNadu Civic Thread NLP analysis (Aug 2026),Coonoor தொகுதி மக்கள் கவனத்திற்கு! Monsoon Stormwater Drain Desilting கோரிக்கை நிறைவேற்ற TVK உறுதியான வாக்குறுதி!,📸 Coonoor தொகுதி! Monsoon Stormwater Drain Desilting மற்றும் இளைஞர் வேலைவாய்ப்பு TVK முன்னுரிமை! #TVK #Coonoor,Coonoor AC-179: Monsoon Stormwater Drain Desilting is the #1 campaign priority. TVK current favorability 55.4%. #TVK,TVK,0.449,0.401,0.196
AC-180,Gudalur,Nilgiris District,11.4573,76.5889,171059,DMK,0.275,0.365,0.222,-15395,27.5,36.5,22.2,10.4,-9.0,🎯 Target Recovery (>1.5K deficit),TANGEDCO MSME Power Tariff Increase,69,28,-41,Coimbatore Trade Chamber RTI,Coimbatore Trade Chamber RTI,https://www.thehindu.com/news/cities/Coimbatore/,ECI Form 20 actuals + Coimbatore Trade Chamber RTI NLP analysis (Aug 2026),Gudalur தொகுதி மக்கள் கவனத்திற்கு! TANGEDCO MSME Power Tariff Increase கோரிக்கை நிறைவேற்ற TVK உறுதியான வாக்குறுதி!,📸 Gudalur தொகுதி! TANGEDCO MSME Power Tariff Increase மற்றும் இளைஞர் வேலைவாய்ப்பு TVK முன்னுரிமை! #TVK #Gudalur,Gudalur AC-180: TANGEDCO MSME Power Tariff Increase is the #1 campaign priority. TVK current favorability 43.0%. #TVK,DMK,0.275,0.365,0.222
AC-181,Coimbatore South,Coimbatore District,10.9737,76.9596,172570,TVK,0.425,0.266,0.22,27438,42.5,26.6,22.0,11.1,15.9,🛡️ TVK Fortress (>8K),Annamalai Univ Pension Fund Allocation,74,25,-49,Sun News Tamil Stream (Aug 2026),Sun News Tamil Stream (Aug 2026),https://www.youtube.com/@sunnewstamil/videos,ECI Form 20 actuals + Sun News Tamil Stream (Aug 2026) NLP analysis (Aug 2026),Coimbatore South தொகுதி மக்கள் கவனத்திற்கு! Annamalai Univ Pension Fund Allocation கோரிக்கை நிறைவேற்ற TVK உறுதியான வாக்குறுதி!,📸 Coimbatore South தொகுதி! Annamalai Univ Pension Fund Allocation மற்றும் இளைஞர் வேலைவாய்ப்பு TVK முன்னுரிமை! #TVK #CoimbatoreSouth,Coimbatore South AC-181: Annamalai Univ Pension Fund Allocation is the #1 campaign priority. TVK current favorability 53.9%. #TVK,TVK,0.425,0.266,0.22
AC-182,Coimbatore North,Coimbatore District,10.9813,76.8614,180276,AIADMK,0.254,0.193,0.38,-22714,25.4,19.3,38.0,6.9,-12.6,🎯 AIADMK Belt Target,Cauvery Delta Water Channel Maintenance,80,48,-32,Thanthi TV Delta Bulletin,Thanthi TV Delta Bulletin,https://www.youtube.com/@thanthitv/videos,ECI Form 20 actuals + Thanthi TV Delta Bulletin NLP analysis (Aug 2026),Coimbatore North தொகுதி மக்கள் கவனத்திற்கு! Cauvery Delta Water Channel Maintenance கோரிக்கை நிறைவேற்ற TVK உறுதியான வாக்குறுதி!,📸 Coimbatore North தொகுதி! Cauvery Delta Water Channel Maintenance மற்றும் இளைஞர் வேலைவாய்ப்பு TVK முன்னுரிமை! #TVK #CoimbatoreNorth,Coimbatore North AC-182: Cauvery Delta Water Channel Maintenance is the #1 campaign priority. TVK current favorability 40.3%. #TVK,AIADMK,0.254,0.193,0.38
AC-183,Singanallur,Coimbatore District,11.1136,76.9864,167489,TVK,0.465,0.341,0.173,20768,46.5,34.1,17.3,4.4,12.4,🛡️ TVK Fortress (>8K),AIIMS Madurai Construction Speedup,82,48,-34,New Indian Express South Bureau,New Indian Express South Bureau,https://www.newindianexpress.com/states/tamil-nadu,ECI Form 20 actuals + New Indian Express South Bureau NLP analysis (Aug 2026),Singanallur தொகுதி மக்கள் கவனத்திற்கு! AIIMS Madurai Construction Speedup கோரிக்கை நிறைவேற்ற TVK உறுதியான வாக்குறுதி!,📸 Singanallur தொகுதி! AIIMS Madurai Construction Speedup மற்றும் இளைஞர் வேலைவாய்ப்பு TVK முன்னுரிமை! #TVK #Singanallur,Singanallur AC-183: AIIMS Madurai Construction Speedup is the #1 campaign priority. TVK current favorability 55.4%. #TVK,TVK,0.465,0.341,0.173
AC-184,Sulur,Coimbatore District,11.0691,76.9217,157227,AIADMK,0.272,0.269,0.43,-24841,27.2,26.9,43.0,4.6,-15.8,🎯 AIADMK Belt Target,Unfilled Cashew & MSME Subsidies,78,30,-48,The Hindu TN Bureau (Aug 2026),The Hindu TN Bureau (Aug 2026),https://www.thehindu.com/news/national/tamil-nadu/,ECI Form 20 actuals + The Hindu TN Bureau (Aug 2026) NLP analysis (Aug 2026),Sulur தொகுதி மக்கள் கவனத்திற்கு! Unfilled Cashew & MSME Subsidies கோரிக்கை நிறைவேற்ற TVK உறுதியான வாக்குறுதி!,📸 Sulur தொகுதி! Unfilled Cashew & MSME Subsidies மற்றும் இளைஞர் வேலைவாய்ப்பு TVK முன்னுரிமை! #TVK #Sulur,Sulur AC-184: Unfilled Cashew & MSME Subsidies is the #1 campaign priority. TVK current favorability 40.0%. #TVK,AIADMK,0.272,0.269,0.43
AC-185,Kavundampalayam,Coimbatore District,10.981,77.0229,235038,TVK,0.449,0.332,0.123,27499,44.9,33.2,12.3,11.7,11.7,🛡️ TVK Fortress (>8K),"Kuruvai Paddy Procurement MSP ₹3,200/q",85,52,-33,"TN Agri Budget Report (Aug 6, 2026)","TN Agri Budget Report (Aug 6, 2026)",https://www.newindianexpress.com/states/tamil-nadu,"ECI Form 20 actuals + TN Agri Budget Report (Aug 6, 2026) NLP analysis (Aug 2026)","Kavundampalayam தொகுதி மக்கள் கவனத்திற்கு! Kuruvai Paddy Procurement MSP ₹3,200/q கோரிக்கை நிறைவேற்ற TVK உறுதியான வாக்குறுதி!","📸 Kavundampalayam தொகுதி! Kuruvai Paddy Procurement MSP ₹3,200/q மற்றும் இளைஞர் வேலைவாய்ப்பு TVK முன்னுரிமை! #TVK #Kavundampalayam","Kavundampalayam AC-185: Kuruvai Paddy Procurement MSP ₹3,200/q is the #1 campaign priority. TVK current favorability 54.2%. #TVK",TVK,0.449,0.332,0.123
AC-186,Thondamuthur,Coimbatore District,10.9151,76.8388,160243,DMK,0.324,0.35,0.231,-4166,32.4,35.0,23.1,7.5,-2.6,🎯 Target Recovery (>1.5K deficit),Youth Employment & 18% Unemployment Rate,81,35,-46,Puthiya Thalaimurai News (Aug 2026),Puthiya Thalaimurai News (Aug 2026),https://www.youtube.com/@puthiyathalaimuraitv/videos,ECI Form 20 actuals + Puthiya Thalaimurai News (Aug 2026) NLP analysis (Aug 2026),Thondamuthur தொகுதி மக்கள் கவனத்திற்கு! Youth Employment & 18% Unemployment Rate கோரிக்கை நிறைவேற்ற TVK உறுதியான வாக்குறுதி!,📸 Thondamuthur தொகுதி! Youth Employment & 18% Unemployment Rate மற்றும் இளைஞர் வேலைவாய்ப்பு TVK முன்னுரிமை! #TVK #Thondamuthur,Thondamuthur AC-186: Youth Employment & 18% Unemployment Rate is the #1 campaign priority. TVK current favorability 49.5%. #TVK,DMK,0.324,0.35,0.231
AC-187,Kinathukadavu,Coimbatore District,11.1044,76.9004,207944,TVK,0.443,0.272,0.213,35558,44.3,27.2,21.3,4.8,17.1,🛡️ TVK Fortress (>8K),Monsoon Stormwater Drain Desilting,74,32,-42,Reddit r/TamilNadu Civic Thread,Reddit r/TamilNadu Civic Thread,https://www.reddit.com/r/TamilNadu/search/?q=drainage,ECI Form 20 actuals + Reddit r/TamilNadu Civic Thread NLP analysis (Aug 2026),Kinathukadavu தொகுதி மக்கள் கவனத்திற்கு! Monsoon Stormwater Drain Desilting கோரிக்கை நிறைவேற்ற TVK உறுதியான வாக்குறுதி!,📸 Kinathukadavu தொகுதி! Monsoon Stormwater Drain Desilting மற்றும் இளைஞர் வேலைவாய்ப்பு TVK முன்னுரிமை! #TVK #Kinathukadavu,Kinathukadavu AC-187: Monsoon Stormwater Drain Desilting is the #1 campaign priority. TVK current favorability 51.7%. #TVK,TVK,0.443,0.272,0.213
AC-188,Pollachi,Coimbatore District,10.9305,77.0697,214835,TVK,0.354,0.338,0.202,3437,35.4,33.8,20.2,4.2,1.6,📊 TVK Hold (3-8K),TANGEDCO MSME Power Tariff Increase,69,28,-41,Coimbatore Trade Chamber RTI,Coimbatore Trade Chamber RTI,https://www.thehindu.com/news/cities/Coimbatore/,ECI Form 20 actuals + Coimbatore Trade Chamber RTI NLP analysis (Aug 2026),Pollachi தொகுதி மக்கள் கவனத்திற்கு! TANGEDCO MSME Power Tariff Increase கோரிக்கை நிறைவேற்ற TVK உறுதியான வாக்குறுதி!,📸 Pollachi தொகுதி! TANGEDCO MSME Power Tariff Increase மற்றும் இளைஞர் வேலைவாய்ப்பு TVK முன்னுரிமை! #TVK #Pollachi,Pollachi AC-188: TANGEDCO MSME Power Tariff Increase is the #1 campaign priority. TVK current favorability 45.5%. #TVK,TVK,0.354,0.338,0.202
AC-189,Valparai,Coimbatore District,11.1097,76.9153,195176,DMK,0.337,0.368,0.231,-6050,33.7,36.8,23.1,9.6,-3.1,🎯 Target Recovery (>1.5K deficit),Annamalai Univ Pension Fund Allocation,74,25,-49,Sun News Tamil Stream (Aug 2026),Sun News Tamil Stream (Aug 2026),https://www.youtube.com/@sunnewstamil/videos,ECI Form 20 actuals + Sun News Tamil Stream (Aug 2026) NLP analysis (Aug 2026),Valparai தொகுதி மக்கள் கவனத்திற்கு! Annamalai Univ Pension Fund Allocation கோரிக்கை நிறைவேற்ற TVK உறுதியான வாக்குறுதி!,📸 Valparai தொகுதி! Annamalai Univ Pension Fund Allocation மற்றும் இளைஞர் வேலைவாய்ப்பு TVK முன்னுரிமை! #TVK #Valparai,Valparai AC-189: Annamalai Univ Pension Fund Allocation is the #1 campaign priority. TVK current favorability 52.3%. #TVK,DMK,0.337,0.368,0.231
AC-190,Mettupalayam,Coimbatore District,10.9416,76.861,230896,DMK,0.306,0.345,0.255,-9004,30.6,34.5,25.5,4.5,-3.9,🎯 Target Recovery (>1.5K deficit),Cauvery Delta Water Channel Maintenance,80,48,-32,Thanthi TV Delta Bulletin,Thanthi TV Delta Bulletin,https://www.youtube.com/@thanthitv/videos,ECI Form 20 actuals + Thanthi TV Delta Bulletin NLP analysis (Aug 2026),Mettupalayam தொகுதி மக்கள் கவனத்திற்கு! Cauvery Delta Water Channel Maintenance கோரிக்கை நிறைவேற்ற TVK உறுதியான வாக்குறுதி!,📸 Mettupalayam தொகுதி! Cauvery Delta Water Channel Maintenance மற்றும் இளைஞர் வேலைவாய்ப்பு TVK முன்னுரிமை! #TVK #Mettupalayam,Mettupalayam AC-190: Cauvery Delta Water Channel Maintenance is the #1 campaign priority. TVK current favorability 49.4%. #TVK,DMK,0.306,0.345,0.255
AC-191,Tiruppur North,Tiruppur District,11.0291,77.2627,235741,DMK,0.34,0.381,0.15,-9665,34.0,38.1,15.0,4.5,-4.1,🎯 Target Recovery (>1.5K deficit),AIIMS Madurai Construction Speedup,82,48,-34,New Indian Express South Bureau,New Indian Express South Bureau,https://www.newindianexpress.com/states/tamil-nadu,ECI Form 20 actuals + New Indian Express South Bureau NLP analysis (Aug 2026),Tiruppur North தொகுதி மக்கள் கவனத்திற்கு! AIIMS Madurai Construction Speedup கோரிக்கை நிறைவேற்ற TVK உறுதியான வாக்குறுதி!,📸 Tiruppur North தொகுதி! AIIMS Madurai Construction Speedup மற்றும் இளைஞர் வேலைவாய்ப்பு TVK முன்னுரிமை! #TVK #TiruppurNorth,Tiruppur North AC-191: AIIMS Madurai Construction Speedup is the #1 campaign priority. TVK current favorability 50.7%. #TVK,DMK,0.34,0.381,0.15
AC-192,Tiruppur South,Tiruppur District,11.0525,77.3377,181289,TVK,0.501,0.261,0.142,43509,50.1,26.1,14.2,8.2,24.0,🛡️ TVK Fortress (>8K),Unfilled Cashew & MSME Subsidies,78,30,-48,The Hindu TN Bureau (Aug 2026),The Hindu TN Bureau (Aug 2026),https://www.thehindu.com/news/national/tamil-nadu/,ECI Form 20 actuals + The Hindu TN Bureau (Aug 2026) NLP analysis (Aug 2026),Tiruppur South தொகுதி மக்கள் கவனத்திற்கு! Unfilled Cashew & MSME Subsidies கோரிக்கை நிறைவேற்ற TVK உறுதியான வாக்குறுதி!,📸 Tiruppur South தொகுதி! Unfilled Cashew & MSME Subsidies மற்றும் இளைஞர் வேலைவாய்ப்பு TVK முன்னுரிமை! #TVK #TiruppurSouth,Tiruppur South AC-192: Unfilled Cashew & MSME Subsidies is the #1 campaign priority. TVK current favorability 59.2%. #TVK,TVK,0.501,0.261,0.142
AC-193,Avinashi,Tiruppur District,11.0877,77.302,222681,TVK,0.444,0.248,0.163,43645,44.4,24.8,16.3,8.2,19.6,🛡️ TVK Fortress (>8K),"Kuruvai Paddy Procurement MSP ₹3,200/q",85,52,-33,"TN Agri Budget Report (Aug 6, 2026)","TN Agri Budget Report (Aug 6, 2026)",https://www.newindianexpress.com/states/tamil-nadu,"ECI Form 20 actuals + TN Agri Budget Report (Aug 6, 2026) NLP analysis (Aug 2026)","Avinashi தொகுதி மக்கள் கவனத்திற்கு! Kuruvai Paddy Procurement MSP ₹3,200/q கோரிக்கை நிறைவேற்ற TVK உறுதியான வாக்குறுதி!","📸 Avinashi தொகுதி! Kuruvai Paddy Procurement MSP ₹3,200/q மற்றும் இளைஞர் வேலைவாய்ப்பு TVK முன்னுரிமை! #TVK #Avinashi","Avinashi AC-193: Kuruvai Paddy Procurement MSP ₹3,200/q is the #1 campaign priority. TVK current favorability 52.1%. #TVK",TVK,0.444,0.248,0.163
AC-194,Palladam,Tiruppur District,11.0617,77.2667,131392,AIADMK,0.35,0.282,0.442,-12088,35.0,28.2,44.2,12.0,-9.2,🎯 AIADMK Belt Target,Youth Employment & 18% Unemployment Rate,81,35,-46,Puthiya Thalaimurai News (Aug 2026),Puthiya Thalaimurai News (Aug 2026),https://www.youtube.com/@puthiyathalaimuraitv/videos,ECI Form 20 actuals + Puthiya Thalaimurai News (Aug 2026) NLP analysis (Aug 2026),Palladam தொகுதி மக்கள் கவனத்திற்கு! Youth Employment & 18% Unemployment Rate கோரிக்கை நிறைவேற்ற TVK உறுதியான வாக்குறுதி!,📸 Palladam தொகுதி! Youth Employment & 18% Unemployment Rate மற்றும் இளைஞர் வேலைவாய்ப்பு TVK முன்னுரிமை! #TVK #Palladam,Palladam AC-194: Youth Employment & 18% Unemployment Rate is the #1 campaign priority. TVK current favorability 49.6%. #TVK,AIADMK,0.35,0.282,0.442
AC-195,Udumalaipettai,Tiruppur District,11.1542,77.3003,205162,TVK,0.479,0.426,0.144,10873,47.9,42.6,14.4,4.6,5.3,🛡️ TVK Fortress (>8K),Monsoon Stormwater Drain Desilting,74,32,-42,Reddit r/TamilNadu Civic Thread,Reddit r/TamilNadu Civic Thread,https://www.reddit.com/r/TamilNadu/search/?q=drainage,ECI Form 20 actuals + Reddit r/TamilNadu Civic Thread NLP analysis (Aug 2026),Udumalaipettai தொகுதி மக்கள் கவனத்திற்கு! Monsoon Stormwater Drain Desilting கோரிக்கை நிறைவேற்ற TVK உறுதியான வாக்குறுதி!,📸 Udumalaipettai தொகுதி! Monsoon Stormwater Drain Desilting மற்றும் இளைஞர் வேலைவாய்ப்பு TVK முன்னுரிமை! #TVK #Udumalaipettai,Udumalaipettai AC-195: Monsoon Stormwater Drain Desilting is the #1 campaign priority. TVK current favorability 57.5%. #TVK,TVK,0.479,0.426,0.144
AC-196,Madathukulam,Tiruppur District,11.1366,77.3284,172249,OTH,0.282,0.22,0.252,10679,28.2,22.0,25.2,7.0,0.0,⚔️ Swing Battleground,TANGEDCO MSME Power Tariff Increase,69,28,-41,Coimbatore Trade Chamber RTI,Coimbatore Trade Chamber RTI,https://www.thehindu.com/news/cities/Coimbatore/,ECI Form 20 actuals + Coimbatore Trade Chamber RTI NLP analysis (Aug 2026),Madathukulam தொகுதி மக்கள் கவனத்திற்கு! TANGEDCO MSME Power Tariff Increase கோரிக்கை நிறைவேற்ற TVK உறுதியான வாக்குறுதி!,📸 Madathukulam தொகுதி! TANGEDCO MSME Power Tariff Increase மற்றும் இளைஞர் வேலைவாய்ப்பு TVK முன்னுரிமை! #TVK #Madathukulam,Madathukulam AC-196: TANGEDCO MSME Power Tariff Increase is the #1 campaign priority. TVK current favorability 38.5%. #TVK,OTH,0.282,0.22,0.252
AC-197,Dharapuram,Tiruppur District,11.0345,77.4289,135435,TVK,0.446,0.357,0.183,12053,44.6,35.7,18.3,8.4,8.9,🛡️ TVK Fortress (>8K),Annamalai Univ Pension Fund Allocation,74,25,-49,Sun News Tamil Stream (Aug 2026),Sun News Tamil Stream (Aug 2026),https://www.youtube.com/@sunnewstamil/videos,ECI Form 20 actuals + Sun News Tamil Stream (Aug 2026) NLP analysis (Aug 2026),Dharapuram தொகுதி மக்கள் கவனத்திற்கு! Annamalai Univ Pension Fund Allocation கோரிக்கை நிறைவேற்ற TVK உறுதியான வாக்குறுதி!,📸 Dharapuram தொகுதி! Annamalai Univ Pension Fund Allocation மற்றும் இளைஞர் வேலைவாய்ப்பு TVK முன்னுரிமை! #TVK #Dharapuram,Dharapuram AC-197: Annamalai Univ Pension Fund Allocation is the #1 campaign priority. TVK current favorability 50.5%. #TVK,TVK,0.446,0.357,0.183
AC-198,Kangayam,Tiruppur District,11.1222,77.4464,260884,TVK,0.476,0.279,0.155,51394,47.6,27.9,15.5,6.9,19.7,🛡️ TVK Fortress (>8K),Cauvery Delta Water Channel Maintenance,80,48,-32,Thanthi TV Delta Bulletin,Thanthi TV Delta Bulletin,https://www.youtube.com/@thanthitv/videos,ECI Form 20 actuals + Thanthi TV Delta Bulletin NLP analysis (Aug 2026),Kangayam தொகுதி மக்கள் கவனத்திற்கு! Cauvery Delta Water Channel Maintenance கோரிக்கை நிறைவேற்ற TVK உறுதியான வாக்குறுதி!,📸 Kangayam தொகுதி! Cauvery Delta Water Channel Maintenance மற்றும் இளைஞர் வேலைவாய்ப்பு TVK முன்னுரிமை! #TVK #Kangayam,Kangayam AC-198: Cauvery Delta Water Channel Maintenance is the #1 campaign priority. TVK current favorability 58.6%. #TVK,TVK,0.476,0.279,0.155
AC-199,Perundurai,Erode District,11.3682,77.7657,196386,AIADMK,0.38,0.14,0.48,3927,38.0,14.0,48.0,11.9,-10.0,📊 TVK Hold (3-8K),AIIMS Madurai Construction Speedup,82,48,-34,New Indian Express South Bureau,New Indian Express South Bureau,https://www.newindianexpress.com/states/tamil-nadu,ECI Form 20 actuals + New Indian Express South Bureau NLP analysis (Aug 2026),Perundurai தொகுதி மக்கள் கவனத்திற்கு! AIIMS Madurai Construction Speedup கோரிக்கை நிறைவேற்ற TVK உறுதியான வாக்குறுதி!,📸 Perundurai தொகுதி! AIIMS Madurai Construction Speedup மற்றும் இளைஞர் வேலைவாய்ப்பு TVK முன்னுரிமை! #TVK #Perundurai,Perundurai AC-199: AIIMS Madurai Construction Speedup is the #1 campaign priority. TVK current favorability 52.6%. #TVK,AIADMK,0.38,0.14,0.48
AC-200,Erode (East),Erode District,11.4132,77.7779,184365,AIADMK,0.329,0.296,0.351,-4056,32.9,29.6,35.1,9.7,-2.2,🎯 AIADMK Belt Target,Unfilled Cashew & MSME Subsidies,78,30,-48,The Hindu TN Bureau (Aug 2026),The Hindu TN Bureau (Aug 2026),https://www.thehindu.com/news/national/tamil-nadu/,ECI Form 20 actuals + The Hindu TN Bureau (Aug 2026) NLP analysis (Aug 2026),Erode (East) தொகுதி மக்கள் கவனத்திற்கு! Unfilled Cashew & MSME Subsidies கோரிக்கை நிறைவேற்ற TVK உறுதியான வாக்குறுதி!,📸 Erode (East) தொகுதி! Unfilled Cashew & MSME Subsidies மற்றும் இளைஞர் வேலைவாய்ப்பு TVK முன்னுரிமை! #TVK #ErodeEast,Erode (East) AC-200: Unfilled Cashew & MSME Subsidies is the #1 campaign priority. TVK current favorability 43.1%. #TVK,AIADMK,0.329,0.296,0.351
AC-201,Erode (West),Erode District,11.4072,77.6498,216616,DMK,0.438,0.443,0.157,-1083,43.8,44.3,15.7,9.4,-0.5,🔥 High-ROI Flip (<1.5K deficit),"Kuruvai Paddy Procurement MSP ₹3,200/q",85,52,-33,"TN Agri Budget Report (Aug 6, 2026)","TN Agri Budget Report (Aug 6, 2026)",https://www.newindianexpress.com/states/tamil-nadu,"ECI Form 20 actuals + TN Agri Budget Report (Aug 6, 2026) NLP analysis (Aug 2026)","Erode (West) தொகுதி மக்கள் கவனத்திற்கு! Kuruvai Paddy Procurement MSP ₹3,200/q கோரிக்கை நிறைவேற்ற TVK உறுதியான வாக்குறுதி!","📸 Erode (West) தொகுதி! Kuruvai Paddy Procurement MSP ₹3,200/q மற்றும் இளைஞர் வேலைவாய்ப்பு TVK முன்னுரிமை! #TVK #ErodeWest","Erode (West) AC-201: Kuruvai Paddy Procurement MSP ₹3,200/q is the #1 campaign priority. TVK current favorability 58.7%. #TVK",DMK,0.438,0.443,0.157
AC-202,Modakkurichi,Erode District,11.3867,77.6167,182699,TVK,0.493,0.428,0.153,11875,49.3,42.8,15.3,11.7,6.5,🛡️ TVK Fortress (>8K),Youth Employment & 18% Unemployment Rate,81,35,-46,Puthiya Thalaimurai News (Aug 2026),Puthiya Thalaimurai News (Aug 2026),https://www.youtube.com/@puthiyathalaimuraitv/videos,ECI Form 20 actuals + Puthiya Thalaimurai News (Aug 2026) NLP analysis (Aug 2026),Modakkurichi தொகுதி மக்கள் கவனத்திற்கு! Youth Employment & 18% Unemployment Rate கோரிக்கை நிறைவேற்ற TVK உறுதியான வாக்குறுதி!,📸 Modakkurichi தொகுதி! Youth Employment & 18% Unemployment Rate மற்றும் இளைஞர் வேலைவாய்ப்பு TVK முன்னுரிமை! #TVK #Modakkurichi,Modakkurichi AC-202: Youth Employment & 18% Unemployment Rate is the #1 campaign priority. TVK current favorability 56.1%. #TVK,TVK,0.493,0.428,0.153
AC-203,Bhavani,Erode District,11.2552,77.7538,154178,OTH,0.272,0.319,0.204,-7246,27.2,31.9,20.4,8.2,-4.7,⚔️ Swing Battleground,Monsoon Stormwater Drain Desilting,74,32,-42,Reddit r/TamilNadu Civic Thread,Reddit r/TamilNadu Civic Thread,https://www.reddit.com/r/TamilNadu/search/?q=drainage,ECI Form 20 actuals + Reddit r/TamilNadu Civic Thread NLP analysis (Aug 2026),Bhavani தொகுதி மக்கள் கவனத்திற்கு! Monsoon Stormwater Drain Desilting கோரிக்கை நிறைவேற்ற TVK உறுதியான வாக்குறுதி!,📸 Bhavani தொகுதி! Monsoon Stormwater Drain Desilting மற்றும் இளைஞர் வேலைவாய்ப்பு TVK முன்னுரிமை! #TVK #Bhavani,Bhavani AC-203: Monsoon Stormwater Drain Desilting is the #1 campaign priority. TVK current favorability 36.5%. #TVK,OTH,0.272,0.319,0.204
AC-204,Anthiyur,Erode District,11.3503,77.6893,199963,AIADMK,0.294,0.253,0.425,-26195,29.4,25.3,42.5,8.2,-13.1,🎯 AIADMK Belt Target,TANGEDCO MSME Power Tariff Increase,69,28,-41,Coimbatore Trade Chamber RTI,Coimbatore Trade Chamber RTI,https://www.thehindu.com/news/cities/Coimbatore/,ECI Form 20 actuals + Coimbatore Trade Chamber RTI NLP analysis (Aug 2026),Anthiyur தொகுதி மக்கள் கவனத்திற்கு! TANGEDCO MSME Power Tariff Increase கோரிக்கை நிறைவேற்ற TVK உறுதியான வாக்குறுதி!,📸 Anthiyur தொகுதி! TANGEDCO MSME Power Tariff Increase மற்றும் இளைஞர் வேலைவாய்ப்பு TVK முன்னுரிமை! #TVK #Anthiyur,Anthiyur AC-204: TANGEDCO MSME Power Tariff Increase is the #1 campaign priority. TVK current favorability 37.6%. #TVK,AIADMK,0.294,0.253,0.425
AC-205,Gobichettipalayam,Erode District,11.2459,77.7055,215969,TVK,0.467,0.425,0.244,9070,46.7,42.5,24.4,5.9,4.2,🛡️ TVK Fortress (>8K),Annamalai Univ Pension Fund Allocation,74,25,-49,Sun News Tamil Stream (Aug 2026),Sun News Tamil Stream (Aug 2026),https://www.youtube.com/@sunnewstamil/videos,ECI Form 20 actuals + Sun News Tamil Stream (Aug 2026) NLP analysis (Aug 2026),Gobichettipalayam தொகுதி மக்கள் கவனத்திற்கு! Annamalai Univ Pension Fund Allocation கோரிக்கை நிறைவேற்ற TVK உறுதியான வாக்குறுதி!,📸 Gobichettipalayam தொகுதி! Annamalai Univ Pension Fund Allocation மற்றும் இளைஞர் வேலைவாய்ப்பு TVK முன்னுரிமை! #TVK #Gobichettipalayam,Gobichettipalayam AC-205: Annamalai Univ Pension Fund Allocation is the #1 campaign priority. TVK current favorability 57.4%. #TVK,TVK,0.467,0.425,0.244
AC-206,Bhavanisagar,Erode District,11.349,77.7572,194812,TVK,0.448,0.238,0.212,40910,44.8,23.8,21.2,4.4,21.0,🛡️ TVK Fortress (>8K),Cauvery Delta Water Channel Maintenance,80,48,-32,Thanthi TV Delta Bulletin,Thanthi TV Delta Bulletin,https://www.youtube.com/@thanthitv/videos,ECI Form 20 actuals + Thanthi TV Delta Bulletin NLP analysis (Aug 2026),Bhavanisagar தொகுதி மக்கள் கவனத்திற்கு! Cauvery Delta Water Channel Maintenance கோரிக்கை நிறைவேற்ற TVK உறுதியான வாக்குறுதி!,📸 Bhavanisagar தொகுதி! Cauvery Delta Water Channel Maintenance மற்றும் இளைஞர் வேலைவாய்ப்பு TVK முன்னுரிமை! #TVK #Bhavanisagar,Bhavanisagar AC-206: Cauvery Delta Water Channel Maintenance is the #1 campaign priority. TVK current favorability 52.7%. #TVK,TVK,0.448,0.238,0.212
AC-207,Dharmapuri,Dharmapuri District,12.1157,78.1095,163405,DMK,0.393,0.427,0.233,-5555,39.3,42.7,23.3,4.0,-3.4,🎯 Target Recovery (>1.5K deficit),AIIMS Madurai Construction Speedup,82,48,-34,New Indian Express South Bureau,New Indian Express South Bureau,https://www.newindianexpress.com/states/tamil-nadu,ECI Form 20 actuals + New Indian Express South Bureau NLP analysis (Aug 2026),Dharmapuri தொகுதி மக்கள் கவனத்திற்கு! AIIMS Madurai Construction Speedup கோரிக்கை நிறைவேற்ற TVK உறுதியான வாக்குறுதி!,📸 Dharmapuri தொகுதி! AIIMS Madurai Construction Speedup மற்றும் இளைஞர் வேலைவாய்ப்பு TVK முன்னுரிமை! #TVK #Dharmapuri,Dharmapuri AC-207: AIIMS Madurai Construction Speedup is the #1 campaign priority. TVK current favorability 52.8%. #TVK,DMK,0.393,0.427,0.233
AC-208,Palacode,Dharmapuri District,12.0175,78.1979,187355,TVK,0.437,0.382,0.159,10304,43.7,38.2,15.9,8.0,5.5,🛡️ TVK Fortress (>8K),Unfilled Cashew & MSME Subsidies,78,30,-48,The Hindu TN Bureau (Aug 2026),The Hindu TN Bureau (Aug 2026),https://www.thehindu.com/news/national/tamil-nadu/,ECI Form 20 actuals + The Hindu TN Bureau (Aug 2026) NLP analysis (Aug 2026),Palacode தொகுதி மக்கள் கவனத்திற்கு! Unfilled Cashew & MSME Subsidies கோரிக்கை நிறைவேற்ற TVK உறுதியான வாக்குறுதி!,📸 Palacode தொகுதி! Unfilled Cashew & MSME Subsidies மற்றும் இளைஞர் வேலைவாய்ப்பு TVK முன்னுரிமை! #TVK #Palacode,Palacode AC-208: Unfilled Cashew & MSME Subsidies is the #1 campaign priority. TVK current favorability 55.1%. #TVK,TVK,0.437,0.382,0.159
AC-209,Pennagaram,Dharmapuri District,12.1672,78.2219,202071,TVK,0.379,0.286,0.192,18792,37.9,28.6,19.2,6.6,9.3,🛡️ TVK Fortress (>8K),"Kuruvai Paddy Procurement MSP ₹3,200/q",85,52,-33,"TN Agri Budget Report (Aug 6, 2026)","TN Agri Budget Report (Aug 6, 2026)",https://www.newindianexpress.com/states/tamil-nadu,"ECI Form 20 actuals + TN Agri Budget Report (Aug 6, 2026) NLP analysis (Aug 2026)","Pennagaram தொகுதி மக்கள் கவனத்திற்கு! Kuruvai Paddy Procurement MSP ₹3,200/q கோரிக்கை நிறைவேற்ற TVK உறுதியான வாக்குறுதி!","📸 Pennagaram தொகுதி! Kuruvai Paddy Procurement MSP ₹3,200/q மற்றும் இளைஞர் வேலைவாய்ப்பு TVK முன்னுரிமை! #TVK #Pennagaram","Pennagaram AC-209: Kuruvai Paddy Procurement MSP ₹3,200/q is the #1 campaign priority. TVK current favorability 48.8%. #TVK",TVK,0.379,0.286,0.192
AC-210,Harur,Dharmapuri District,12.2054,78.1978,252345,TVK,0.507,0.273,0.19,59048,50.7,27.3,19.0,11.5,23.4,🛡️ TVK Fortress (>8K),Youth Employment & 18% Unemployment Rate,81,35,-46,Puthiya Thalaimurai News (Aug 2026),Puthiya Thalaimurai News (Aug 2026),https://www.youtube.com/@puthiyathalaimuraitv/videos,ECI Form 20 actuals + Puthiya Thalaimurai News (Aug 2026) NLP analysis (Aug 2026),Harur தொகுதி மக்கள் கவனத்திற்கு! Youth Employment & 18% Unemployment Rate கோரிக்கை நிறைவேற்ற TVK உறுதியான வாக்குறுதி!,📸 Harur தொகுதி! Youth Employment & 18% Unemployment Rate மற்றும் இளைஞர் வேலைவாய்ப்பு TVK முன்னுரிமை! #TVK #Harur,Harur AC-210: Youth Employment & 18% Unemployment Rate is the #1 campaign priority. TVK current favorability 56.0%. #TVK,TVK,0.507,0.273,0.19
AC-211,Pappireddipatti,Dharmapuri District,12.1596,78.1308,184543,TVK,0.435,0.291,0.196,26574,43.5,29.1,19.6,8.4,14.4,🛡️ TVK Fortress (>8K),Monsoon Stormwater Drain Desilting,74,32,-42,Reddit r/TamilNadu Civic Thread,Reddit r/TamilNadu Civic Thread,https://www.reddit.com/r/TamilNadu/search/?q=drainage,ECI Form 20 actuals + Reddit r/TamilNadu Civic Thread NLP analysis (Aug 2026),Pappireddipatti தொகுதி மக்கள் கவனத்திற்கு! Monsoon Stormwater Drain Desilting கோரிக்கை நிறைவேற்ற TVK உறுதியான வாக்குறுதி!,📸 Pappireddipatti தொகுதி! Monsoon Stormwater Drain Desilting மற்றும் இளைஞர் வேலைவாய்ப்பு TVK முன்னுரிமை! #TVK #Pappireddipatti,Pappireddipatti AC-211: Monsoon Stormwater Drain Desilting is the #1 campaign priority. TVK current favorability 54.2%. #TVK,TVK,0.435,0.291,0.196
AC-212,Krishnagiri,Krishnagiri District,12.507,78.3049,179852,DMK,0.274,0.429,0.17,-27877,27.4,42.9,17.0,5.1,-15.5,🎯 Target Recovery (>1.5K deficit),TANGEDCO MSME Power Tariff Increase,69,28,-41,Coimbatore Trade Chamber RTI,Coimbatore Trade Chamber RTI,https://www.thehindu.com/news/cities/Coimbatore/,ECI Form 20 actuals + Coimbatore Trade Chamber RTI NLP analysis (Aug 2026),Krishnagiri தொகுதி மக்கள் கவனத்திற்கு! TANGEDCO MSME Power Tariff Increase கோரிக்கை நிறைவேற்ற TVK உறுதியான வாக்குறுதி!,📸 Krishnagiri தொகுதி! TANGEDCO MSME Power Tariff Increase மற்றும் இளைஞர் வேலைவாய்ப்பு TVK முன்னுரிமை! #TVK #Krishnagiri,Krishnagiri AC-212: TANGEDCO MSME Power Tariff Increase is the #1 campaign priority. TVK current favorability 41.3%. #TVK,DMK,0.274,0.429,0.17
AC-213,Hosur,Krishnagiri District,12.4355,78.1354,167579,DMK,0.401,0.476,0.228,-12568,40.1,47.6,22.8,9.2,-7.5,🎯 Target Recovery (>1.5K deficit),Annamalai Univ Pension Fund Allocation,74,25,-49,Sun News Tamil Stream (Aug 2026),Sun News Tamil Stream (Aug 2026),https://www.youtube.com/@sunnewstamil/videos,ECI Form 20 actuals + Sun News Tamil Stream (Aug 2026) NLP analysis (Aug 2026),Hosur தொகுதி மக்கள் கவனத்திற்கு! Annamalai Univ Pension Fund Allocation கோரிக்கை நிறைவேற்ற TVK உறுதியான வாக்குறுதி!,📸 Hosur தொகுதி! Annamalai Univ Pension Fund Allocation மற்றும் இளைஞர் வேலைவாய்ப்பு TVK முன்னுரிமை! #TVK #Hosur,Hosur AC-213: Annamalai Univ Pension Fund Allocation is the #1 campaign priority. TVK current favorability 57.3%. #TVK,DMK,0.401,0.476,0.228
AC-214,Thalli,Krishnagiri District,12.5583,78.2995,167287,DMK,0.252,0.408,0.198,-26096,25.2,40.8,19.8,8.9,-15.6,🎯 Target Recovery (>1.5K deficit),Cauvery Delta Water Channel Maintenance,80,48,-32,Thanthi TV Delta Bulletin,Thanthi TV Delta Bulletin,https://www.youtube.com/@thanthitv/videos,ECI Form 20 actuals + Thanthi TV Delta Bulletin NLP analysis (Aug 2026),Thalli தொகுதி மக்கள் கவனத்திற்கு! Cauvery Delta Water Channel Maintenance கோரிக்கை நிறைவேற்ற TVK உறுதியான வாக்குறுதி!,📸 Thalli தொகுதி! Cauvery Delta Water Channel Maintenance மற்றும் இளைஞர் வேலைவாய்ப்பு TVK முன்னுரிமை! #TVK #Thalli,Thalli AC-214: Cauvery Delta Water Channel Maintenance is the #1 campaign priority. TVK current favorability 39.1%. #TVK,DMK,0.252,0.408,0.198
AC-215,Uthangarai,Krishnagiri District,12.5575,78.2954,212802,DMK,0.355,0.472,0.167,-24897,35.5,47.2,16.7,9.9,-11.7,🎯 Target Recovery (>1.5K deficit),AIIMS Madurai Construction Speedup,82,48,-34,New Indian Express South Bureau,New Indian Express South Bureau,https://www.newindianexpress.com/states/tamil-nadu,ECI Form 20 actuals + New Indian Express South Bureau NLP analysis (Aug 2026),Uthangarai தொகுதி மக்கள் கவனத்திற்கு! AIIMS Madurai Construction Speedup கோரிக்கை நிறைவேற்ற TVK உறுதியான வாக்குறுதி!,📸 Uthangarai தொகுதி! AIIMS Madurai Construction Speedup மற்றும் இளைஞர் வேலைவாய்ப்பு TVK முன்னுரிமை! #TVK #Uthangarai,Uthangarai AC-215: AIIMS Madurai Construction Speedup is the #1 campaign priority. TVK current favorability 52.1%. #TVK,DMK,0.355,0.472,0.167
AC-216,Bargur,Krishnagiri District,12.5766,78.2897,157830,TVK,0.406,0.393,0.169,2051,40.6,39.3,16.9,10.6,1.3,⚠️ Fragile Hold (<3K),Unfilled Cashew & MSME Subsidies,78,30,-48,The Hindu TN Bureau (Aug 2026),The Hindu TN Bureau (Aug 2026),https://www.thehindu.com/news/national/tamil-nadu/,ECI Form 20 actuals + The Hindu TN Bureau (Aug 2026) NLP analysis (Aug 2026),Bargur தொகுதி மக்கள் கவனத்திற்கு! Unfilled Cashew & MSME Subsidies கோரிக்கை நிறைவேற்ற TVK உறுதியான வாக்குறுதி!,📸 Bargur தொகுதி! Unfilled Cashew & MSME Subsidies மற்றும் இளைஞர் வேலைவாய்ப்பு TVK முன்னுரிமை! #TVK #Bargur,Bargur AC-216: Unfilled Cashew & MSME Subsidies is the #1 campaign priority. TVK current favorability 47.4%. #TVK,TVK,0.406,0.393,0.169
AC-217,Veppanahalli,Krishnagiri District,12.6148,78.3082,217974,TVK,0.424,0.366,0.244,12642,42.4,36.6,24.4,4.5,5.8,🛡️ TVK Fortress (>8K),"Kuruvai Paddy Procurement MSP ₹3,200/q",85,52,-33,"TN Agri Budget Report (Aug 6, 2026)","TN Agri Budget Report (Aug 6, 2026)",https://www.newindianexpress.com/states/tamil-nadu,"ECI Form 20 actuals + TN Agri Budget Report (Aug 6, 2026) NLP analysis (Aug 2026)","Veppanahalli தொகுதி மக்கள் கவனத்திற்கு! Kuruvai Paddy Procurement MSP ₹3,200/q கோரிக்கை நிறைவேற்ற TVK உறுதியான வாக்குறுதி!","📸 Veppanahalli தொகுதி! Kuruvai Paddy Procurement MSP ₹3,200/q மற்றும் இளைஞர் வேலைவாய்ப்பு TVK முன்னுரிமை! #TVK #Veppanahalli","Veppanahalli AC-217: Kuruvai Paddy Procurement MSP ₹3,200/q is the #1 campaign priority. TVK current favorability 53.2%. #TVK",TVK,0.424,0.366,0.244
AC-218,Salem North,Salem District,11.6204,78.2166,206859,TVK,0.407,0.315,0.178,19031,40.7,31.5,17.8,5.1,9.2,🛡️ TVK Fortress (>8K),Youth Employment & 18% Unemployment Rate,81,35,-46,Puthiya Thalaimurai News (Aug 2026),Puthiya Thalaimurai News (Aug 2026),https://www.youtube.com/@puthiyathalaimuraitv/videos,ECI Form 20 actuals + Puthiya Thalaimurai News (Aug 2026) NLP analysis (Aug 2026),Salem North தொகுதி மக்கள் கவனத்திற்கு! Youth Employment & 18% Unemployment Rate கோரிக்கை நிறைவேற்ற TVK உறுதியான வாக்குறுதி!,📸 Salem North தொகுதி! Youth Employment & 18% Unemployment Rate மற்றும் இளைஞர் வேலைவாய்ப்பு TVK முன்னுரிமை! #TVK #SalemNorth,Salem North AC-218: Youth Employment & 18% Unemployment Rate is the #1 campaign priority. TVK current favorability 52.6%. #TVK,TVK,0.407,0.315,0.178
AC-219,Salem South,Salem District,11.6037,78.0307,195055,AIADMK,0.261,0.23,0.38,-23211,26.1,23.0,38.0,11.5,-11.9,🎯 AIADMK Belt Target,Monsoon Stormwater Drain Desilting,74,32,-42,Reddit r/TamilNadu Civic Thread,Reddit r/TamilNadu Civic Thread,https://www.reddit.com/r/TamilNadu/search/?q=drainage,ECI Form 20 actuals + Reddit r/TamilNadu Civic Thread NLP analysis (Aug 2026),Salem South தொகுதி மக்கள் கவனத்திற்கு! Monsoon Stormwater Drain Desilting கோரிக்கை நிறைவேற்ற TVK உறுதியான வாக்குறுதி!,📸 Salem South தொகுதி! Monsoon Stormwater Drain Desilting மற்றும் இளைஞர் வேலைவாய்ப்பு TVK முன்னுரிமை! #TVK #SalemSouth,Salem South AC-219: Monsoon Stormwater Drain Desilting is the #1 campaign priority. TVK current favorability 42.0%. #TVK,AIADMK,0.261,0.23,0.38
AC-220,Salem West,Salem District,11.5965,78.1609,200835,AIADMK,0.31,0.271,0.417,-21489,31.0,27.1,41.7,5.1,-10.7,🎯 AIADMK Belt Target,TANGEDCO MSME Power Tariff Increase,69,28,-41,Coimbatore Trade Chamber RTI,Coimbatore Trade Chamber RTI,https://www.thehindu.com/news/cities/Coimbatore/,ECI Form 20 actuals + Coimbatore Trade Chamber RTI NLP analysis (Aug 2026),Salem West தொகுதி மக்கள் கவனத்திற்கு! TANGEDCO MSME Power Tariff Increase கோரிக்கை நிறைவேற்ற TVK உறுதியான வாக்குறுதி!,📸 Salem West தொகுதி! TANGEDCO MSME Power Tariff Increase மற்றும் இளைஞர் வேலைவாய்ப்பு TVK முன்னுரிமை! #TVK #SalemWest,Salem West AC-220: TANGEDCO MSME Power Tariff Increase is the #1 campaign priority. TVK current favorability 43.8%. #TVK,AIADMK,0.31,0.271,0.417
AC-221,Omalur,Salem District,11.6215,78.1784,141363,DMK,0.311,0.396,0.201,-12015,31.1,39.6,20.1,7.6,-8.5,🎯 Target Recovery (>1.5K deficit),Annamalai Univ Pension Fund Allocation,74,25,-49,Sun News Tamil Stream (Aug 2026),Sun News Tamil Stream (Aug 2026),https://www.youtube.com/@sunnewstamil/videos,ECI Form 20 actuals + Sun News Tamil Stream (Aug 2026) NLP analysis (Aug 2026),Omalur தொகுதி மக்கள் கவனத்திற்கு! Annamalai Univ Pension Fund Allocation கோரிக்கை நிறைவேற்ற TVK உறுதியான வாக்குறுதி!,📸 Omalur தொகுதி! Annamalai Univ Pension Fund Allocation மற்றும் இளைஞர் வேலைவாய்ப்பு TVK முன்னுரிமை! #TVK #Omalur,Omalur AC-221: Annamalai Univ Pension Fund Allocation is the #1 campaign priority. TVK current favorability 50.2%. #TVK,DMK,0.311,0.396,0.201
AC-222,Mettur,Salem District,11.6496,78.2447,235892,TVK,0.449,0.226,0.186,52603,44.9,22.6,18.6,5.0,22.3,🛡️ TVK Fortress (>8K),Cauvery Delta Water Channel Maintenance,80,48,-32,Thanthi TV Delta Bulletin,Thanthi TV Delta Bulletin,https://www.youtube.com/@thanthitv/videos,ECI Form 20 actuals + Thanthi TV Delta Bulletin NLP analysis (Aug 2026),Mettur தொகுதி மக்கள் கவனத்திற்கு! Cauvery Delta Water Channel Maintenance கோரிக்கை நிறைவேற்ற TVK உறுதியான வாக்குறுதி!,📸 Mettur தொகுதி! Cauvery Delta Water Channel Maintenance மற்றும் இளைஞர் வேலைவாய்ப்பு TVK முன்னுரிமை! #TVK #Mettur,Mettur AC-222: Cauvery Delta Water Channel Maintenance is the #1 campaign priority. TVK current favorability 52.2%. #TVK,TVK,0.449,0.226,0.186
AC-223,Yercaud,Salem District,11.7686,78.0906,215272,AIADMK,0.29,0.287,0.429,-29922,29.0,28.7,42.9,5.8,-13.9,🎯 AIADMK Belt Target,AIIMS Madurai Construction Speedup,82,48,-34,New Indian Express South Bureau,New Indian Express South Bureau,https://www.newindianexpress.com/states/tamil-nadu,ECI Form 20 actuals + New Indian Express South Bureau NLP analysis (Aug 2026),Yercaud தொகுதி மக்கள் கவனத்திற்கு! AIIMS Madurai Construction Speedup கோரிக்கை நிறைவேற்ற TVK உறுதியான வாக்குறுதி!,📸 Yercaud தொகுதி! AIIMS Madurai Construction Speedup மற்றும் இளைஞர் வேலைவாய்ப்பு TVK முன்னுரிமை! #TVK #Yercaud,Yercaud AC-223: AIIMS Madurai Construction Speedup is the #1 campaign priority. TVK current favorability 44.0%. #TVK,AIADMK,0.29,0.287,0.429
AC-224,Edappadi,Salem District,11.5813,78.1251,187609,AIADMK,0.355,0.297,0.391,-6753,35.5,29.7,39.1,7.2,-3.6,🎯 AIADMK Belt Target,Unfilled Cashew & MSME Subsidies,78,30,-48,The Hindu TN Bureau (Aug 2026),The Hindu TN Bureau (Aug 2026),https://www.thehindu.com/news/national/tamil-nadu/,ECI Form 20 actuals + The Hindu TN Bureau (Aug 2026) NLP analysis (Aug 2026),Edappadi தொகுதி மக்கள் கவனத்திற்கு! Unfilled Cashew & MSME Subsidies கோரிக்கை நிறைவேற்ற TVK உறுதியான வாக்குறுதி!,📸 Edappadi தொகுதி! Unfilled Cashew & MSME Subsidies மற்றும் இளைஞர் வேலைவாய்ப்பு TVK முன்னுரிமை! #TVK #Edappadi,Edappadi AC-224: Unfilled Cashew & MSME Subsidies is the #1 campaign priority. TVK current favorability 49.6%. #TVK,AIADMK,0.355,0.297,0.391
AC-225,Sankari,Salem District,11.6369,78.2216,247655,AIADMK,0.338,0.199,0.435,-24022,33.8,19.9,43.5,9.4,-9.7,🎯 AIADMK Belt Target,"Kuruvai Paddy Procurement MSP ₹3,200/q",85,52,-33,"TN Agri Budget Report (Aug 6, 2026)","TN Agri Budget Report (Aug 6, 2026)",https://www.newindianexpress.com/states/tamil-nadu,"ECI Form 20 actuals + TN Agri Budget Report (Aug 6, 2026) NLP analysis (Aug 2026)","Sankari தொகுதி மக்கள் கவனத்திற்கு! Kuruvai Paddy Procurement MSP ₹3,200/q கோரிக்கை நிறைவேற்ற TVK உறுதியான வாக்குறுதி!","📸 Sankari தொகுதி! Kuruvai Paddy Procurement MSP ₹3,200/q மற்றும் இளைஞர் வேலைவாய்ப்பு TVK முன்னுரிமை! #TVK #Sankari","Sankari AC-225: Kuruvai Paddy Procurement MSP ₹3,200/q is the #1 campaign priority. TVK current favorability 44.5%. #TVK",AIADMK,0.338,0.199,0.435
AC-226,Attur,Salem District,11.5662,78.0834,172919,DMK,0.271,0.461,0.221,-32854,27.1,46.1,22.1,9.3,-19.0,🎯 Target Recovery (>1.5K deficit),Youth Employment & 18% Unemployment Rate,81,35,-46,Puthiya Thalaimurai News (Aug 2026),Puthiya Thalaimurai News (Aug 2026),https://www.youtube.com/@puthiyathalaimuraitv/videos,ECI Form 20 actuals + Puthiya Thalaimurai News (Aug 2026) NLP analysis (Aug 2026),Attur தொகுதி மக்கள் கவனத்திற்கு! Youth Employment & 18% Unemployment Rate கோரிக்கை நிறைவேற்ற TVK உறுதியான வாக்குறுதி!,📸 Attur தொகுதி! Youth Employment & 18% Unemployment Rate மற்றும் இளைஞர் வேலைவாய்ப்பு TVK முன்னுரிமை! #TVK #Attur,Attur AC-226: Youth Employment & 18% Unemployment Rate is the #1 campaign priority. TVK current favorability 43.8%. #TVK,DMK,0.271,0.461,0.221
AC-227,Yethapur,Salem District,11.6741,78.2056,199111,DMK,0.37,0.442,0.194,-14335,37.0,44.2,19.4,7.5,-7.2,🎯 Target Recovery (>1.5K deficit),Monsoon Stormwater Drain Desilting,74,32,-42,Reddit r/TamilNadu Civic Thread,Reddit r/TamilNadu Civic Thread,https://www.reddit.com/r/TamilNadu/search/?q=drainage,ECI Form 20 actuals + Reddit r/TamilNadu Civic Thread NLP analysis (Aug 2026),Yethapur தொகுதி மக்கள் கவனத்திற்கு! Monsoon Stormwater Drain Desilting கோரிக்கை நிறைவேற்ற TVK உறுதியான வாக்குறுதி!,📸 Yethapur தொகுதி! Monsoon Stormwater Drain Desilting மற்றும் இளைஞர் வேலைவாய்ப்பு TVK முன்னுரிமை! #TVK #Yethapur,Yethapur AC-227: Monsoon Stormwater Drain Desilting is the #1 campaign priority. TVK current favorability 55.1%. #TVK,DMK,0.37,0.442,0.194
AC-228,Gangavalli,Salem District,11.6711,78.119,224567,TVK,0.38,0.343,0.238,8308,38.0,34.3,23.8,11.8,3.7,🛡️ TVK Fortress (>8K),TANGEDCO MSME Power Tariff Increase,69,28,-41,Coimbatore Trade Chamber RTI,Coimbatore Trade Chamber RTI,https://www.thehindu.com/news/cities/Coimbatore/,ECI Form 20 actuals + Coimbatore Trade Chamber RTI NLP analysis (Aug 2026),Gangavalli தொகுதி மக்கள் கவனத்திற்கு! TANGEDCO MSME Power Tariff Increase கோரிக்கை நிறைவேற்ற TVK உறுதியான வாக்குறுதி!,📸 Gangavalli தொகுதி! TANGEDCO MSME Power Tariff Increase மற்றும் இளைஞர் வேலைவாய்ப்பு TVK முன்னுரிமை! #TVK #Gangavalli,Gangavalli AC-228: TANGEDCO MSME Power Tariff Increase is the #1 campaign priority. TVK current favorability 45.2%. #TVK,TVK,0.38,0.343,0.238
AC-229,Namakkal,Namakkal District,11.1951,78.2679,186209,OTH,0.297,0.311,0.186,-2606,29.7,31.1,18.6,6.0,-1.4,⚔️ Swing Battleground,Annamalai Univ Pension Fund Allocation,74,25,-49,Sun News Tamil Stream (Aug 2026),Sun News Tamil Stream (Aug 2026),https://www.youtube.com/@sunnewstamil/videos,ECI Form 20 actuals + Sun News Tamil Stream (Aug 2026) NLP analysis (Aug 2026),Namakkal தொகுதி மக்கள் கவனத்திற்கு! Annamalai Univ Pension Fund Allocation கோரிக்கை நிறைவேற்ற TVK உறுதியான வாக்குறுதி!,📸 Namakkal தொகுதி! Annamalai Univ Pension Fund Allocation மற்றும் இளைஞர் வேலைவாய்ப்பு TVK முன்னுரிமை! #TVK #Namakkal,Namakkal AC-229: Annamalai Univ Pension Fund Allocation is the #1 campaign priority. TVK current favorability 36.0%. #TVK,OTH,0.297,0.311,0.186
AC-230,Rasipuram,Namakkal District,11.266,78.1448,221813,TVK,0.411,0.241,0.222,37708,41.1,24.1,22.2,9.5,17.0,🛡️ TVK Fortress (>8K),Cauvery Delta Water Channel Maintenance,80,48,-32,Thanthi TV Delta Bulletin,Thanthi TV Delta Bulletin,https://www.youtube.com/@thanthitv/videos,ECI Form 20 actuals + Thanthi TV Delta Bulletin NLP analysis (Aug 2026),Rasipuram தொகுதி மக்கள் கவனத்திற்கு! Cauvery Delta Water Channel Maintenance கோரிக்கை நிறைவேற்ற TVK உறுதியான வாக்குறுதி!,📸 Rasipuram தொகுதி! Cauvery Delta Water Channel Maintenance மற்றும் இளைஞர் வேலைவாய்ப்பு TVK முன்னுரிமை! #TVK #Rasipuram,Rasipuram AC-230: Cauvery Delta Water Channel Maintenance is the #1 campaign priority. TVK current favorability 48.0%. #TVK,TVK,0.411,0.241,0.222
AC-231,Senthamangalam,Namakkal District,11.2283,78.2428,190968,AIADMK,0.371,0.227,0.384,-2482,37.1,22.7,38.4,10.1,-1.3,🎯 AIADMK Belt Target,AIIMS Madurai Construction Speedup,82,48,-34,New Indian Express South Bureau,New Indian Express South Bureau,https://www.newindianexpress.com/states/tamil-nadu,ECI Form 20 actuals + New Indian Express South Bureau NLP analysis (Aug 2026),Senthamangalam தொகுதி மக்கள் கவனத்திற்கு! AIIMS Madurai Construction Speedup கோரிக்கை நிறைவேற்ற TVK உறுதியான வாக்குறுதி!,📸 Senthamangalam தொகுதி! AIIMS Madurai Construction Speedup மற்றும் இளைஞர் வேலைவாய்ப்பு TVK முன்னுரிமை! #TVK #Senthamangalam,Senthamangalam AC-231: AIIMS Madurai Construction Speedup is the #1 campaign priority. TVK current favorability 50.7%. #TVK,AIADMK,0.371,0.227,0.384
AC-232,Paramathi-Velur,Namakkal District,11.3253,78.2185,187495,TVK,0.412,0.232,0.218,33749,41.2,23.2,21.8,9.3,18.0,🛡️ TVK Fortress (>8K),Unfilled Cashew & MSME Subsidies,78,30,-48,The Hindu TN Bureau (Aug 2026),The Hindu TN Bureau (Aug 2026),https://www.thehindu.com/news/national/tamil-nadu/,ECI Form 20 actuals + The Hindu TN Bureau (Aug 2026) NLP analysis (Aug 2026),Paramathi-Velur தொகுதி மக்கள் கவனத்திற்கு! Unfilled Cashew & MSME Subsidies கோரிக்கை நிறைவேற்ற TVK உறுதியான வாக்குறுதி!,📸 Paramathi-Velur தொகுதி! Unfilled Cashew & MSME Subsidies மற்றும் இளைஞர் வேலைவாய்ப்பு TVK முன்னுரிமை! #TVK #Paramathi-Velur,Paramathi-Velur AC-232: Unfilled Cashew & MSME Subsidies is the #1 campaign priority. TVK current favorability 49.2%. #TVK,TVK,0.412,0.232,0.218
AC-233,Tiruchengodu,Namakkal District,11.1842,78.2217,193332,DMK,0.299,0.393,0.222,-18173,29.9,39.3,22.2,9.2,-9.4,🎯 Target Recovery (>1.5K deficit),"Kuruvai Paddy Procurement MSP ₹3,200/q",85,52,-33,"TN Agri Budget Report (Aug 6, 2026)","TN Agri Budget Report (Aug 6, 2026)",https://www.newindianexpress.com/states/tamil-nadu,"ECI Form 20 actuals + TN Agri Budget Report (Aug 6, 2026) NLP analysis (Aug 2026)","Tiruchengodu தொகுதி மக்கள் கவனத்திற்கு! Kuruvai Paddy Procurement MSP ₹3,200/q கோரிக்கை நிறைவேற்ற TVK உறுதியான வாக்குறுதி!","📸 Tiruchengodu தொகுதி! Kuruvai Paddy Procurement MSP ₹3,200/q மற்றும் இளைஞர் வேலைவாய்ப்பு TVK முன்னுரிமை! #TVK #Tiruchengodu","Tiruchengodu AC-233: Kuruvai Paddy Procurement MSP ₹3,200/q is the #1 campaign priority. TVK current favorability 46.7%. #TVK",DMK,0.299,0.393,0.222
AC-234,Kumarapalayam,Namakkal District,11.2805,78.1259,236031,TVK,0.364,0.266,0.196,23131,36.4,26.6,19.6,11.0,9.8,🛡️ TVK Fortress (>8K),Youth Employment & 18% Unemployment Rate,81,35,-46,Puthiya Thalaimurai News (Aug 2026),Puthiya Thalaimurai News (Aug 2026),https://www.youtube.com/@puthiyathalaimuraitv/videos,ECI Form 20 actuals + Puthiya Thalaimurai News (Aug 2026) NLP analysis (Aug 2026),Kumarapalayam தொகுதி மக்கள் கவனத்திற்கு! Youth Employment & 18% Unemployment Rate கோரிக்கை நிறைவேற்ற TVK உறுதியான வாக்குறுதி!,📸 Kumarapalayam தொகுதி! Youth Employment & 18% Unemployment Rate மற்றும் இளைஞர் வேலைவாய்ப்பு TVK முன்னுரிமை! #TVK #Kumarapalayam,Kumarapalayam AC-234: Youth Employment & 18% Unemployment Rate is the #1 campaign priority. TVK current favorability 45.7%. #TVK,TVK,0.364,0.266,0.196
