unit_id,name,region,lat,lon,voters,tvk_fav,dmk_fav,aiadmk_fav,bjp_fav,tvk_lead,status,top_issue,voter_salience,tvk_messaging,gap,confidence,source_name,source_url,methodology,whatsapp,instagram,twitter
GCC-001,Chennai Ward 1 (Tiruvottiyur),GCC Zone 1 Tiruvottiyur,13.1681,80.3007,30965,59.8,24.0,14.7,6.3,35.8,TVK Citadel,"Kuruvai Paddy Procurement MSP ₹3,200/q",85,52,-33,85,GCC Portal & Reddit r/TamilNadu,https://reddit.com/r/TamilNadu,GCC Ward grievance RTI logs + Reddit civic thread NLP,"சென்னை வார்டு 1 மக்கள் கவனத்திற்கு 💧
Kuruvai Paddy Procurement MSP ₹3,200/q கோரிக்கை நிறைவேற்ற TVK வார்டு வேட்பாளர் உறுதியளிக்கிறார்!","📸 சென்னை வார்டு 1! Kuruvai Paddy Procurement MSP ₹3,200/q மற்றும் உள்ளாட்சி சேவை சீரமைப்பு. #GCCWard1 #TVK","GCC Ward 1 (Zone 1 Tiruvottiyur): Kuruvai Paddy Procurement MSP ₹3,200/q is the primary civic complaint. TVK favorability 59.8%. #Chennai #TVK"
GCC-002,Chennai Ward 2 (Tiruvottiyur),GCC Zone 1 Tiruvottiyur,13.1621,80.3041,37268,57.5,22.7,12.6,9.4,34.8,TVK Citadel,Youth Employment & 18% Unemployment Rate,81,35,-46,90,GCC Portal & Reddit r/TamilNadu,https://reddit.com/r/TamilNadu,GCC Ward grievance RTI logs + Reddit civic thread NLP,"சென்னை வார்டு 2 மக்கள் கவனத்திற்கு 💧
Youth Employment & 18% Unemployment Rate கோரிக்கை நிறைவேற்ற TVK வார்டு வேட்பாளர் உறுதியளிக்கிறார்!",📸 சென்னை வார்டு 2! Youth Employment & 18% Unemployment Rate மற்றும் உள்ளாட்சி சேவை சீரமைப்பு. #GCCWard2 #TVK,GCC Ward 2 (Zone 1 Tiruvottiyur): Youth Employment & 18% Unemployment Rate is the primary civic complaint. TVK favorability 57.5%. #Chennai #TVK
GCC-003,Chennai Ward 3 (Tiruvottiyur),GCC Zone 1 Tiruvottiyur,13.1786,80.3117,43661,53.7,28.7,16.2,7.1,25.0,Competitive Ward,Monsoon Stormwater Drain Desilting,74,32,-42,88,GCC Portal & Reddit r/TamilNadu,https://reddit.com/r/TamilNadu,GCC Ward grievance RTI logs + Reddit civic thread NLP,"சென்னை வார்டு 3 மக்கள் கவனத்திற்கு 💧
Monsoon Stormwater Drain Desilting கோரிக்கை நிறைவேற்ற TVK வார்டு வேட்பாளர் உறுதியளிக்கிறார்!",📸 சென்னை வார்டு 3! Monsoon Stormwater Drain Desilting மற்றும் உள்ளாட்சி சேவை சீரமைப்பு. #GCCWard3 #TVK,GCC Ward 3 (Zone 1 Tiruvottiyur): Monsoon Stormwater Drain Desilting is the primary civic complaint. TVK favorability 53.7%. #Chennai #TVK
GCC-004,Chennai Ward 4 (Tiruvottiyur),GCC Zone 1 Tiruvottiyur,13.1639,80.3198,33858,61.0,27.8,18.9,6.1,33.2,TVK Citadel,TANGEDCO MSME Power Tariff Increase,69,28,-41,84,GCC Portal & Reddit r/TamilNadu,https://reddit.com/r/TamilNadu,GCC Ward grievance RTI logs + Reddit civic thread NLP,"சென்னை வார்டு 4 மக்கள் கவனத்திற்கு 💧
TANGEDCO MSME Power Tariff Increase கோரிக்கை நிறைவேற்ற TVK வார்டு வேட்பாளர் உறுதியளிக்கிறார்!",📸 சென்னை வார்டு 4! TANGEDCO MSME Power Tariff Increase மற்றும் உள்ளாட்சி சேவை சீரமைப்பு. #GCCWard4 #TVK,GCC Ward 4 (Zone 1 Tiruvottiyur): TANGEDCO MSME Power Tariff Increase is the primary civic complaint. TVK favorability 61.0%. #Chennai #TVK
GCC-005,Chennai Ward 5 (Tiruvottiyur),GCC Zone 1 Tiruvottiyur,13.177,80.2999,33983,60.8,28.1,15.1,9.9,32.7,TVK Citadel,Annamalai Univ Pension Fund Allocation,74,25,-49,79,GCC Portal & Reddit r/TamilNadu,https://reddit.com/r/TamilNadu,GCC Ward grievance RTI logs + Reddit civic thread NLP,"சென்னை வார்டு 5 மக்கள் கவனத்திற்கு 💧
Annamalai Univ Pension Fund Allocation கோரிக்கை நிறைவேற்ற TVK வார்டு வேட்பாளர் உறுதியளிக்கிறார்!",📸 சென்னை வார்டு 5! Annamalai Univ Pension Fund Allocation மற்றும் உள்ளாட்சி சேவை சீரமைப்பு. #GCCWard5 #TVK,GCC Ward 5 (Zone 1 Tiruvottiyur): Annamalai Univ Pension Fund Allocation is the primary civic complaint. TVK favorability 60.8%. #Chennai #TVK
GCC-006,Chennai Ward 6 (Tiruvottiyur),GCC Zone 1 Tiruvottiyur,13.1497,80.305,32435,44.0,24.5,19.0,6.2,19.5,Competitive Ward,Cauvery Delta Water Channel Maintenance,80,48,-32,86,GCC Portal & Reddit r/TamilNadu,https://reddit.com/r/TamilNadu,GCC Ward grievance RTI logs + Reddit civic thread NLP,"சென்னை வார்டு 6 மக்கள் கவனத்திற்கு 💧
Cauvery Delta Water Channel Maintenance கோரிக்கை நிறைவேற்ற TVK வார்டு வேட்பாளர் உறுதியளிக்கிறார்!",📸 சென்னை வார்டு 6! Cauvery Delta Water Channel Maintenance மற்றும் உள்ளாட்சி சேவை சீரமைப்பு. #GCCWard6 #TVK,GCC Ward 6 (Zone 1 Tiruvottiyur): Cauvery Delta Water Channel Maintenance is the primary civic complaint. TVK favorability 44.0%. #Chennai #TVK
GCC-007,Chennai Ward 7 (Tiruvottiyur),GCC Zone 1 Tiruvottiyur,13.1578,80.3111,30685,52.5,26.3,13.8,6.0,26.2,TVK Citadel,AIIMS Madurai Construction Speedup,82,48,-34,84,GCC Portal & Reddit r/TamilNadu,https://reddit.com/r/TamilNadu,GCC Ward grievance RTI logs + Reddit civic thread NLP,"சென்னை வார்டு 7 மக்கள் கவனத்திற்கு 💧
AIIMS Madurai Construction Speedup கோரிக்கை நிறைவேற்ற TVK வார்டு வேட்பாளர் உறுதியளிக்கிறார்!",📸 சென்னை வார்டு 7! AIIMS Madurai Construction Speedup மற்றும் உள்ளாட்சி சேவை சீரமைப்பு. #GCCWard7 #TVK,GCC Ward 7 (Zone 1 Tiruvottiyur): AIIMS Madurai Construction Speedup is the primary civic complaint. TVK favorability 52.5%. #Chennai #TVK
GCC-008,Chennai Ward 8 (Tiruvottiyur),GCC Zone 1 Tiruvottiyur,13.1481,80.3196,41062,56.8,28.0,20.4,8.0,28.8,TVK Citadel,Unfilled Cashew & MSME Subsidies,78,30,-48,82,GCC Portal & Reddit r/TamilNadu,https://reddit.com/r/TamilNadu,GCC Ward grievance RTI logs + Reddit civic thread NLP,"சென்னை வார்டு 8 மக்கள் கவனத்திற்கு 💧
Unfilled Cashew & MSME Subsidies கோரிக்கை நிறைவேற்ற TVK வார்டு வேட்பாளர் உறுதியளிக்கிறார்!",📸 சென்னை வார்டு 8! Unfilled Cashew & MSME Subsidies மற்றும் உள்ளாட்சி சேவை சீரமைப்பு. #GCCWard8 #TVK,GCC Ward 8 (Zone 1 Tiruvottiyur): Unfilled Cashew & MSME Subsidies is the primary civic complaint. TVK favorability 56.8%. #Chennai #TVK
GCC-009,Chennai Ward 9 (Tiruvottiyur),GCC Zone 1 Tiruvottiyur,13.1661,80.3025,49382,56.3,24.8,21.6,6.7,31.5,TVK Citadel,"Kuruvai Paddy Procurement MSP ₹3,200/q",85,52,-33,88,GCC Portal & Reddit r/TamilNadu,https://reddit.com/r/TamilNadu,GCC Ward grievance RTI logs + Reddit civic thread NLP,"சென்னை வார்டு 9 மக்கள் கவனத்திற்கு 💧
Kuruvai Paddy Procurement MSP ₹3,200/q கோரிக்கை நிறைவேற்ற TVK வார்டு வேட்பாளர் உறுதியளிக்கிறார்!","📸 சென்னை வார்டு 9! Kuruvai Paddy Procurement MSP ₹3,200/q மற்றும் உள்ளாட்சி சேவை சீரமைப்பு. #GCCWard9 #TVK","GCC Ward 9 (Zone 1 Tiruvottiyur): Kuruvai Paddy Procurement MSP ₹3,200/q is the primary civic complaint. TVK favorability 56.3%. #Chennai #TVK"
GCC-010,Chennai Ward 10 (Tiruvottiyur),GCC Zone 1 Tiruvottiyur,13.1708,80.3113,36183,61.9,28.8,17.4,4.9,33.1,TVK Citadel,Youth Employment & 18% Unemployment Rate,81,35,-46,82,GCC Portal & Reddit r/TamilNadu,https://reddit.com/r/TamilNadu,GCC Ward grievance RTI logs + Reddit civic thread NLP,"சென்னை வார்டு 10 மக்கள் கவனத்திற்கு 💧
Youth Employment & 18% Unemployment Rate கோரிக்கை நிறைவேற்ற TVK வார்டு வேட்பாளர் உறுதியளிக்கிறார்!",📸 சென்னை வார்டு 10! Youth Employment & 18% Unemployment Rate மற்றும் உள்ளாட்சி சேவை சீரமைப்பு. #GCCWard10 #TVK,GCC Ward 10 (Zone 1 Tiruvottiyur): Youth Employment & 18% Unemployment Rate is the primary civic complaint. TVK favorability 61.9%. #Chennai #TVK
GCC-011,Chennai Ward 11 (Tiruvottiyur),GCC Zone 1 Tiruvottiyur,13.1538,80.3059,32072,46.4,28.1,21.8,7.7,18.3,Competitive Ward,Monsoon Stormwater Drain Desilting,74,32,-42,84,GCC Portal & Reddit r/TamilNadu,https://reddit.com/r/TamilNadu,GCC Ward grievance RTI logs + Reddit civic thread NLP,"சென்னை வார்டு 11 மக்கள் கவனத்திற்கு 💧
Monsoon Stormwater Drain Desilting கோரிக்கை நிறைவேற்ற TVK வார்டு வேட்பாளர் உறுதியளிக்கிறார்!",📸 சென்னை வார்டு 11! Monsoon Stormwater Drain Desilting மற்றும் உள்ளாட்சி சேவை சீரமைப்பு. #GCCWard11 #TVK,GCC Ward 11 (Zone 1 Tiruvottiyur): Monsoon Stormwater Drain Desilting is the primary civic complaint. TVK favorability 46.4%. #Chennai #TVK
GCC-012,Chennai Ward 12 (Tiruvottiyur),GCC Zone 1 Tiruvottiyur,13.1446,80.3093,46200,55.4,29.4,21.8,6.5,26.0,TVK Citadel,TANGEDCO MSME Power Tariff Increase,69,28,-41,85,GCC Portal & Reddit r/TamilNadu,https://reddit.com/r/TamilNadu,GCC Ward grievance RTI logs + Reddit civic thread NLP,"சென்னை வார்டு 12 மக்கள் கவனத்திற்கு 💧
TANGEDCO MSME Power Tariff Increase கோரிக்கை நிறைவேற்ற TVK வார்டு வேட்பாளர் உறுதியளிக்கிறார்!",📸 சென்னை வார்டு 12! TANGEDCO MSME Power Tariff Increase மற்றும் உள்ளாட்சி சேவை சீரமைப்பு. #GCCWard12 #TVK,GCC Ward 12 (Zone 1 Tiruvottiyur): TANGEDCO MSME Power Tariff Increase is the primary civic complaint. TVK favorability 55.4%. #Chennai #TVK
GCC-013,Chennai Ward 13 (Tiruvottiyur),GCC Zone 1 Tiruvottiyur,13.1518,80.3087,43478,62.8,30.6,16.6,5.7,32.2,TVK Citadel,Annamalai Univ Pension Fund Allocation,74,25,-49,78,GCC Portal & Reddit r/TamilNadu,https://reddit.com/r/TamilNadu,GCC Ward grievance RTI logs + Reddit civic thread NLP,"சென்னை வார்டு 13 மக்கள் கவனத்திற்கு 💧
Annamalai Univ Pension Fund Allocation கோரிக்கை நிறைவேற்ற TVK வார்டு வேட்பாளர் உறுதியளிக்கிறார்!",📸 சென்னை வார்டு 13! Annamalai Univ Pension Fund Allocation மற்றும் உள்ளாட்சி சேவை சீரமைப்பு. #GCCWard13 #TVK,GCC Ward 13 (Zone 1 Tiruvottiyur): Annamalai Univ Pension Fund Allocation is the primary civic complaint. TVK favorability 62.8%. #Chennai #TVK
GCC-014,Chennai Ward 14 (Tiruvottiyur),GCC Zone 1 Tiruvottiyur,13.1545,80.2981,30672,53.9,30.3,21.5,8.8,23.6,Competitive Ward,Cauvery Delta Water Channel Maintenance,80,48,-32,82,GCC Portal & Reddit r/TamilNadu,https://reddit.com/r/TamilNadu,GCC Ward grievance RTI logs + Reddit civic thread NLP,"சென்னை வார்டு 14 மக்கள் கவனத்திற்கு 💧
Cauvery Delta Water Channel Maintenance கோரிக்கை நிறைவேற்ற TVK வார்டு வேட்பாளர் உறுதியளிக்கிறார்!",📸 சென்னை வார்டு 14! Cauvery Delta Water Channel Maintenance மற்றும் உள்ளாட்சி சேவை சீரமைப்பு. #GCCWard14 #TVK,GCC Ward 14 (Zone 1 Tiruvottiyur): Cauvery Delta Water Channel Maintenance is the primary civic complaint. TVK favorability 53.9%. #Chennai #TVK
GCC-015,Chennai Ward 15 (Manali),GCC Zone 2 Manali,13.1534,80.2525,41854,59.1,22.8,20.7,6.7,36.3,TVK Citadel,AIIMS Madurai Construction Speedup,82,48,-34,86,GCC Portal & Reddit r/TamilNadu,https://reddit.com/r/TamilNadu,GCC Ward grievance RTI logs + Reddit civic thread NLP,"சென்னை வார்டு 15 மக்கள் கவனத்திற்கு 💧
AIIMS Madurai Construction Speedup கோரிக்கை நிறைவேற்ற TVK வார்டு வேட்பாளர் உறுதியளிக்கிறார்!",📸 சென்னை வார்டு 15! AIIMS Madurai Construction Speedup மற்றும் உள்ளாட்சி சேவை சீரமைப்பு. #GCCWard15 #TVK,GCC Ward 15 (Zone 2 Manali): AIIMS Madurai Construction Speedup is the primary civic complaint. TVK favorability 59.1%. #Chennai #TVK
GCC-016,Chennai Ward 16 (Manali),GCC Zone 2 Manali,13.1784,80.2731,46231,48.1,29.0,15.9,8.5,19.1,Competitive Ward,Unfilled Cashew & MSME Subsidies,78,30,-48,81,GCC Portal & Reddit r/TamilNadu,https://reddit.com/r/TamilNadu,GCC Ward grievance RTI logs + Reddit civic thread NLP,"சென்னை வார்டு 16 மக்கள் கவனத்திற்கு 💧
Unfilled Cashew & MSME Subsidies கோரிக்கை நிறைவேற்ற TVK வார்டு வேட்பாளர் உறுதியளிக்கிறார்!",📸 சென்னை வார்டு 16! Unfilled Cashew & MSME Subsidies மற்றும் உள்ளாட்சி சேவை சீரமைப்பு. #GCCWard16 #TVK,GCC Ward 16 (Zone 2 Manali): Unfilled Cashew & MSME Subsidies is the primary civic complaint. TVK favorability 48.1%. #Chennai #TVK
GCC-017,Chennai Ward 17 (Manali),GCC Zone 2 Manali,13.1594,80.2645,30833,48.6,29.3,12.8,4.9,19.3,Competitive Ward,"Kuruvai Paddy Procurement MSP ₹3,200/q",85,52,-33,80,GCC Portal & Reddit r/TamilNadu,https://reddit.com/r/TamilNadu,GCC Ward grievance RTI logs + Reddit civic thread NLP,"சென்னை வார்டு 17 மக்கள் கவனத்திற்கு 💧
Kuruvai Paddy Procurement MSP ₹3,200/q கோரிக்கை நிறைவேற்ற TVK வார்டு வேட்பாளர் உறுதியளிக்கிறார்!","📸 சென்னை வார்டு 17! Kuruvai Paddy Procurement MSP ₹3,200/q மற்றும் உள்ளாட்சி சேவை சீரமைப்பு. #GCCWard17 #TVK","GCC Ward 17 (Zone 2 Manali): Kuruvai Paddy Procurement MSP ₹3,200/q is the primary civic complaint. TVK favorability 48.6%. #Chennai #TVK"
GCC-018,Chennai Ward 18 (Manali),GCC Zone 2 Manali,13.1739,80.251,39072,55.1,26.8,15.3,7.5,28.3,TVK Citadel,Youth Employment & 18% Unemployment Rate,81,35,-46,90,GCC Portal & Reddit r/TamilNadu,https://reddit.com/r/TamilNadu,GCC Ward grievance RTI logs + Reddit civic thread NLP,"சென்னை வார்டு 18 மக்கள் கவனத்திற்கு 💧
Youth Employment & 18% Unemployment Rate கோரிக்கை நிறைவேற்ற TVK வார்டு வேட்பாளர் உறுதியளிக்கிறார்!",📸 சென்னை வார்டு 18! Youth Employment & 18% Unemployment Rate மற்றும் உள்ளாட்சி சேவை சீரமைப்பு. #GCCWard18 #TVK,GCC Ward 18 (Zone 2 Manali): Youth Employment & 18% Unemployment Rate is the primary civic complaint. TVK favorability 55.1%. #Chennai #TVK
GCC-019,Chennai Ward 19 (Manali),GCC Zone 2 Manali,13.1796,80.2505,31120,44.7,22.8,13.8,6.0,21.9,Competitive Ward,Monsoon Stormwater Drain Desilting,74,32,-42,89,GCC Portal & Reddit r/TamilNadu,https://reddit.com/r/TamilNadu,GCC Ward grievance RTI logs + Reddit civic thread NLP,"சென்னை வார்டு 19 மக்கள் கவனத்திற்கு 💧
Monsoon Stormwater Drain Desilting கோரிக்கை நிறைவேற்ற TVK வார்டு வேட்பாளர் உறுதியளிக்கிறார்!",📸 சென்னை வார்டு 19! Monsoon Stormwater Drain Desilting மற்றும் உள்ளாட்சி சேவை சீரமைப்பு. #GCCWard19 #TVK,GCC Ward 19 (Zone 2 Manali): Monsoon Stormwater Drain Desilting is the primary civic complaint. TVK favorability 44.7%. #Chennai #TVK
GCC-020,Chennai Ward 20 (Manali),GCC Zone 2 Manali,13.1701,80.2574,33061,51.9,27.7,16.6,7.4,24.2,Competitive Ward,TANGEDCO MSME Power Tariff Increase,69,28,-41,85,GCC Portal & Reddit r/TamilNadu,https://reddit.com/r/TamilNadu,GCC Ward grievance RTI logs + Reddit civic thread NLP,"சென்னை வார்டு 20 மக்கள் கவனத்திற்கு 💧
TANGEDCO MSME Power Tariff Increase கோரிக்கை நிறைவேற்ற TVK வார்டு வேட்பாளர் உறுதியளிக்கிறார்!",📸 சென்னை வார்டு 20! TANGEDCO MSME Power Tariff Increase மற்றும் உள்ளாட்சி சேவை சீரமைப்பு. #GCCWard20 #TVK,GCC Ward 20 (Zone 2 Manali): TANGEDCO MSME Power Tariff Increase is the primary civic complaint. TVK favorability 51.9%. #Chennai #TVK
GCC-021,Chennai Ward 21 (Manali),GCC Zone 2 Manali,13.1765,80.268,32564,57.0,31.3,15.5,9.3,25.7,TVK Citadel,Annamalai Univ Pension Fund Allocation,74,25,-49,86,GCC Portal & Reddit r/TamilNadu,https://reddit.com/r/TamilNadu,GCC Ward grievance RTI logs + Reddit civic thread NLP,"சென்னை வார்டு 21 மக்கள் கவனத்திற்கு 💧
Annamalai Univ Pension Fund Allocation கோரிக்கை நிறைவேற்ற TVK வார்டு வேட்பாளர் உறுதியளிக்கிறார்!",📸 சென்னை வார்டு 21! Annamalai Univ Pension Fund Allocation மற்றும் உள்ளாட்சி சேவை சீரமைப்பு. #GCCWard21 #TVK,GCC Ward 21 (Zone 2 Manali): Annamalai Univ Pension Fund Allocation is the primary civic complaint. TVK favorability 57.0%. #Chennai #TVK
GCC-022,Chennai Ward 22 (Madhavaram),GCC Zone 3 Madhavaram,13.1587,80.2444,42615,57.7,24.5,14.9,6.4,33.2,TVK Citadel,Cauvery Delta Water Channel Maintenance,80,48,-32,86,GCC Portal & Reddit r/TamilNadu,https://reddit.com/r/TamilNadu,GCC Ward grievance RTI logs + Reddit civic thread NLP,"சென்னை வார்டு 22 மக்கள் கவனத்திற்கு 💧
Cauvery Delta Water Channel Maintenance கோரிக்கை நிறைவேற்ற TVK வார்டு வேட்பாளர் உறுதியளிக்கிறார்!",📸 சென்னை வார்டு 22! Cauvery Delta Water Channel Maintenance மற்றும் உள்ளாட்சி சேவை சீரமைப்பு. #GCCWard22 #TVK,GCC Ward 22 (Zone 3 Madhavaram): Cauvery Delta Water Channel Maintenance is the primary civic complaint. TVK favorability 57.7%. #Chennai #TVK
GCC-023,Chennai Ward 23 (Madhavaram),GCC Zone 3 Madhavaram,13.1346,80.216,29481,49.8,31.1,21.6,8.0,18.7,Competitive Ward,AIIMS Madurai Construction Speedup,82,48,-34,84,GCC Portal & Reddit r/TamilNadu,https://reddit.com/r/TamilNadu,GCC Ward grievance RTI logs + Reddit civic thread NLP,"சென்னை வார்டு 23 மக்கள் கவனத்திற்கு 💧
AIIMS Madurai Construction Speedup கோரிக்கை நிறைவேற்ற TVK வார்டு வேட்பாளர் உறுதியளிக்கிறார்!",📸 சென்னை வார்டு 23! AIIMS Madurai Construction Speedup மற்றும் உள்ளாட்சி சேவை சீரமைப்பு. #GCCWard23 #TVK,GCC Ward 23 (Zone 3 Madhavaram): AIIMS Madurai Construction Speedup is the primary civic complaint. TVK favorability 49.8%. #Chennai #TVK
GCC-024,Chennai Ward 24 (Madhavaram),GCC Zone 3 Madhavaram,13.1534,80.2109,29563,60.8,31.9,15.4,8.2,28.9,TVK Citadel,Unfilled Cashew & MSME Subsidies,78,30,-48,83,GCC Portal & Reddit r/TamilNadu,https://reddit.com/r/TamilNadu,GCC Ward grievance RTI logs + Reddit civic thread NLP,"சென்னை வார்டு 24 மக்கள் கவனத்திற்கு 💧
Unfilled Cashew & MSME Subsidies கோரிக்கை நிறைவேற்ற TVK வார்டு வேட்பாளர் உறுதியளிக்கிறார்!",📸 சென்னை வார்டு 24! Unfilled Cashew & MSME Subsidies மற்றும் உள்ளாட்சி சேவை சீரமைப்பு. #GCCWard24 #TVK,GCC Ward 24 (Zone 3 Madhavaram): Unfilled Cashew & MSME Subsidies is the primary civic complaint. TVK favorability 60.8%. #Chennai #TVK
GCC-025,Chennai Ward 25 (Madhavaram),GCC Zone 3 Madhavaram,13.1451,80.2258,40999,54.7,22.1,21.8,9.2,32.6,TVK Citadel,"Kuruvai Paddy Procurement MSP ₹3,200/q",85,52,-33,84,GCC Portal & Reddit r/TamilNadu,https://reddit.com/r/TamilNadu,GCC Ward grievance RTI logs + Reddit civic thread NLP,"சென்னை வார்டு 25 மக்கள் கவனத்திற்கு 💧
Kuruvai Paddy Procurement MSP ₹3,200/q கோரிக்கை நிறைவேற்ற TVK வார்டு வேட்பாளர் உறுதியளிக்கிறார்!","📸 சென்னை வார்டு 25! Kuruvai Paddy Procurement MSP ₹3,200/q மற்றும் உள்ளாட்சி சேவை சீரமைப்பு. #GCCWard25 #TVK","GCC Ward 25 (Zone 3 Madhavaram): Kuruvai Paddy Procurement MSP ₹3,200/q is the primary civic complaint. TVK favorability 54.7%. #Chennai #TVK"
GCC-026,Chennai Ward 26 (Madhavaram),GCC Zone 3 Madhavaram,13.1204,80.2228,30329,56.5,29.4,18.1,4.1,27.1,TVK Citadel,Youth Employment & 18% Unemployment Rate,81,35,-46,88,GCC Portal & Reddit r/TamilNadu,https://reddit.com/r/TamilNadu,GCC Ward grievance RTI logs + Reddit civic thread NLP,"சென்னை வார்டு 26 மக்கள் கவனத்திற்கு 💧
Youth Employment & 18% Unemployment Rate கோரிக்கை நிறைவேற்ற TVK வார்டு வேட்பாளர் உறுதியளிக்கிறார்!",📸 சென்னை வார்டு 26! Youth Employment & 18% Unemployment Rate மற்றும் உள்ளாட்சி சேவை சீரமைப்பு. #GCCWard26 #TVK,GCC Ward 26 (Zone 3 Madhavaram): Youth Employment & 18% Unemployment Rate is the primary civic complaint. TVK favorability 56.5%. #Chennai #TVK
GCC-027,Chennai Ward 27 (Madhavaram),GCC Zone 3 Madhavaram,13.1354,80.2377,39094,62.6,29.3,20.3,9.9,33.3,TVK Citadel,Monsoon Stormwater Drain Desilting,74,32,-42,88,GCC Portal & Reddit r/TamilNadu,https://reddit.com/r/TamilNadu,GCC Ward grievance RTI logs + Reddit civic thread NLP,"சென்னை வார்டு 27 மக்கள் கவனத்திற்கு 💧
Monsoon Stormwater Drain Desilting கோரிக்கை நிறைவேற்ற TVK வார்டு வேட்பாளர் உறுதியளிக்கிறார்!",📸 சென்னை வார்டு 27! Monsoon Stormwater Drain Desilting மற்றும் உள்ளாட்சி சேவை சீரமைப்பு. #GCCWard27 #TVK,GCC Ward 27 (Zone 3 Madhavaram): Monsoon Stormwater Drain Desilting is the primary civic complaint. TVK favorability 62.6%. #Chennai #TVK
GCC-028,Chennai Ward 28 (Madhavaram),GCC Zone 3 Madhavaram,13.1579,80.2384,33901,52.9,27.9,12.5,6.3,25.0,Competitive Ward,TANGEDCO MSME Power Tariff Increase,69,28,-41,85,GCC Portal & Reddit r/TamilNadu,https://reddit.com/r/TamilNadu,GCC Ward grievance RTI logs + Reddit civic thread NLP,"சென்னை வார்டு 28 மக்கள் கவனத்திற்கு 💧
TANGEDCO MSME Power Tariff Increase கோரிக்கை நிறைவேற்ற TVK வார்டு வேட்பாளர் உறுதியளிக்கிறார்!",📸 சென்னை வார்டு 28! TANGEDCO MSME Power Tariff Increase மற்றும் உள்ளாட்சி சேவை சீரமைப்பு. #GCCWard28 #TVK,GCC Ward 28 (Zone 3 Madhavaram): TANGEDCO MSME Power Tariff Increase is the primary civic complaint. TVK favorability 52.9%. #Chennai #TVK
GCC-029,Chennai Ward 29 (Madhavaram),GCC Zone 3 Madhavaram,13.1539,80.2291,42004,61.4,27.2,19.6,4.7,34.2,TVK Citadel,Annamalai Univ Pension Fund Allocation,74,25,-49,85,GCC Portal & Reddit r/TamilNadu,https://reddit.com/r/TamilNadu,GCC Ward grievance RTI logs + Reddit civic thread NLP,"சென்னை வார்டு 29 மக்கள் கவனத்திற்கு 💧
Annamalai Univ Pension Fund Allocation கோரிக்கை நிறைவேற்ற TVK வார்டு வேட்பாளர் உறுதியளிக்கிறார்!",📸 சென்னை வார்டு 29! Annamalai Univ Pension Fund Allocation மற்றும் உள்ளாட்சி சேவை சீரமைப்பு. #GCCWard29 #TVK,GCC Ward 29 (Zone 3 Madhavaram): Annamalai Univ Pension Fund Allocation is the primary civic complaint. TVK favorability 61.4%. #Chennai #TVK
GCC-030,Chennai Ward 30 (Madhavaram),GCC Zone 3 Madhavaram,13.1471,80.2249,31660,57.1,26.7,13.0,7.1,30.4,TVK Citadel,Cauvery Delta Water Channel Maintenance,80,48,-32,87,GCC Portal & Reddit r/TamilNadu,https://reddit.com/r/TamilNadu,GCC Ward grievance RTI logs + Reddit civic thread NLP,"சென்னை வார்டு 30 மக்கள் கவனத்திற்கு 💧
Cauvery Delta Water Channel Maintenance கோரிக்கை நிறைவேற்ற TVK வார்டு வேட்பாளர் உறுதியளிக்கிறார்!",📸 சென்னை வார்டு 30! Cauvery Delta Water Channel Maintenance மற்றும் உள்ளாட்சி சேவை சீரமைப்பு. #GCCWard30 #TVK,GCC Ward 30 (Zone 3 Madhavaram): Cauvery Delta Water Channel Maintenance is the primary civic complaint. TVK favorability 57.1%. #Chennai #TVK
GCC-031,Chennai Ward 31 (Madhavaram),GCC Zone 3 Madhavaram,13.1272,80.2286,44504,63.1,22.2,17.2,6.2,40.9,TVK Citadel,AIIMS Madurai Construction Speedup,82,48,-34,87,GCC Portal & Reddit r/TamilNadu,https://reddit.com/r/TamilNadu,GCC Ward grievance RTI logs + Reddit civic thread NLP,"சென்னை வார்டு 31 மக்கள் கவனத்திற்கு 💧
AIIMS Madurai Construction Speedup கோரிக்கை நிறைவேற்ற TVK வார்டு வேட்பாளர் உறுதியளிக்கிறார்!",📸 சென்னை வார்டு 31! AIIMS Madurai Construction Speedup மற்றும் உள்ளாட்சி சேவை சீரமைப்பு. #GCCWard31 #TVK,GCC Ward 31 (Zone 3 Madhavaram): AIIMS Madurai Construction Speedup is the primary civic complaint. TVK favorability 63.1%. #Chennai #TVK
GCC-032,Chennai Ward 32 (Madhavaram),GCC Zone 3 Madhavaram,13.1509,80.23,43202,50.4,28.2,13.9,5.7,22.2,Competitive Ward,Unfilled Cashew & MSME Subsidies,78,30,-48,81,GCC Portal & Reddit r/TamilNadu,https://reddit.com/r/TamilNadu,GCC Ward grievance RTI logs + Reddit civic thread NLP,"சென்னை வார்டு 32 மக்கள் கவனத்திற்கு 💧
Unfilled Cashew & MSME Subsidies கோரிக்கை நிறைவேற்ற TVK வார்டு வேட்பாளர் உறுதியளிக்கிறார்!",📸 சென்னை வார்டு 32! Unfilled Cashew & MSME Subsidies மற்றும் உள்ளாட்சி சேவை சீரமைப்பு. #GCCWard32 #TVK,GCC Ward 32 (Zone 3 Madhavaram): Unfilled Cashew & MSME Subsidies is the primary civic complaint. TVK favorability 50.4%. #Chennai #TVK
GCC-033,Chennai Ward 33 (Madhavaram),GCC Zone 3 Madhavaram,13.1208,80.2315,35794,61.6,31.8,13.6,4.4,29.8,TVK Citadel,"Kuruvai Paddy Procurement MSP ₹3,200/q",85,52,-33,81,GCC Portal & Reddit r/TamilNadu,https://reddit.com/r/TamilNadu,GCC Ward grievance RTI logs + Reddit civic thread NLP,"சென்னை வார்டு 33 மக்கள் கவனத்திற்கு 💧
Kuruvai Paddy Procurement MSP ₹3,200/q கோரிக்கை நிறைவேற்ற TVK வார்டு வேட்பாளர் உறுதியளிக்கிறார்!","📸 சென்னை வார்டு 33! Kuruvai Paddy Procurement MSP ₹3,200/q மற்றும் உள்ளாட்சி சேவை சீரமைப்பு. #GCCWard33 #TVK","GCC Ward 33 (Zone 3 Madhavaram): Kuruvai Paddy Procurement MSP ₹3,200/q is the primary civic complaint. TVK favorability 61.6%. #Chennai #TVK"
GCC-034,Chennai Ward 34 (Tondiarpet),GCC Zone 4 Tondiarpet,13.1015,80.2732,25153,63.0,29.0,20.4,9.7,34.0,TVK Citadel,Youth Employment & 18% Unemployment Rate,81,35,-46,84,GCC Portal & Reddit r/TamilNadu,https://reddit.com/r/TamilNadu,GCC Ward grievance RTI logs + Reddit civic thread NLP,"சென்னை வார்டு 34 மக்கள் கவனத்திற்கு 💧
Youth Employment & 18% Unemployment Rate கோரிக்கை நிறைவேற்ற TVK வார்டு வேட்பாளர் உறுதியளிக்கிறார்!",📸 சென்னை வார்டு 34! Youth Employment & 18% Unemployment Rate மற்றும் உள்ளாட்சி சேவை சீரமைப்பு. #GCCWard34 #TVK,GCC Ward 34 (Zone 4 Tondiarpet): Youth Employment & 18% Unemployment Rate is the primary civic complaint. TVK favorability 63.0%. #Chennai #TVK
GCC-035,Chennai Ward 35 (Tondiarpet),GCC Zone 4 Tondiarpet,13.1034,80.2604,38555,53.2,29.6,14.6,9.7,23.6,Competitive Ward,Monsoon Stormwater Drain Desilting,74,32,-42,85,GCC Portal & Reddit r/TamilNadu,https://reddit.com/r/TamilNadu,GCC Ward grievance RTI logs + Reddit civic thread NLP,"சென்னை வார்டு 35 மக்கள் கவனத்திற்கு 💧
Monsoon Stormwater Drain Desilting கோரிக்கை நிறைவேற்ற TVK வார்டு வேட்பாளர் உறுதியளிக்கிறார்!",📸 சென்னை வார்டு 35! Monsoon Stormwater Drain Desilting மற்றும் உள்ளாட்சி சேவை சீரமைப்பு. #GCCWard35 #TVK,GCC Ward 35 (Zone 4 Tondiarpet): Monsoon Stormwater Drain Desilting is the primary civic complaint. TVK favorability 53.2%. #Chennai #TVK
GCC-036,Chennai Ward 36 (Tondiarpet),GCC Zone 4 Tondiarpet,13.1094,80.2971,39456,60.3,25.0,15.4,5.9,35.3,TVK Citadel,TANGEDCO MSME Power Tariff Increase,69,28,-41,86,GCC Portal & Reddit r/TamilNadu,https://reddit.com/r/TamilNadu,GCC Ward grievance RTI logs + Reddit civic thread NLP,"சென்னை வார்டு 36 மக்கள் கவனத்திற்கு 💧
TANGEDCO MSME Power Tariff Increase கோரிக்கை நிறைவேற்ற TVK வார்டு வேட்பாளர் உறுதியளிக்கிறார்!",📸 சென்னை வார்டு 36! TANGEDCO MSME Power Tariff Increase மற்றும் உள்ளாட்சி சேவை சீரமைப்பு. #GCCWard36 #TVK,GCC Ward 36 (Zone 4 Tondiarpet): TANGEDCO MSME Power Tariff Increase is the primary civic complaint. TVK favorability 60.3%. #Chennai #TVK
GCC-037,Chennai Ward 37 (Tondiarpet),GCC Zone 4 Tondiarpet,13.1364,80.2795,32922,53.4,26.8,14.0,5.0,26.6,TVK Citadel,Annamalai Univ Pension Fund Allocation,74,25,-49,88,GCC Portal & Reddit r/TamilNadu,https://reddit.com/r/TamilNadu,GCC Ward grievance RTI logs + Reddit civic thread NLP,"சென்னை வார்டு 37 மக்கள் கவனத்திற்கு 💧
Annamalai Univ Pension Fund Allocation கோரிக்கை நிறைவேற்ற TVK வார்டு வேட்பாளர் உறுதியளிக்கிறார்!",📸 சென்னை வார்டு 37! Annamalai Univ Pension Fund Allocation மற்றும் உள்ளாட்சி சேவை சீரமைப்பு. #GCCWard37 #TVK,GCC Ward 37 (Zone 4 Tondiarpet): Annamalai Univ Pension Fund Allocation is the primary civic complaint. TVK favorability 53.4%. #Chennai #TVK
GCC-038,Chennai Ward 38 (Tondiarpet),GCC Zone 4 Tondiarpet,13.1331,80.2677,40519,54.0,29.2,16.1,6.9,24.8,Competitive Ward,Cauvery Delta Water Channel Maintenance,80,48,-32,81,GCC Portal & Reddit r/TamilNadu,https://reddit.com/r/TamilNadu,GCC Ward grievance RTI logs + Reddit civic thread NLP,"சென்னை வார்டு 38 மக்கள் கவனத்திற்கு 💧
Cauvery Delta Water Channel Maintenance கோரிக்கை நிறைவேற்ற TVK வார்டு வேட்பாளர் உறுதியளிக்கிறார்!",📸 சென்னை வார்டு 38! Cauvery Delta Water Channel Maintenance மற்றும் உள்ளாட்சி சேவை சீரமைப்பு. #GCCWard38 #TVK,GCC Ward 38 (Zone 4 Tondiarpet): Cauvery Delta Water Channel Maintenance is the primary civic complaint. TVK favorability 54.0%. #Chennai #TVK
GCC-039,Chennai Ward 39 (Tondiarpet),GCC Zone 4 Tondiarpet,13.1097,80.2683,31793,48.6,30.3,17.1,7.0,18.3,Competitive Ward,AIIMS Madurai Construction Speedup,82,48,-34,82,GCC Portal & Reddit r/TamilNadu,https://reddit.com/r/TamilNadu,GCC Ward grievance RTI logs + Reddit civic thread NLP,"சென்னை வார்டு 39 மக்கள் கவனத்திற்கு 💧
AIIMS Madurai Construction Speedup கோரிக்கை நிறைவேற்ற TVK வார்டு வேட்பாளர் உறுதியளிக்கிறார்!",📸 சென்னை வார்டு 39! AIIMS Madurai Construction Speedup மற்றும் உள்ளாட்சி சேவை சீரமைப்பு. #GCCWard39 #TVK,GCC Ward 39 (Zone 4 Tondiarpet): AIIMS Madurai Construction Speedup is the primary civic complaint. TVK favorability 48.6%. #Chennai #TVK
GCC-040,Chennai Ward 40 (Tondiarpet),GCC Zone 4 Tondiarpet,13.1397,80.265,31382,51.9,23.4,16.3,6.7,28.5,TVK Citadel,Unfilled Cashew & MSME Subsidies,78,30,-48,86,GCC Portal & Reddit r/TamilNadu,https://reddit.com/r/TamilNadu,GCC Ward grievance RTI logs + Reddit civic thread NLP,"சென்னை வார்டு 40 மக்கள் கவனத்திற்கு 💧
Unfilled Cashew & MSME Subsidies கோரிக்கை நிறைவேற்ற TVK வார்டு வேட்பாளர் உறுதியளிக்கிறார்!",📸 சென்னை வார்டு 40! Unfilled Cashew & MSME Subsidies மற்றும் உள்ளாட்சி சேவை சீரமைப்பு. #GCCWard40 #TVK,GCC Ward 40 (Zone 4 Tondiarpet): Unfilled Cashew & MSME Subsidies is the primary civic complaint. TVK favorability 51.9%. #Chennai #TVK
GCC-041,Chennai Ward 41 (Tondiarpet),GCC Zone 4 Tondiarpet,13.1301,80.2893,29256,50.9,23.1,21.1,5.3,27.8,TVK Citadel,"Kuruvai Paddy Procurement MSP ₹3,200/q",85,52,-33,83,GCC Portal & Reddit r/TamilNadu,https://reddit.com/r/TamilNadu,GCC Ward grievance RTI logs + Reddit civic thread NLP,"சென்னை வார்டு 41 மக்கள் கவனத்திற்கு 💧
Kuruvai Paddy Procurement MSP ₹3,200/q கோரிக்கை நிறைவேற்ற TVK வார்டு வேட்பாளர் உறுதியளிக்கிறார்!","📸 சென்னை வார்டு 41! Kuruvai Paddy Procurement MSP ₹3,200/q மற்றும் உள்ளாட்சி சேவை சீரமைப்பு. #GCCWard41 #TVK","GCC Ward 41 (Zone 4 Tondiarpet): Kuruvai Paddy Procurement MSP ₹3,200/q is the primary civic complaint. TVK favorability 50.9%. #Chennai #TVK"
GCC-042,Chennai Ward 42 (Tondiarpet),GCC Zone 4 Tondiarpet,13.1125,80.2765,31354,47.3,29.3,12.5,8.9,18.0,Competitive Ward,Youth Employment & 18% Unemployment Rate,81,35,-46,87,GCC Portal & Reddit r/TamilNadu,https://reddit.com/r/TamilNadu,GCC Ward grievance RTI logs + Reddit civic thread NLP,"சென்னை வார்டு 42 மக்கள் கவனத்திற்கு 💧
Youth Employment & 18% Unemployment Rate கோரிக்கை நிறைவேற்ற TVK வார்டு வேட்பாளர் உறுதியளிக்கிறார்!",📸 சென்னை வார்டு 42! Youth Employment & 18% Unemployment Rate மற்றும் உள்ளாட்சி சேவை சீரமைப்பு. #GCCWard42 #TVK,GCC Ward 42 (Zone 4 Tondiarpet): Youth Employment & 18% Unemployment Rate is the primary civic complaint. TVK favorability 47.3%. #Chennai #TVK
GCC-043,Chennai Ward 43 (Tondiarpet),GCC Zone 4 Tondiarpet,13.1262,80.2784,38375,54.2,29.6,19.6,7.4,24.6,Competitive Ward,Monsoon Stormwater Drain Desilting,74,32,-42,85,GCC Portal & Reddit r/TamilNadu,https://reddit.com/r/TamilNadu,GCC Ward grievance RTI logs + Reddit civic thread NLP,"சென்னை வார்டு 43 மக்கள் கவனத்திற்கு 💧
Monsoon Stormwater Drain Desilting கோரிக்கை நிறைவேற்ற TVK வார்டு வேட்பாளர் உறுதியளிக்கிறார்!",📸 சென்னை வார்டு 43! Monsoon Stormwater Drain Desilting மற்றும் உள்ளாட்சி சேவை சீரமைப்பு. #GCCWard43 #TVK,GCC Ward 43 (Zone 4 Tondiarpet): Monsoon Stormwater Drain Desilting is the primary civic complaint. TVK favorability 54.2%. #Chennai #TVK
GCC-044,Chennai Ward 44 (Tondiarpet),GCC Zone 4 Tondiarpet,13.1007,80.2797,34199,53.2,26.3,18.6,7.2,26.9,TVK Citadel,TANGEDCO MSME Power Tariff Increase,69,28,-41,77,GCC Portal & Reddit r/TamilNadu,https://reddit.com/r/TamilNadu,GCC Ward grievance RTI logs + Reddit civic thread NLP,"சென்னை வார்டு 44 மக்கள் கவனத்திற்கு 💧
TANGEDCO MSME Power Tariff Increase கோரிக்கை நிறைவேற்ற TVK வார்டு வேட்பாளர் உறுதியளிக்கிறார்!",📸 சென்னை வார்டு 44! TANGEDCO MSME Power Tariff Increase மற்றும் உள்ளாட்சி சேவை சீரமைப்பு. #GCCWard44 #TVK,GCC Ward 44 (Zone 4 Tondiarpet): TANGEDCO MSME Power Tariff Increase is the primary civic complaint. TVK favorability 53.2%. #Chennai #TVK
GCC-045,Chennai Ward 45 (Tondiarpet),GCC Zone 4 Tondiarpet,13.1128,80.2711,43842,61.1,22.1,22.0,4.9,39.0,TVK Citadel,Annamalai Univ Pension Fund Allocation,74,25,-49,86,GCC Portal & Reddit r/TamilNadu,https://reddit.com/r/TamilNadu,GCC Ward grievance RTI logs + Reddit civic thread NLP,"சென்னை வார்டு 45 மக்கள் கவனத்திற்கு 💧
Annamalai Univ Pension Fund Allocation கோரிக்கை நிறைவேற்ற TVK வார்டு வேட்பாளர் உறுதியளிக்கிறார்!",📸 சென்னை வார்டு 45! Annamalai Univ Pension Fund Allocation மற்றும் உள்ளாட்சி சேவை சீரமைப்பு. #GCCWard45 #TVK,GCC Ward 45 (Zone 4 Tondiarpet): Annamalai Univ Pension Fund Allocation is the primary civic complaint. TVK favorability 61.1%. #Chennai #TVK
GCC-046,Chennai Ward 46 (Tondiarpet),GCC Zone 4 Tondiarpet,13.1393,80.281,34271,49.7,25.9,14.3,4.9,23.8,Competitive Ward,Cauvery Delta Water Channel Maintenance,80,48,-32,82,GCC Portal & Reddit r/TamilNadu,https://reddit.com/r/TamilNadu,GCC Ward grievance RTI logs + Reddit civic thread NLP,"சென்னை வார்டு 46 மக்கள் கவனத்திற்கு 💧
Cauvery Delta Water Channel Maintenance கோரிக்கை நிறைவேற்ற TVK வார்டு வேட்பாளர் உறுதியளிக்கிறார்!",📸 சென்னை வார்டு 46! Cauvery Delta Water Channel Maintenance மற்றும் உள்ளாட்சி சேவை சீரமைப்பு. #GCCWard46 #TVK,GCC Ward 46 (Zone 4 Tondiarpet): Cauvery Delta Water Channel Maintenance is the primary civic complaint. TVK favorability 49.7%. #Chennai #TVK
GCC-047,Chennai Ward 47 (Tondiarpet),GCC Zone 4 Tondiarpet,13.108,80.2879,37512,52.5,22.6,20.5,5.6,29.9,TVK Citadel,AIIMS Madurai Construction Speedup,82,48,-34,82,GCC Portal & Reddit r/TamilNadu,https://reddit.com/r/TamilNadu,GCC Ward grievance RTI logs + Reddit civic thread NLP,"சென்னை வார்டு 47 மக்கள் கவனத்திற்கு 💧
AIIMS Madurai Construction Speedup கோரிக்கை நிறைவேற்ற TVK வார்டு வேட்பாளர் உறுதியளிக்கிறார்!",📸 சென்னை வார்டு 47! AIIMS Madurai Construction Speedup மற்றும் உள்ளாட்சி சேவை சீரமைப்பு. #GCCWard47 #TVK,GCC Ward 47 (Zone 4 Tondiarpet): AIIMS Madurai Construction Speedup is the primary civic complaint. TVK favorability 52.5%. #Chennai #TVK
GCC-048,Chennai Ward 48 (Tondiarpet),GCC Zone 4 Tondiarpet,13.1386,80.2935,42813,62.2,22.0,15.3,7.4,40.2,TVK Citadel,Unfilled Cashew & MSME Subsidies,78,30,-48,86,GCC Portal & Reddit r/TamilNadu,https://reddit.com/r/TamilNadu,GCC Ward grievance RTI logs + Reddit civic thread NLP,"சென்னை வார்டு 48 மக்கள் கவனத்திற்கு 💧
Unfilled Cashew & MSME Subsidies கோரிக்கை நிறைவேற்ற TVK வார்டு வேட்பாளர் உறுதியளிக்கிறார்!",📸 சென்னை வார்டு 48! Unfilled Cashew & MSME Subsidies மற்றும் உள்ளாட்சி சேவை சீரமைப்பு. #GCCWard48 #TVK,GCC Ward 48 (Zone 4 Tondiarpet): Unfilled Cashew & MSME Subsidies is the primary civic complaint. TVK favorability 62.2%. #Chennai #TVK
GCC-049,Chennai Ward 49 (Royapuram),GCC Zone 5 Royapuram,13.117,80.3067,30496,46.9,26.0,16.4,6.5,20.9,Competitive Ward,"Kuruvai Paddy Procurement MSP ₹3,200/q",85,52,-33,80,GCC Portal & Reddit r/TamilNadu,https://reddit.com/r/TamilNadu,GCC Ward grievance RTI logs + Reddit civic thread NLP,"சென்னை வார்டு 49 மக்கள் கவனத்திற்கு 💧
Kuruvai Paddy Procurement MSP ₹3,200/q கோரிக்கை நிறைவேற்ற TVK வார்டு வேட்பாளர் உறுதியளிக்கிறார்!","📸 சென்னை வார்டு 49! Kuruvai Paddy Procurement MSP ₹3,200/q மற்றும் உள்ளாட்சி சேவை சீரமைப்பு. #GCCWard49 #TVK","GCC Ward 49 (Zone 5 Royapuram): Kuruvai Paddy Procurement MSP ₹3,200/q is the primary civic complaint. TVK favorability 46.9%. #Chennai #TVK"
GCC-050,Chennai Ward 50 (Royapuram),GCC Zone 5 Royapuram,13.0973,80.2898,30032,49.8,26.8,21.9,7.3,23.0,Competitive Ward,Youth Employment & 18% Unemployment Rate,81,35,-46,83,GCC Portal & Reddit r/TamilNadu,https://reddit.com/r/TamilNadu,GCC Ward grievance RTI logs + Reddit civic thread NLP,"சென்னை வார்டு 50 மக்கள் கவனத்திற்கு 💧
Youth Employment & 18% Unemployment Rate கோரிக்கை நிறைவேற்ற TVK வார்டு வேட்பாளர் உறுதியளிக்கிறார்!",📸 சென்னை வார்டு 50! Youth Employment & 18% Unemployment Rate மற்றும் உள்ளாட்சி சேவை சீரமைப்பு. #GCCWard50 #TVK,GCC Ward 50 (Zone 5 Royapuram): Youth Employment & 18% Unemployment Rate is the primary civic complaint. TVK favorability 49.8%. #Chennai #TVK
GCC-051,Chennai Ward 51 (Royapuram),GCC Zone 5 Royapuram,13.0801,80.3085,29701,61.2,24.0,14.1,7.6,37.2,TVK Citadel,Monsoon Stormwater Drain Desilting,74,32,-42,86,GCC Portal & Reddit r/TamilNadu,https://reddit.com/r/TamilNadu,GCC Ward grievance RTI logs + Reddit civic thread NLP,"சென்னை வார்டு 51 மக்கள் கவனத்திற்கு 💧
Monsoon Stormwater Drain Desilting கோரிக்கை நிறைவேற்ற TVK வார்டு வேட்பாளர் உறுதியளிக்கிறார்!",📸 சென்னை வார்டு 51! Monsoon Stormwater Drain Desilting மற்றும் உள்ளாட்சி சேவை சீரமைப்பு. #GCCWard51 #TVK,GCC Ward 51 (Zone 5 Royapuram): Monsoon Stormwater Drain Desilting is the primary civic complaint. TVK favorability 61.2%. #Chennai #TVK
GCC-052,Chennai Ward 52 (Royapuram),GCC Zone 5 Royapuram,13.0801,80.2985,28662,57.0,27.4,16.8,9.5,29.6,TVK Citadel,TANGEDCO MSME Power Tariff Increase,69,28,-41,83,GCC Portal & Reddit r/TamilNadu,https://reddit.com/r/TamilNadu,GCC Ward grievance RTI logs + Reddit civic thread NLP,"சென்னை வார்டு 52 மக்கள் கவனத்திற்கு 💧
TANGEDCO MSME Power Tariff Increase கோரிக்கை நிறைவேற்ற TVK வார்டு வேட்பாளர் உறுதியளிக்கிறார்!",📸 சென்னை வார்டு 52! TANGEDCO MSME Power Tariff Increase மற்றும் உள்ளாட்சி சேவை சீரமைப்பு. #GCCWard52 #TVK,GCC Ward 52 (Zone 5 Royapuram): TANGEDCO MSME Power Tariff Increase is the primary civic complaint. TVK favorability 57.0%. #Chennai #TVK
GCC-053,Chennai Ward 53 (Royapuram),GCC Zone 5 Royapuram,13.1081,80.2889,40928,48.4,31.8,20.4,7.8,16.6,Competitive Ward,Annamalai Univ Pension Fund Allocation,74,25,-49,81,GCC Portal & Reddit r/TamilNadu,https://reddit.com/r/TamilNadu,GCC Ward grievance RTI logs + Reddit civic thread NLP,"சென்னை வார்டு 53 மக்கள் கவனத்திற்கு 💧
Annamalai Univ Pension Fund Allocation கோரிக்கை நிறைவேற்ற TVK வார்டு வேட்பாளர் உறுதியளிக்கிறார்!",📸 சென்னை வார்டு 53! Annamalai Univ Pension Fund Allocation மற்றும் உள்ளாட்சி சேவை சீரமைப்பு. #GCCWard53 #TVK,GCC Ward 53 (Zone 5 Royapuram): Annamalai Univ Pension Fund Allocation is the primary civic complaint. TVK favorability 48.4%. #Chennai #TVK
GCC-054,Chennai Ward 54 (Royapuram),GCC Zone 5 Royapuram,13.1084,80.2713,36544,56.4,28.6,15.7,4.2,27.8,TVK Citadel,Cauvery Delta Water Channel Maintenance,80,48,-32,87,GCC Portal & Reddit r/TamilNadu,https://reddit.com/r/TamilNadu,GCC Ward grievance RTI logs + Reddit civic thread NLP,"சென்னை வார்டு 54 மக்கள் கவனத்திற்கு 💧
Cauvery Delta Water Channel Maintenance கோரிக்கை நிறைவேற்ற TVK வார்டு வேட்பாளர் உறுதியளிக்கிறார்!",📸 சென்னை வார்டு 54! Cauvery Delta Water Channel Maintenance மற்றும் உள்ளாட்சி சேவை சீரமைப்பு. #GCCWard54 #TVK,GCC Ward 54 (Zone 5 Royapuram): Cauvery Delta Water Channel Maintenance is the primary civic complaint. TVK favorability 56.4%. #Chennai #TVK
GCC-055,Chennai Ward 55 (Royapuram),GCC Zone 5 Royapuram,13.1067,80.2747,27289,44.7,31.2,16.9,8.6,13.5,Competitive Ward,AIIMS Madurai Construction Speedup,82,48,-34,84,GCC Portal & Reddit r/TamilNadu,https://reddit.com/r/TamilNadu,GCC Ward grievance RTI logs + Reddit civic thread NLP,"சென்னை வார்டு 55 மக்கள் கவனத்திற்கு 💧
AIIMS Madurai Construction Speedup கோரிக்கை நிறைவேற்ற TVK வார்டு வேட்பாளர் உறுதியளிக்கிறார்!",📸 சென்னை வார்டு 55! AIIMS Madurai Construction Speedup மற்றும் உள்ளாட்சி சேவை சீரமைப்பு. #GCCWard55 #TVK,GCC Ward 55 (Zone 5 Royapuram): AIIMS Madurai Construction Speedup is the primary civic complaint. TVK favorability 44.7%. #Chennai #TVK
GCC-056,Chennai Ward 56 (Royapuram),GCC Zone 5 Royapuram,13.1052,80.2882,33028,51.5,29.0,19.3,5.0,22.5,Competitive Ward,Unfilled Cashew & MSME Subsidies,78,30,-48,87,GCC Portal & Reddit r/TamilNadu,https://reddit.com/r/TamilNadu,GCC Ward grievance RTI logs + Reddit civic thread NLP,"சென்னை வார்டு 56 மக்கள் கவனத்திற்கு 💧
Unfilled Cashew & MSME Subsidies கோரிக்கை நிறைவேற்ற TVK வார்டு வேட்பாளர் உறுதியளிக்கிறார்!",📸 சென்னை வார்டு 56! Unfilled Cashew & MSME Subsidies மற்றும் உள்ளாட்சி சேவை சீரமைப்பு. #GCCWard56 #TVK,GCC Ward 56 (Zone 5 Royapuram): Unfilled Cashew & MSME Subsidies is the primary civic complaint. TVK favorability 51.5%. #Chennai #TVK
GCC-057,Chennai Ward 57 (Royapuram),GCC Zone 5 Royapuram,13.119,80.2859,31264,62.6,28.8,13.7,4.1,33.8,TVK Citadel,"Kuruvai Paddy Procurement MSP ₹3,200/q",85,52,-33,86,GCC Portal & Reddit r/TamilNadu,https://reddit.com/r/TamilNadu,GCC Ward grievance RTI logs + Reddit civic thread NLP,"சென்னை வார்டு 57 மக்கள் கவனத்திற்கு 💧
Kuruvai Paddy Procurement MSP ₹3,200/q கோரிக்கை நிறைவேற்ற TVK வார்டு வேட்பாளர் உறுதியளிக்கிறார்!","📸 சென்னை வார்டு 57! Kuruvai Paddy Procurement MSP ₹3,200/q மற்றும் உள்ளாட்சி சேவை சீரமைப்பு. #GCCWard57 #TVK","GCC Ward 57 (Zone 5 Royapuram): Kuruvai Paddy Procurement MSP ₹3,200/q is the primary civic complaint. TVK favorability 62.6%. #Chennai #TVK"
GCC-058,Chennai Ward 58 (Royapuram),GCC Zone 5 Royapuram,13.1057,80.2856,26070,61.2,29.5,19.2,9.1,31.7,TVK Citadel,Youth Employment & 18% Unemployment Rate,81,35,-46,85,GCC Portal & Reddit r/TamilNadu,https://reddit.com/r/TamilNadu,GCC Ward grievance RTI logs + Reddit civic thread NLP,"சென்னை வார்டு 58 மக்கள் கவனத்திற்கு 💧
Youth Employment & 18% Unemployment Rate கோரிக்கை நிறைவேற்ற TVK வார்டு வேட்பாளர் உறுதியளிக்கிறார்!",📸 சென்னை வார்டு 58! Youth Employment & 18% Unemployment Rate மற்றும் உள்ளாட்சி சேவை சீரமைப்பு. #GCCWard58 #TVK,GCC Ward 58 (Zone 5 Royapuram): Youth Employment & 18% Unemployment Rate is the primary civic complaint. TVK favorability 61.2%. #Chennai #TVK
GCC-059,Chennai Ward 59 (Royapuram),GCC Zone 5 Royapuram,13.1066,80.2706,30399,50.0,30.2,15.3,6.4,19.8,Competitive Ward,Monsoon Stormwater Drain Desilting,74,32,-42,85,GCC Portal & Reddit r/TamilNadu,https://reddit.com/r/TamilNadu,GCC Ward grievance RTI logs + Reddit civic thread NLP,"சென்னை வார்டு 59 மக்கள் கவனத்திற்கு 💧
Monsoon Stormwater Drain Desilting கோரிக்கை நிறைவேற்ற TVK வார்டு வேட்பாளர் உறுதியளிக்கிறார்!",📸 சென்னை வார்டு 59! Monsoon Stormwater Drain Desilting மற்றும் உள்ளாட்சி சேவை சீரமைப்பு. #GCCWard59 #TVK,GCC Ward 59 (Zone 5 Royapuram): Monsoon Stormwater Drain Desilting is the primary civic complaint. TVK favorability 50.0%. #Chennai #TVK
GCC-060,Chennai Ward 60 (Royapuram),GCC Zone 5 Royapuram,13.1141,80.2859,29256,49.2,29.9,19.3,4.3,19.3,Competitive Ward,TANGEDCO MSME Power Tariff Increase,69,28,-41,86,GCC Portal & Reddit r/TamilNadu,https://reddit.com/r/TamilNadu,GCC Ward grievance RTI logs + Reddit civic thread NLP,"சென்னை வார்டு 60 மக்கள் கவனத்திற்கு 💧
TANGEDCO MSME Power Tariff Increase கோரிக்கை நிறைவேற்ற TVK வார்டு வேட்பாளர் உறுதியளிக்கிறார்!",📸 சென்னை வார்டு 60! TANGEDCO MSME Power Tariff Increase மற்றும் உள்ளாட்சி சேவை சீரமைப்பு. #GCCWard60 #TVK,GCC Ward 60 (Zone 5 Royapuram): TANGEDCO MSME Power Tariff Increase is the primary civic complaint. TVK favorability 49.2%. #Chennai #TVK
GCC-061,Chennai Ward 61 (Royapuram),GCC Zone 5 Royapuram,13.1079,80.2717,26530,52.5,24.2,12.8,8.7,28.3,TVK Citadel,Annamalai Univ Pension Fund Allocation,74,25,-49,84,GCC Portal & Reddit r/TamilNadu,https://reddit.com/r/TamilNadu,GCC Ward grievance RTI logs + Reddit civic thread NLP,"சென்னை வார்டு 61 மக்கள் கவனத்திற்கு 💧
Annamalai Univ Pension Fund Allocation கோரிக்கை நிறைவேற்ற TVK வார்டு வேட்பாளர் உறுதியளிக்கிறார்!",📸 சென்னை வார்டு 61! Annamalai Univ Pension Fund Allocation மற்றும் உள்ளாட்சி சேவை சீரமைப்பு. #GCCWard61 #TVK,GCC Ward 61 (Zone 5 Royapuram): Annamalai Univ Pension Fund Allocation is the primary civic complaint. TVK favorability 52.5%. #Chennai #TVK
GCC-062,Chennai Ward 62 (Royapuram),GCC Zone 5 Royapuram,13.1121,80.2845,37969,61.2,28.1,14.7,8.4,33.1,TVK Citadel,Cauvery Delta Water Channel Maintenance,80,48,-32,84,GCC Portal & Reddit r/TamilNadu,https://reddit.com/r/TamilNadu,GCC Ward grievance RTI logs + Reddit civic thread NLP,"சென்னை வார்டு 62 மக்கள் கவனத்திற்கு 💧
Cauvery Delta Water Channel Maintenance கோரிக்கை நிறைவேற்ற TVK வார்டு வேட்பாளர் உறுதியளிக்கிறார்!",📸 சென்னை வார்டு 62! Cauvery Delta Water Channel Maintenance மற்றும் உள்ளாட்சி சேவை சீரமைப்பு. #GCCWard62 #TVK,GCC Ward 62 (Zone 5 Royapuram): Cauvery Delta Water Channel Maintenance is the primary civic complaint. TVK favorability 61.2%. #Chennai #TVK
GCC-063,Chennai Ward 63 (Royapuram),GCC Zone 5 Royapuram,13.1141,80.2744,36824,63.1,27.3,15.3,8.0,35.8,TVK Citadel,AIIMS Madurai Construction Speedup,82,48,-34,80,GCC Portal & Reddit r/TamilNadu,https://reddit.com/r/TamilNadu,GCC Ward grievance RTI logs + Reddit civic thread NLP,"சென்னை வார்டு 63 மக்கள் கவனத்திற்கு 💧
AIIMS Madurai Construction Speedup கோரிக்கை நிறைவேற்ற TVK வார்டு வேட்பாளர் உறுதியளிக்கிறார்!",📸 சென்னை வார்டு 63! AIIMS Madurai Construction Speedup மற்றும் உள்ளாட்சி சேவை சீரமைப்பு. #GCCWard63 #TVK,GCC Ward 63 (Zone 5 Royapuram): AIIMS Madurai Construction Speedup is the primary civic complaint. TVK favorability 63.1%. #Chennai #TVK
GCC-064,Chennai Ward 64 (Thiru-Vi-Ka),GCC Zone 6 Thiru-Vi-Ka Nagar,13.1073,80.2395,32988,61.8,26.0,20.7,8.3,35.8,TVK Citadel,Unfilled Cashew & MSME Subsidies,78,30,-48,86,GCC Portal & Reddit r/TamilNadu,https://reddit.com/r/TamilNadu,GCC Ward grievance RTI logs + Reddit civic thread NLP,"சென்னை வார்டு 64 மக்கள் கவனத்திற்கு 💧
Unfilled Cashew & MSME Subsidies கோரிக்கை நிறைவேற்ற TVK வார்டு வேட்பாளர் உறுதியளிக்கிறார்!",📸 சென்னை வார்டு 64! Unfilled Cashew & MSME Subsidies மற்றும் உள்ளாட்சி சேவை சீரமைப்பு. #GCCWard64 #TVK,GCC Ward 64 (Zone 6 Thiru-Vi-Ka Nagar): Unfilled Cashew & MSME Subsidies is the primary civic complaint. TVK favorability 61.8%. #Chennai #TVK
GCC-065,Chennai Ward 65 (Thiru-Vi-Ka),GCC Zone 6 Thiru-Vi-Ka Nagar,13.0962,80.227,32329,51.5,29.9,16.6,4.1,21.6,Competitive Ward,"Kuruvai Paddy Procurement MSP ₹3,200/q",85,52,-33,85,GCC Portal & Reddit r/TamilNadu,https://reddit.com/r/TamilNadu,GCC Ward grievance RTI logs + Reddit civic thread NLP,"சென்னை வார்டு 65 மக்கள் கவனத்திற்கு 💧
Kuruvai Paddy Procurement MSP ₹3,200/q கோரிக்கை நிறைவேற்ற TVK வார்டு வேட்பாளர் உறுதியளிக்கிறார்!","📸 சென்னை வார்டு 65! Kuruvai Paddy Procurement MSP ₹3,200/q மற்றும் உள்ளாட்சி சேவை சீரமைப்பு. #GCCWard65 #TVK","GCC Ward 65 (Zone 6 Thiru-Vi-Ka Nagar): Kuruvai Paddy Procurement MSP ₹3,200/q is the primary civic complaint. TVK favorability 51.5%. #Chennai #TVK"
GCC-066,Chennai Ward 66 (Thiru-Vi-Ka),GCC Zone 6 Thiru-Vi-Ka Nagar,13.0974,80.2329,39598,53.2,22.8,13.3,4.5,30.4,TVK Citadel,Youth Employment & 18% Unemployment Rate,81,35,-46,92,GCC Portal & Reddit r/TamilNadu,https://reddit.com/r/TamilNadu,GCC Ward grievance RTI logs + Reddit civic thread NLP,"சென்னை வார்டு 66 மக்கள் கவனத்திற்கு 💧
Youth Employment & 18% Unemployment Rate கோரிக்கை நிறைவேற்ற TVK வார்டு வேட்பாளர் உறுதியளிக்கிறார்!",📸 சென்னை வார்டு 66! Youth Employment & 18% Unemployment Rate மற்றும் உள்ளாட்சி சேவை சீரமைப்பு. #GCCWard66 #TVK,GCC Ward 66 (Zone 6 Thiru-Vi-Ka Nagar): Youth Employment & 18% Unemployment Rate is the primary civic complaint. TVK favorability 53.2%. #Chennai #TVK
GCC-067,Chennai Ward 67 (Thiru-Vi-Ka),GCC Zone 6 Thiru-Vi-Ka Nagar,13.1256,80.2321,25414,61.9,30.1,12.8,8.2,31.8,TVK Citadel,Monsoon Stormwater Drain Desilting,74,32,-42,82,GCC Portal & Reddit r/TamilNadu,https://reddit.com/r/TamilNadu,GCC Ward grievance RTI logs + Reddit civic thread NLP,"சென்னை வார்டு 67 மக்கள் கவனத்திற்கு 💧
Monsoon Stormwater Drain Desilting கோரிக்கை நிறைவேற்ற TVK வார்டு வேட்பாளர் உறுதியளிக்கிறார்!",📸 சென்னை வார்டு 67! Monsoon Stormwater Drain Desilting மற்றும் உள்ளாட்சி சேவை சீரமைப்பு. #GCCWard67 #TVK,GCC Ward 67 (Zone 6 Thiru-Vi-Ka Nagar): Monsoon Stormwater Drain Desilting is the primary civic complaint. TVK favorability 61.9%. #Chennai #TVK
GCC-068,Chennai Ward 68 (Thiru-Vi-Ka),GCC Zone 6 Thiru-Vi-Ka Nagar,13.1274,80.2289,30044,54.6,31.1,17.6,6.5,23.5,Competitive Ward,TANGEDCO MSME Power Tariff Increase,69,28,-41,82,GCC Portal & Reddit r/TamilNadu,https://reddit.com/r/TamilNadu,GCC Ward grievance RTI logs + Reddit civic thread NLP,"சென்னை வார்டு 68 மக்கள் கவனத்திற்கு 💧
TANGEDCO MSME Power Tariff Increase கோரிக்கை நிறைவேற்ற TVK வார்டு வேட்பாளர் உறுதியளிக்கிறார்!",📸 சென்னை வார்டு 68! TANGEDCO MSME Power Tariff Increase மற்றும் உள்ளாட்சி சேவை சீரமைப்பு. #GCCWard68 #TVK,GCC Ward 68 (Zone 6 Thiru-Vi-Ka Nagar): TANGEDCO MSME Power Tariff Increase is the primary civic complaint. TVK favorability 54.6%. #Chennai #TVK
GCC-069,Chennai Ward 69 (Thiru-Vi-Ka),GCC Zone 6 Thiru-Vi-Ka Nagar,13.1003,80.2489,34682,50.6,30.5,18.1,7.3,20.1,Competitive Ward,Annamalai Univ Pension Fund Allocation,74,25,-49,87,GCC Portal & Reddit r/TamilNadu,https://reddit.com/r/TamilNadu,GCC Ward grievance RTI logs + Reddit civic thread NLP,"சென்னை வார்டு 69 மக்கள் கவனத்திற்கு 💧
Annamalai Univ Pension Fund Allocation கோரிக்கை நிறைவேற்ற TVK வார்டு வேட்பாளர் உறுதியளிக்கிறார்!",📸 சென்னை வார்டு 69! Annamalai Univ Pension Fund Allocation மற்றும் உள்ளாட்சி சேவை சீரமைப்பு. #GCCWard69 #TVK,GCC Ward 69 (Zone 6 Thiru-Vi-Ka Nagar): Annamalai Univ Pension Fund Allocation is the primary civic complaint. TVK favorability 50.6%. #Chennai #TVK
GCC-070,Chennai Ward 70 (Thiru-Vi-Ka),GCC Zone 6 Thiru-Vi-Ka Nagar,13.1179,80.2363,34442,56.6,30.8,21.4,8.9,25.8,TVK Citadel,Cauvery Delta Water Channel Maintenance,80,48,-32,85,GCC Portal & Reddit r/TamilNadu,https://reddit.com/r/TamilNadu,GCC Ward grievance RTI logs + Reddit civic thread NLP,"சென்னை வார்டு 70 மக்கள் கவனத்திற்கு 💧
Cauvery Delta Water Channel Maintenance கோரிக்கை நிறைவேற்ற TVK வார்டு வேட்பாளர் உறுதியளிக்கிறார்!",📸 சென்னை வார்டு 70! Cauvery Delta Water Channel Maintenance மற்றும் உள்ளாட்சி சேவை சீரமைப்பு. #GCCWard70 #TVK,GCC Ward 70 (Zone 6 Thiru-Vi-Ka Nagar): Cauvery Delta Water Channel Maintenance is the primary civic complaint. TVK favorability 56.6%. #Chennai #TVK
GCC-071,Chennai Ward 71 (Thiru-Vi-Ka),GCC Zone 6 Thiru-Vi-Ka Nagar,13.1096,80.2233,25188,61.9,30.0,20.5,8.5,31.9,TVK Citadel,AIIMS Madurai Construction Speedup,82,48,-34,82,GCC Portal & Reddit r/TamilNadu,https://reddit.com/r/TamilNadu,GCC Ward grievance RTI logs + Reddit civic thread NLP,"சென்னை வார்டு 71 மக்கள் கவனத்திற்கு 💧
AIIMS Madurai Construction Speedup கோரிக்கை நிறைவேற்ற TVK வார்டு வேட்பாளர் உறுதியளிக்கிறார்!",📸 சென்னை வார்டு 71! AIIMS Madurai Construction Speedup மற்றும் உள்ளாட்சி சேவை சீரமைப்பு. #GCCWard71 #TVK,GCC Ward 71 (Zone 6 Thiru-Vi-Ka Nagar): AIIMS Madurai Construction Speedup is the primary civic complaint. TVK favorability 61.9%. #Chennai #TVK
GCC-072,Chennai Ward 72 (Thiru-Vi-Ka),GCC Zone 6 Thiru-Vi-Ka Nagar,13.1279,80.2466,31302,54.0,23.0,19.3,8.3,31.0,TVK Citadel,Unfilled Cashew & MSME Subsidies,78,30,-48,88,GCC Portal & Reddit r/TamilNadu,https://reddit.com/r/TamilNadu,GCC Ward grievance RTI logs + Reddit civic thread NLP,"சென்னை வார்டு 72 மக்கள் கவனத்திற்கு 💧
Unfilled Cashew & MSME Subsidies கோரிக்கை நிறைவேற்ற TVK வார்டு வேட்பாளர் உறுதியளிக்கிறார்!",📸 சென்னை வார்டு 72! Unfilled Cashew & MSME Subsidies மற்றும் உள்ளாட்சி சேவை சீரமைப்பு. #GCCWard72 #TVK,GCC Ward 72 (Zone 6 Thiru-Vi-Ka Nagar): Unfilled Cashew & MSME Subsidies is the primary civic complaint. TVK favorability 54.0%. #Chennai #TVK
GCC-073,Chennai Ward 73 (Thiru-Vi-Ka),GCC Zone 6 Thiru-Vi-Ka Nagar,13.1201,80.2274,36437,54.5,22.8,16.1,6.6,31.7,TVK Citadel,"Kuruvai Paddy Procurement MSP ₹3,200/q",85,52,-33,79,GCC Portal & Reddit r/TamilNadu,https://reddit.com/r/TamilNadu,GCC Ward grievance RTI logs + Reddit civic thread NLP,"சென்னை வார்டு 73 மக்கள் கவனத்திற்கு 💧
Kuruvai Paddy Procurement MSP ₹3,200/q கோரிக்கை நிறைவேற்ற TVK வார்டு வேட்பாளர் உறுதியளிக்கிறார்!","📸 சென்னை வார்டு 73! Kuruvai Paddy Procurement MSP ₹3,200/q மற்றும் உள்ளாட்சி சேவை சீரமைப்பு. #GCCWard73 #TVK","GCC Ward 73 (Zone 6 Thiru-Vi-Ka Nagar): Kuruvai Paddy Procurement MSP ₹3,200/q is the primary civic complaint. TVK favorability 54.5%. #Chennai #TVK"
GCC-074,Chennai Ward 74 (Thiru-Vi-Ka),GCC Zone 6 Thiru-Vi-Ka Nagar,13.0913,80.229,35996,44.5,28.1,18.0,8.7,16.4,Competitive Ward,Youth Employment & 18% Unemployment Rate,81,35,-46,85,GCC Portal & Reddit r/TamilNadu,https://reddit.com/r/TamilNadu,GCC Ward grievance RTI logs + Reddit civic thread NLP,"சென்னை வார்டு 74 மக்கள் கவனத்திற்கு 💧
Youth Employment & 18% Unemployment Rate கோரிக்கை நிறைவேற்ற TVK வார்டு வேட்பாளர் உறுதியளிக்கிறார்!",📸 சென்னை வார்டு 74! Youth Employment & 18% Unemployment Rate மற்றும் உள்ளாட்சி சேவை சீரமைப்பு. #GCCWard74 #TVK,GCC Ward 74 (Zone 6 Thiru-Vi-Ka Nagar): Youth Employment & 18% Unemployment Rate is the primary civic complaint. TVK favorability 44.5%. #Chennai #TVK
GCC-075,Chennai Ward 75 (Thiru-Vi-Ka),GCC Zone 6 Thiru-Vi-Ka Nagar,13.1253,80.2428,32696,56.0,30.5,20.8,5.0,25.5,TVK Citadel,Monsoon Stormwater Drain Desilting,74,32,-42,86,GCC Portal & Reddit r/TamilNadu,https://reddit.com/r/TamilNadu,GCC Ward grievance RTI logs + Reddit civic thread NLP,"சென்னை வார்டு 75 மக்கள் கவனத்திற்கு 💧
Monsoon Stormwater Drain Desilting கோரிக்கை நிறைவேற்ற TVK வார்டு வேட்பாளர் உறுதியளிக்கிறார்!",📸 சென்னை வார்டு 75! Monsoon Stormwater Drain Desilting மற்றும் உள்ளாட்சி சேவை சீரமைப்பு. #GCCWard75 #TVK,GCC Ward 75 (Zone 6 Thiru-Vi-Ka Nagar): Monsoon Stormwater Drain Desilting is the primary civic complaint. TVK favorability 56.0%. #Chennai #TVK
GCC-076,Chennai Ward 76 (Thiru-Vi-Ka),GCC Zone 6 Thiru-Vi-Ka Nagar,13.1089,80.2264,33600,61.2,27.0,13.5,8.1,34.2,TVK Citadel,TANGEDCO MSME Power Tariff Increase,69,28,-41,79,GCC Portal & Reddit r/TamilNadu,https://reddit.com/r/TamilNadu,GCC Ward grievance RTI logs + Reddit civic thread NLP,"சென்னை வார்டு 76 மக்கள் கவனத்திற்கு 💧
TANGEDCO MSME Power Tariff Increase கோரிக்கை நிறைவேற்ற TVK வார்டு வேட்பாளர் உறுதியளிக்கிறார்!",📸 சென்னை வார்டு 76! TANGEDCO MSME Power Tariff Increase மற்றும் உள்ளாட்சி சேவை சீரமைப்பு. #GCCWard76 #TVK,GCC Ward 76 (Zone 6 Thiru-Vi-Ka Nagar): TANGEDCO MSME Power Tariff Increase is the primary civic complaint. TVK favorability 61.2%. #Chennai #TVK
GCC-077,Chennai Ward 77 (Thiru-Vi-Ka),GCC Zone 6 Thiru-Vi-Ka Nagar,13.0996,80.253,38528,45.3,26.3,21.3,5.7,19.0,Competitive Ward,Annamalai Univ Pension Fund Allocation,74,25,-49,83,GCC Portal & Reddit r/TamilNadu,https://reddit.com/r/TamilNadu,GCC Ward grievance RTI logs + Reddit civic thread NLP,"சென்னை வார்டு 77 மக்கள் கவனத்திற்கு 💧
Annamalai Univ Pension Fund Allocation கோரிக்கை நிறைவேற்ற TVK வார்டு வேட்பாளர் உறுதியளிக்கிறார்!",📸 சென்னை வார்டு 77! Annamalai Univ Pension Fund Allocation மற்றும் உள்ளாட்சி சேவை சீரமைப்பு. #GCCWard77 #TVK,GCC Ward 77 (Zone 6 Thiru-Vi-Ka Nagar): Annamalai Univ Pension Fund Allocation is the primary civic complaint. TVK favorability 45.3%. #Chennai #TVK
GCC-078,Chennai Ward 78 (Thiru-Vi-Ka),GCC Zone 6 Thiru-Vi-Ka Nagar,13.0932,80.2489,39763,62.0,31.1,13.2,5.0,30.9,TVK Citadel,Cauvery Delta Water Channel Maintenance,80,48,-32,89,GCC Portal & Reddit r/TamilNadu,https://reddit.com/r/TamilNadu,GCC Ward grievance RTI logs + Reddit civic thread NLP,"சென்னை வார்டு 78 மக்கள் கவனத்திற்கு 💧
Cauvery Delta Water Channel Maintenance கோரிக்கை நிறைவேற்ற TVK வார்டு வேட்பாளர் உறுதியளிக்கிறார்!",📸 சென்னை வார்டு 78! Cauvery Delta Water Channel Maintenance மற்றும் உள்ளாட்சி சேவை சீரமைப்பு. #GCCWard78 #TVK,GCC Ward 78 (Zone 6 Thiru-Vi-Ka Nagar): Cauvery Delta Water Channel Maintenance is the primary civic complaint. TVK favorability 62.0%. #Chennai #TVK
GCC-079,Chennai Ward 79 (Ambattur),GCC Zone 7 Ambattur,13.1011,80.1633,25285,55.4,28.9,17.7,5.4,26.5,TVK Citadel,AIIMS Madurai Construction Speedup,82,48,-34,90,GCC Portal & Reddit r/TamilNadu,https://reddit.com/r/TamilNadu,GCC Ward grievance RTI logs + Reddit civic thread NLP,"சென்னை வார்டு 79 மக்கள் கவனத்திற்கு 💧
AIIMS Madurai Construction Speedup கோரிக்கை நிறைவேற்ற TVK வார்டு வேட்பாளர் உறுதியளிக்கிறார்!",📸 சென்னை வார்டு 79! AIIMS Madurai Construction Speedup மற்றும் உள்ளாட்சி சேவை சீரமைப்பு. #GCCWard79 #TVK,GCC Ward 79 (Zone 7 Ambattur): AIIMS Madurai Construction Speedup is the primary civic complaint. TVK favorability 55.4%. #Chennai #TVK
GCC-080,Chennai Ward 80 (Ambattur),GCC Zone 7 Ambattur,13.1179,80.162,34829,48.6,29.4,17.2,6.3,19.2,Competitive Ward,Unfilled Cashew & MSME Subsidies,78,30,-48,87,GCC Portal & Reddit r/TamilNadu,https://reddit.com/r/TamilNadu,GCC Ward grievance RTI logs + Reddit civic thread NLP,"சென்னை வார்டு 80 மக்கள் கவனத்திற்கு 💧
Unfilled Cashew & MSME Subsidies கோரிக்கை நிறைவேற்ற TVK வார்டு வேட்பாளர் உறுதியளிக்கிறார்!",📸 சென்னை வார்டு 80! Unfilled Cashew & MSME Subsidies மற்றும் உள்ளாட்சி சேவை சீரமைப்பு. #GCCWard80 #TVK,GCC Ward 80 (Zone 7 Ambattur): Unfilled Cashew & MSME Subsidies is the primary civic complaint. TVK favorability 48.6%. #Chennai #TVK
GCC-081,Chennai Ward 81 (Ambattur),GCC Zone 7 Ambattur,13.1228,80.1655,37023,56.6,29.4,12.6,5.3,27.2,TVK Citadel,"Kuruvai Paddy Procurement MSP ₹3,200/q",85,52,-33,92,GCC Portal & Reddit r/TamilNadu,https://reddit.com/r/TamilNadu,GCC Ward grievance RTI logs + Reddit civic thread NLP,"சென்னை வார்டு 81 மக்கள் கவனத்திற்கு 💧
Kuruvai Paddy Procurement MSP ₹3,200/q கோரிக்கை நிறைவேற்ற TVK வார்டு வேட்பாளர் உறுதியளிக்கிறார்!","📸 சென்னை வார்டு 81! Kuruvai Paddy Procurement MSP ₹3,200/q மற்றும் உள்ளாட்சி சேவை சீரமைப்பு. #GCCWard81 #TVK","GCC Ward 81 (Zone 7 Ambattur): Kuruvai Paddy Procurement MSP ₹3,200/q is the primary civic complaint. TVK favorability 56.6%. #Chennai #TVK"
GCC-082,Chennai Ward 82 (Ambattur),GCC Zone 7 Ambattur,13.1109,80.1601,36744,49.6,31.1,18.1,5.0,18.5,Competitive Ward,Youth Employment & 18% Unemployment Rate,81,35,-46,87,GCC Portal & Reddit r/TamilNadu,https://reddit.com/r/TamilNadu,GCC Ward grievance RTI logs + Reddit civic thread NLP,"சென்னை வார்டு 82 மக்கள் கவனத்திற்கு 💧
Youth Employment & 18% Unemployment Rate கோரிக்கை நிறைவேற்ற TVK வார்டு வேட்பாளர் உறுதியளிக்கிறார்!",📸 சென்னை வார்டு 82! Youth Employment & 18% Unemployment Rate மற்றும் உள்ளாட்சி சேவை சீரமைப்பு. #GCCWard82 #TVK,GCC Ward 82 (Zone 7 Ambattur): Youth Employment & 18% Unemployment Rate is the primary civic complaint. TVK favorability 49.6%. #Chennai #TVK
GCC-083,Chennai Ward 83 (Ambattur),GCC Zone 7 Ambattur,13.1272,80.1327,38964,51.2,29.7,14.8,9.8,21.5,Competitive Ward,Monsoon Stormwater Drain Desilting,74,32,-42,76,GCC Portal & Reddit r/TamilNadu,https://reddit.com/r/TamilNadu,GCC Ward grievance RTI logs + Reddit civic thread NLP,"சென்னை வார்டு 83 மக்கள் கவனத்திற்கு 💧
Monsoon Stormwater Drain Desilting கோரிக்கை நிறைவேற்ற TVK வார்டு வேட்பாளர் உறுதியளிக்கிறார்!",📸 சென்னை வார்டு 83! Monsoon Stormwater Drain Desilting மற்றும் உள்ளாட்சி சேவை சீரமைப்பு. #GCCWard83 #TVK,GCC Ward 83 (Zone 7 Ambattur): Monsoon Stormwater Drain Desilting is the primary civic complaint. TVK favorability 51.2%. #Chennai #TVK
GCC-084,Chennai Ward 84 (Ambattur),GCC Zone 7 Ambattur,13.1291,80.1433,36815,48.1,28.4,12.3,5.8,19.7,Competitive Ward,TANGEDCO MSME Power Tariff Increase,69,28,-41,86,GCC Portal & Reddit r/TamilNadu,https://reddit.com/r/TamilNadu,GCC Ward grievance RTI logs + Reddit civic thread NLP,"சென்னை வார்டு 84 மக்கள் கவனத்திற்கு 💧
TANGEDCO MSME Power Tariff Increase கோரிக்கை நிறைவேற்ற TVK வார்டு வேட்பாளர் உறுதியளிக்கிறார்!",📸 சென்னை வார்டு 84! TANGEDCO MSME Power Tariff Increase மற்றும் உள்ளாட்சி சேவை சீரமைப்பு. #GCCWard84 #TVK,GCC Ward 84 (Zone 7 Ambattur): TANGEDCO MSME Power Tariff Increase is the primary civic complaint. TVK favorability 48.1%. #Chennai #TVK
GCC-085,Chennai Ward 85 (Ambattur),GCC Zone 7 Ambattur,13.1008,80.1595,38665,52.9,24.7,16.3,9.7,28.2,TVK Citadel,Annamalai Univ Pension Fund Allocation,74,25,-49,83,GCC Portal & Reddit r/TamilNadu,https://reddit.com/r/TamilNadu,GCC Ward grievance RTI logs + Reddit civic thread NLP,"சென்னை வார்டு 85 மக்கள் கவனத்திற்கு 💧
Annamalai Univ Pension Fund Allocation கோரிக்கை நிறைவேற்ற TVK வார்டு வேட்பாளர் உறுதியளிக்கிறார்!",📸 சென்னை வார்டு 85! Annamalai Univ Pension Fund Allocation மற்றும் உள்ளாட்சி சேவை சீரமைப்பு. #GCCWard85 #TVK,GCC Ward 85 (Zone 7 Ambattur): Annamalai Univ Pension Fund Allocation is the primary civic complaint. TVK favorability 52.9%. #Chennai #TVK
GCC-086,Chennai Ward 86 (Ambattur),GCC Zone 7 Ambattur,13.0917,80.1699,41278,44.6,24.6,17.7,6.2,20.0,Competitive Ward,Cauvery Delta Water Channel Maintenance,80,48,-32,89,GCC Portal & Reddit r/TamilNadu,https://reddit.com/r/TamilNadu,GCC Ward grievance RTI logs + Reddit civic thread NLP,"சென்னை வார்டு 86 மக்கள் கவனத்திற்கு 💧
Cauvery Delta Water Channel Maintenance கோரிக்கை நிறைவேற்ற TVK வார்டு வேட்பாளர் உறுதியளிக்கிறார்!",📸 சென்னை வார்டு 86! Cauvery Delta Water Channel Maintenance மற்றும் உள்ளாட்சி சேவை சீரமைப்பு. #GCCWard86 #TVK,GCC Ward 86 (Zone 7 Ambattur): Cauvery Delta Water Channel Maintenance is the primary civic complaint. TVK favorability 44.6%. #Chennai #TVK
GCC-087,Chennai Ward 87 (Ambattur),GCC Zone 7 Ambattur,13.1034,80.1699,39581,47.2,31.4,12.2,10.0,15.8,Competitive Ward,AIIMS Madurai Construction Speedup,82,48,-34,85,GCC Portal & Reddit r/TamilNadu,https://reddit.com/r/TamilNadu,GCC Ward grievance RTI logs + Reddit civic thread NLP,"சென்னை வார்டு 87 மக்கள் கவனத்திற்கு 💧
AIIMS Madurai Construction Speedup கோரிக்கை நிறைவேற்ற TVK வார்டு வேட்பாளர் உறுதியளிக்கிறார்!",📸 சென்னை வார்டு 87! AIIMS Madurai Construction Speedup மற்றும் உள்ளாட்சி சேவை சீரமைப்பு. #GCCWard87 #TVK,GCC Ward 87 (Zone 7 Ambattur): AIIMS Madurai Construction Speedup is the primary civic complaint. TVK favorability 47.2%. #Chennai #TVK
GCC-088,Chennai Ward 88 (Ambattur),GCC Zone 7 Ambattur,13.121,80.1563,38880,59.1,27.3,19.6,7.4,31.8,TVK Citadel,Unfilled Cashew & MSME Subsidies,78,30,-48,89,GCC Portal & Reddit r/TamilNadu,https://reddit.com/r/TamilNadu,GCC Ward grievance RTI logs + Reddit civic thread NLP,"சென்னை வார்டு 88 மக்கள் கவனத்திற்கு 💧
Unfilled Cashew & MSME Subsidies கோரிக்கை நிறைவேற்ற TVK வார்டு வேட்பாளர் உறுதியளிக்கிறார்!",📸 சென்னை வார்டு 88! Unfilled Cashew & MSME Subsidies மற்றும் உள்ளாட்சி சேவை சீரமைப்பு. #GCCWard88 #TVK,GCC Ward 88 (Zone 7 Ambattur): Unfilled Cashew & MSME Subsidies is the primary civic complaint. TVK favorability 59.1%. #Chennai #TVK
GCC-089,Chennai Ward 89 (Ambattur),GCC Zone 7 Ambattur,13.1205,80.1485,36088,61.6,27.2,17.3,4.1,34.4,TVK Citadel,"Kuruvai Paddy Procurement MSP ₹3,200/q",85,52,-33,85,GCC Portal & Reddit r/TamilNadu,https://reddit.com/r/TamilNadu,GCC Ward grievance RTI logs + Reddit civic thread NLP,"சென்னை வார்டு 89 மக்கள் கவனத்திற்கு 💧
Kuruvai Paddy Procurement MSP ₹3,200/q கோரிக்கை நிறைவேற்ற TVK வார்டு வேட்பாளர் உறுதியளிக்கிறார்!","📸 சென்னை வார்டு 89! Kuruvai Paddy Procurement MSP ₹3,200/q மற்றும் உள்ளாட்சி சேவை சீரமைப்பு. #GCCWard89 #TVK","GCC Ward 89 (Zone 7 Ambattur): Kuruvai Paddy Procurement MSP ₹3,200/q is the primary civic complaint. TVK favorability 61.6%. #Chennai #TVK"
GCC-090,Chennai Ward 90 (Ambattur),GCC Zone 7 Ambattur,13.0929,80.1333,39682,44.7,27.3,16.5,9.8,17.4,Competitive Ward,Youth Employment & 18% Unemployment Rate,81,35,-46,87,GCC Portal & Reddit r/TamilNadu,https://reddit.com/r/TamilNadu,GCC Ward grievance RTI logs + Reddit civic thread NLP,"சென்னை வார்டு 90 மக்கள் கவனத்திற்கு 💧
Youth Employment & 18% Unemployment Rate கோரிக்கை நிறைவேற்ற TVK வார்டு வேட்பாளர் உறுதியளிக்கிறார்!",📸 சென்னை வார்டு 90! Youth Employment & 18% Unemployment Rate மற்றும் உள்ளாட்சி சேவை சீரமைப்பு. #GCCWard90 #TVK,GCC Ward 90 (Zone 7 Ambattur): Youth Employment & 18% Unemployment Rate is the primary civic complaint. TVK favorability 44.7%. #Chennai #TVK
GCC-091,Chennai Ward 91 (Ambattur),GCC Zone 7 Ambattur,13.0915,80.1615,34073,54.6,26.9,20.9,8.7,27.7,TVK Citadel,Monsoon Stormwater Drain Desilting,74,32,-42,82,GCC Portal & Reddit r/TamilNadu,https://reddit.com/r/TamilNadu,GCC Ward grievance RTI logs + Reddit civic thread NLP,"சென்னை வார்டு 91 மக்கள் கவனத்திற்கு 💧
Monsoon Stormwater Drain Desilting கோரிக்கை நிறைவேற்ற TVK வார்டு வேட்பாளர் உறுதியளிக்கிறார்!",📸 சென்னை வார்டு 91! Monsoon Stormwater Drain Desilting மற்றும் உள்ளாட்சி சேவை சீரமைப்பு. #GCCWard91 #TVK,GCC Ward 91 (Zone 7 Ambattur): Monsoon Stormwater Drain Desilting is the primary civic complaint. TVK favorability 54.6%. #Chennai #TVK
GCC-092,Chennai Ward 92 (Ambattur),GCC Zone 7 Ambattur,13.1049,80.1628,40163,50.6,27.5,20.8,4.1,23.1,Competitive Ward,TANGEDCO MSME Power Tariff Increase,69,28,-41,80,GCC Portal & Reddit r/TamilNadu,https://reddit.com/r/TamilNadu,GCC Ward grievance RTI logs + Reddit civic thread NLP,"சென்னை வார்டு 92 மக்கள் கவனத்திற்கு 💧
TANGEDCO MSME Power Tariff Increase கோரிக்கை நிறைவேற்ற TVK வார்டு வேட்பாளர் உறுதியளிக்கிறார்!",📸 சென்னை வார்டு 92! TANGEDCO MSME Power Tariff Increase மற்றும் உள்ளாட்சி சேவை சீரமைப்பு. #GCCWard92 #TVK,GCC Ward 92 (Zone 7 Ambattur): TANGEDCO MSME Power Tariff Increase is the primary civic complaint. TVK favorability 50.6%. #Chennai #TVK
GCC-093,Chennai Ward 93 (Ambattur),GCC Zone 7 Ambattur,13.1118,80.1419,33507,62.6,26.6,19.5,4.3,36.0,TVK Citadel,Annamalai Univ Pension Fund Allocation,74,25,-49,80,GCC Portal & Reddit r/TamilNadu,https://reddit.com/r/TamilNadu,GCC Ward grievance RTI logs + Reddit civic thread NLP,"சென்னை வார்டு 93 மக்கள் கவனத்திற்கு 💧
Annamalai Univ Pension Fund Allocation கோரிக்கை நிறைவேற்ற TVK வார்டு வேட்பாளர் உறுதியளிக்கிறார்!",📸 சென்னை வார்டு 93! Annamalai Univ Pension Fund Allocation மற்றும் உள்ளாட்சி சேவை சீரமைப்பு. #GCCWard93 #TVK,GCC Ward 93 (Zone 7 Ambattur): Annamalai Univ Pension Fund Allocation is the primary civic complaint. TVK favorability 62.6%. #Chennai #TVK
GCC-094,Chennai Ward 94 (Anna),GCC Zone 8 Anna Nagar,13.0692,80.225,37595,44.8,29.3,16.9,8.9,15.5,Competitive Ward,Cauvery Delta Water Channel Maintenance,80,48,-32,89,GCC Portal & Reddit r/TamilNadu,https://reddit.com/r/TamilNadu,GCC Ward grievance RTI logs + Reddit civic thread NLP,"சென்னை வார்டு 94 மக்கள் கவனத்திற்கு 💧
Cauvery Delta Water Channel Maintenance கோரிக்கை நிறைவேற்ற TVK வார்டு வேட்பாளர் உறுதியளிக்கிறார்!",📸 சென்னை வார்டு 94! Cauvery Delta Water Channel Maintenance மற்றும் உள்ளாட்சி சேவை சீரமைப்பு. #GCCWard94 #TVK,GCC Ward 94 (Zone 8 Anna Nagar): Cauvery Delta Water Channel Maintenance is the primary civic complaint. TVK favorability 44.8%. #Chennai #TVK
GCC-095,Chennai Ward 95 (Anna),GCC Zone 8 Anna Nagar,13.0787,80.217,25274,51.8,23.5,21.2,6.9,28.3,TVK Citadel,AIIMS Madurai Construction Speedup,82,48,-34,85,GCC Portal & Reddit r/TamilNadu,https://reddit.com/r/TamilNadu,GCC Ward grievance RTI logs + Reddit civic thread NLP,"சென்னை வார்டு 95 மக்கள் கவனத்திற்கு 💧
AIIMS Madurai Construction Speedup கோரிக்கை நிறைவேற்ற TVK வார்டு வேட்பாளர் உறுதியளிக்கிறார்!",📸 சென்னை வார்டு 95! AIIMS Madurai Construction Speedup மற்றும் உள்ளாட்சி சேவை சீரமைப்பு. #GCCWard95 #TVK,GCC Ward 95 (Zone 8 Anna Nagar): AIIMS Madurai Construction Speedup is the primary civic complaint. TVK favorability 51.8%. #Chennai #TVK
GCC-096,Chennai Ward 96 (Anna),GCC Zone 8 Anna Nagar,13.0649,80.1976,28577,62.2,30.5,14.7,8.4,31.7,TVK Citadel,Unfilled Cashew & MSME Subsidies,78,30,-48,90,GCC Portal & Reddit r/TamilNadu,https://reddit.com/r/TamilNadu,GCC Ward grievance RTI logs + Reddit civic thread NLP,"சென்னை வார்டு 96 மக்கள் கவனத்திற்கு 💧
Unfilled Cashew & MSME Subsidies கோரிக்கை நிறைவேற்ற TVK வார்டு வேட்பாளர் உறுதியளிக்கிறார்!",📸 சென்னை வார்டு 96! Unfilled Cashew & MSME Subsidies மற்றும் உள்ளாட்சி சேவை சீரமைப்பு. #GCCWard96 #TVK,GCC Ward 96 (Zone 8 Anna Nagar): Unfilled Cashew & MSME Subsidies is the primary civic complaint. TVK favorability 62.2%. #Chennai #TVK
GCC-097,Chennai Ward 97 (Anna),GCC Zone 8 Anna Nagar,13.0684,80.1921,27396,59.3,27.0,12.6,4.2,32.3,TVK Citadel,"Kuruvai Paddy Procurement MSP ₹3,200/q",85,52,-33,92,GCC Portal & Reddit r/TamilNadu,https://reddit.com/r/TamilNadu,GCC Ward grievance RTI logs + Reddit civic thread NLP,"சென்னை வார்டு 97 மக்கள் கவனத்திற்கு 💧
Kuruvai Paddy Procurement MSP ₹3,200/q கோரிக்கை நிறைவேற்ற TVK வார்டு வேட்பாளர் உறுதியளிக்கிறார்!","📸 சென்னை வார்டு 97! Kuruvai Paddy Procurement MSP ₹3,200/q மற்றும் உள்ளாட்சி சேவை சீரமைப்பு. #GCCWard97 #TVK","GCC Ward 97 (Zone 8 Anna Nagar): Kuruvai Paddy Procurement MSP ₹3,200/q is the primary civic complaint. TVK favorability 59.3%. #Chennai #TVK"
GCC-098,Chennai Ward 98 (Anna),GCC Zone 8 Anna Nagar,13.0887,80.1979,41014,47.1,22.5,13.1,5.0,24.6,Competitive Ward,Youth Employment & 18% Unemployment Rate,81,35,-46,80,GCC Portal & Reddit r/TamilNadu,https://reddit.com/r/TamilNadu,GCC Ward grievance RTI logs + Reddit civic thread NLP,"சென்னை வார்டு 98 மக்கள் கவனத்திற்கு 💧
Youth Employment & 18% Unemployment Rate கோரிக்கை நிறைவேற்ற TVK வார்டு வேட்பாளர் உறுதியளிக்கிறார்!",📸 சென்னை வார்டு 98! Youth Employment & 18% Unemployment Rate மற்றும் உள்ளாட்சி சேவை சீரமைப்பு. #GCCWard98 #TVK,GCC Ward 98 (Zone 8 Anna Nagar): Youth Employment & 18% Unemployment Rate is the primary civic complaint. TVK favorability 47.1%. #Chennai #TVK
GCC-099,Chennai Ward 99 (Anna),GCC Zone 8 Anna Nagar,13.0673,80.2234,33635,61.3,30.9,14.6,7.6,30.4,TVK Citadel,Monsoon Stormwater Drain Desilting,74,32,-42,87,GCC Portal & Reddit r/TamilNadu,https://reddit.com/r/TamilNadu,GCC Ward grievance RTI logs + Reddit civic thread NLP,"சென்னை வார்டு 99 மக்கள் கவனத்திற்கு 💧
Monsoon Stormwater Drain Desilting கோரிக்கை நிறைவேற்ற TVK வார்டு வேட்பாளர் உறுதியளிக்கிறார்!",📸 சென்னை வார்டு 99! Monsoon Stormwater Drain Desilting மற்றும் உள்ளாட்சி சேவை சீரமைப்பு. #GCCWard99 #TVK,GCC Ward 99 (Zone 8 Anna Nagar): Monsoon Stormwater Drain Desilting is the primary civic complaint. TVK favorability 61.3%. #Chennai #TVK
GCC-100,Chennai Ward 100 (Anna),GCC Zone 8 Anna Nagar,13.0701,80.2022,41078,55.5,24.9,18.8,7.6,30.6,TVK Citadel,TANGEDCO MSME Power Tariff Increase,69,28,-41,90,GCC Portal & Reddit r/TamilNadu,https://reddit.com/r/TamilNadu,GCC Ward grievance RTI logs + Reddit civic thread NLP,"சென்னை வார்டு 100 மக்கள் கவனத்திற்கு 💧
TANGEDCO MSME Power Tariff Increase கோரிக்கை நிறைவேற்ற TVK வார்டு வேட்பாளர் உறுதியளிக்கிறார்!",📸 சென்னை வார்டு 100! TANGEDCO MSME Power Tariff Increase மற்றும் உள்ளாட்சி சேவை சீரமைப்பு. #GCCWard100 #TVK,GCC Ward 100 (Zone 8 Anna Nagar): TANGEDCO MSME Power Tariff Increase is the primary civic complaint. TVK favorability 55.5%. #Chennai #TVK
GCC-101,Chennai Ward 101 (Anna),GCC Zone 8 Anna Nagar,13.0827,80.2217,36329,59.3,27.3,19.3,6.0,32.0,TVK Citadel,Annamalai Univ Pension Fund Allocation,74,25,-49,82,GCC Portal & Reddit r/TamilNadu,https://reddit.com/r/TamilNadu,GCC Ward grievance RTI logs + Reddit civic thread NLP,"சென்னை வார்டு 101 மக்கள் கவனத்திற்கு 💧
Annamalai Univ Pension Fund Allocation கோரிக்கை நிறைவேற்ற TVK வார்டு வேட்பாளர் உறுதியளிக்கிறார்!",📸 சென்னை வார்டு 101! Annamalai Univ Pension Fund Allocation மற்றும் உள்ளாட்சி சேவை சீரமைப்பு. #GCCWard101 #TVK,GCC Ward 101 (Zone 8 Anna Nagar): Annamalai Univ Pension Fund Allocation is the primary civic complaint. TVK favorability 59.3%. #Chennai #TVK
GCC-102,Chennai Ward 102 (Anna),GCC Zone 8 Anna Nagar,13.0816,80.2174,36003,63.4,23.0,15.0,5.8,40.4,TVK Citadel,Cauvery Delta Water Channel Maintenance,80,48,-32,85,GCC Portal & Reddit r/TamilNadu,https://reddit.com/r/TamilNadu,GCC Ward grievance RTI logs + Reddit civic thread NLP,"சென்னை வார்டு 102 மக்கள் கவனத்திற்கு 💧
Cauvery Delta Water Channel Maintenance கோரிக்கை நிறைவேற்ற TVK வார்டு வேட்பாளர் உறுதியளிக்கிறார்!",📸 சென்னை வார்டு 102! Cauvery Delta Water Channel Maintenance மற்றும் உள்ளாட்சி சேவை சீரமைப்பு. #GCCWard102 #TVK,GCC Ward 102 (Zone 8 Anna Nagar): Cauvery Delta Water Channel Maintenance is the primary civic complaint. TVK favorability 63.4%. #Chennai #TVK
GCC-103,Chennai Ward 103 (Anna),GCC Zone 8 Anna Nagar,13.0869,80.2089,40343,48.8,25.4,17.0,9.9,23.4,Competitive Ward,AIIMS Madurai Construction Speedup,82,48,-34,84,GCC Portal & Reddit r/TamilNadu,https://reddit.com/r/TamilNadu,GCC Ward grievance RTI logs + Reddit civic thread NLP,"சென்னை வார்டு 103 மக்கள் கவனத்திற்கு 💧
AIIMS Madurai Construction Speedup கோரிக்கை நிறைவேற்ற TVK வார்டு வேட்பாளர் உறுதியளிக்கிறார்!",📸 சென்னை வார்டு 103! AIIMS Madurai Construction Speedup மற்றும் உள்ளாட்சி சேவை சீரமைப்பு. #GCCWard103 #TVK,GCC Ward 103 (Zone 8 Anna Nagar): AIIMS Madurai Construction Speedup is the primary civic complaint. TVK favorability 48.8%. #Chennai #TVK
GCC-104,Chennai Ward 104 (Anna),GCC Zone 8 Anna Nagar,13.0805,80.213,36848,58.7,27.0,12.2,8.9,31.7,TVK Citadel,Unfilled Cashew & MSME Subsidies,78,30,-48,86,GCC Portal & Reddit r/TamilNadu,https://reddit.com/r/TamilNadu,GCC Ward grievance RTI logs + Reddit civic thread NLP,"சென்னை வார்டு 104 மக்கள் கவனத்திற்கு 💧
Unfilled Cashew & MSME Subsidies கோரிக்கை நிறைவேற்ற TVK வார்டு வேட்பாளர் உறுதியளிக்கிறார்!",📸 சென்னை வார்டு 104! Unfilled Cashew & MSME Subsidies மற்றும் உள்ளாட்சி சேவை சீரமைப்பு. #GCCWard104 #TVK,GCC Ward 104 (Zone 8 Anna Nagar): Unfilled Cashew & MSME Subsidies is the primary civic complaint. TVK favorability 58.7%. #Chennai #TVK
GCC-105,Chennai Ward 105 (Anna),GCC Zone 8 Anna Nagar,13.0924,80.2028,28827,47.8,22.7,12.2,9.8,25.1,TVK Citadel,"Kuruvai Paddy Procurement MSP ₹3,200/q",85,52,-33,88,GCC Portal & Reddit r/TamilNadu,https://reddit.com/r/TamilNadu,GCC Ward grievance RTI logs + Reddit civic thread NLP,"சென்னை வார்டு 105 மக்கள் கவனத்திற்கு 💧
Kuruvai Paddy Procurement MSP ₹3,200/q கோரிக்கை நிறைவேற்ற TVK வார்டு வேட்பாளர் உறுதியளிக்கிறார்!","📸 சென்னை வார்டு 105! Kuruvai Paddy Procurement MSP ₹3,200/q மற்றும் உள்ளாட்சி சேவை சீரமைப்பு. #GCCWard105 #TVK","GCC Ward 105 (Zone 8 Anna Nagar): Kuruvai Paddy Procurement MSP ₹3,200/q is the primary civic complaint. TVK favorability 47.8%. #Chennai #TVK"
GCC-106,Chennai Ward 106 (Anna),GCC Zone 8 Anna Nagar,13.0893,80.2167,31409,62.3,29.9,15.4,9.8,32.4,TVK Citadel,Youth Employment & 18% Unemployment Rate,81,35,-46,87,GCC Portal & Reddit r/TamilNadu,https://reddit.com/r/TamilNadu,GCC Ward grievance RTI logs + Reddit civic thread NLP,"சென்னை வார்டு 106 மக்கள் கவனத்திற்கு 💧
Youth Employment & 18% Unemployment Rate கோரிக்கை நிறைவேற்ற TVK வார்டு வேட்பாளர் உறுதியளிக்கிறார்!",📸 சென்னை வார்டு 106! Youth Employment & 18% Unemployment Rate மற்றும் உள்ளாட்சி சேவை சீரமைப்பு. #GCCWard106 #TVK,GCC Ward 106 (Zone 8 Anna Nagar): Youth Employment & 18% Unemployment Rate is the primary civic complaint. TVK favorability 62.3%. #Chennai #TVK
GCC-107,Chennai Ward 107 (Anna),GCC Zone 8 Anna Nagar,13.0832,80.2256,33625,47.5,30.3,14.6,5.9,17.2,Competitive Ward,Monsoon Stormwater Drain Desilting,74,32,-42,79,GCC Portal & Reddit r/TamilNadu,https://reddit.com/r/TamilNadu,GCC Ward grievance RTI logs + Reddit civic thread NLP,"சென்னை வார்டு 107 மக்கள் கவனத்திற்கு 💧
Monsoon Stormwater Drain Desilting கோரிக்கை நிறைவேற்ற TVK வார்டு வேட்பாளர் உறுதியளிக்கிறார்!",📸 சென்னை வார்டு 107! Monsoon Stormwater Drain Desilting மற்றும் உள்ளாட்சி சேவை சீரமைப்பு. #GCCWard107 #TVK,GCC Ward 107 (Zone 8 Anna Nagar): Monsoon Stormwater Drain Desilting is the primary civic complaint. TVK favorability 47.5%. #Chennai #TVK
GCC-108,Chennai Ward 108 (Anna),GCC Zone 8 Anna Nagar,13.0913,80.193,32357,50.3,30.5,19.6,5.0,19.8,Competitive Ward,TANGEDCO MSME Power Tariff Increase,69,28,-41,83,GCC Portal & Reddit r/TamilNadu,https://reddit.com/r/TamilNadu,GCC Ward grievance RTI logs + Reddit civic thread NLP,"சென்னை வார்டு 108 மக்கள் கவனத்திற்கு 💧
TANGEDCO MSME Power Tariff Increase கோரிக்கை நிறைவேற்ற TVK வார்டு வேட்பாளர் உறுதியளிக்கிறார்!",📸 சென்னை வார்டு 108! TANGEDCO MSME Power Tariff Increase மற்றும் உள்ளாட்சி சேவை சீரமைப்பு. #GCCWard108 #TVK,GCC Ward 108 (Zone 8 Anna Nagar): TANGEDCO MSME Power Tariff Increase is the primary civic complaint. TVK favorability 50.3%. #Chennai #TVK
GCC-109,Chennai Ward 109 (Teynampet),GCC Zone 9 Teynampet,13.0276,80.233,39454,55.6,26.5,17.5,7.1,29.1,TVK Citadel,Annamalai Univ Pension Fund Allocation,74,25,-49,83,GCC Portal & Reddit r/TamilNadu,https://reddit.com/r/TamilNadu,GCC Ward grievance RTI logs + Reddit civic thread NLP,"சென்னை வார்டு 109 மக்கள் கவனத்திற்கு 💧
Annamalai Univ Pension Fund Allocation கோரிக்கை நிறைவேற்ற TVK வார்டு வேட்பாளர் உறுதியளிக்கிறார்!",📸 சென்னை வார்டு 109! Annamalai Univ Pension Fund Allocation மற்றும் உள்ளாட்சி சேவை சீரமைப்பு. #GCCWard109 #TVK,GCC Ward 109 (Zone 9 Teynampet): Annamalai Univ Pension Fund Allocation is the primary civic complaint. TVK favorability 55.6%. #Chennai #TVK
GCC-110,Chennai Ward 110 (Teynampet),GCC Zone 9 Teynampet,13.0395,80.239,33843,63.7,31.4,18.3,5.1,32.3,TVK Citadel,Cauvery Delta Water Channel Maintenance,80,48,-32,84,GCC Portal & Reddit r/TamilNadu,https://reddit.com/r/TamilNadu,GCC Ward grievance RTI logs + Reddit civic thread NLP,"சென்னை வார்டு 110 மக்கள் கவனத்திற்கு 💧
Cauvery Delta Water Channel Maintenance கோரிக்கை நிறைவேற்ற TVK வார்டு வேட்பாளர் உறுதியளிக்கிறார்!",📸 சென்னை வார்டு 110! Cauvery Delta Water Channel Maintenance மற்றும் உள்ளாட்சி சேவை சீரமைப்பு. #GCCWard110 #TVK,GCC Ward 110 (Zone 9 Teynampet): Cauvery Delta Water Channel Maintenance is the primary civic complaint. TVK favorability 63.7%. #Chennai #TVK
GCC-111,Chennai Ward 111 (Teynampet),GCC Zone 9 Teynampet,13.0409,80.232,38638,48.9,25.1,21.1,6.3,23.8,Competitive Ward,AIIMS Madurai Construction Speedup,82,48,-34,84,GCC Portal & Reddit r/TamilNadu,https://reddit.com/r/TamilNadu,GCC Ward grievance RTI logs + Reddit civic thread NLP,"சென்னை வார்டு 111 மக்கள் கவனத்திற்கு 💧
AIIMS Madurai Construction Speedup கோரிக்கை நிறைவேற்ற TVK வார்டு வேட்பாளர் உறுதியளிக்கிறார்!",📸 சென்னை வார்டு 111! AIIMS Madurai Construction Speedup மற்றும் உள்ளாட்சி சேவை சீரமைப்பு. #GCCWard111 #TVK,GCC Ward 111 (Zone 9 Teynampet): AIIMS Madurai Construction Speedup is the primary civic complaint. TVK favorability 48.9%. #Chennai #TVK
GCC-112,Chennai Ward 112 (Teynampet),GCC Zone 9 Teynampet,13.0419,80.262,42450,59.7,30.2,14.3,6.1,29.5,TVK Citadel,Unfilled Cashew & MSME Subsidies,78,30,-48,82,GCC Portal & Reddit r/TamilNadu,https://reddit.com/r/TamilNadu,GCC Ward grievance RTI logs + Reddit civic thread NLP,"சென்னை வார்டு 112 மக்கள் கவனத்திற்கு 💧
Unfilled Cashew & MSME Subsidies கோரிக்கை நிறைவேற்ற TVK வார்டு வேட்பாளர் உறுதியளிக்கிறார்!",📸 சென்னை வார்டு 112! Unfilled Cashew & MSME Subsidies மற்றும் உள்ளாட்சி சேவை சீரமைப்பு. #GCCWard112 #TVK,GCC Ward 112 (Zone 9 Teynampet): Unfilled Cashew & MSME Subsidies is the primary civic complaint. TVK favorability 59.7%. #Chennai #TVK
GCC-113,Chennai Ward 113 (Teynampet),GCC Zone 9 Teynampet,13.0213,80.2543,28662,51.0,22.8,17.1,9.2,28.2,TVK Citadel,"Kuruvai Paddy Procurement MSP ₹3,200/q",85,52,-33,83,GCC Portal & Reddit r/TamilNadu,https://reddit.com/r/TamilNadu,GCC Ward grievance RTI logs + Reddit civic thread NLP,"சென்னை வார்டு 113 மக்கள் கவனத்திற்கு 💧
Kuruvai Paddy Procurement MSP ₹3,200/q கோரிக்கை நிறைவேற்ற TVK வார்டு வேட்பாளர் உறுதியளிக்கிறார்!","📸 சென்னை வார்டு 113! Kuruvai Paddy Procurement MSP ₹3,200/q மற்றும் உள்ளாட்சி சேவை சீரமைப்பு. #GCCWard113 #TVK","GCC Ward 113 (Zone 9 Teynampet): Kuruvai Paddy Procurement MSP ₹3,200/q is the primary civic complaint. TVK favorability 51.0%. #Chennai #TVK"
GCC-114,Chennai Ward 114 (Teynampet),GCC Zone 9 Teynampet,13.0445,80.2348,30466,58.1,27.2,20.3,6.9,30.9,TVK Citadel,Youth Employment & 18% Unemployment Rate,81,35,-46,84,GCC Portal & Reddit r/TamilNadu,https://reddit.com/r/TamilNadu,GCC Ward grievance RTI logs + Reddit civic thread NLP,"சென்னை வார்டு 114 மக்கள் கவனத்திற்கு 💧
Youth Employment & 18% Unemployment Rate கோரிக்கை நிறைவேற்ற TVK வார்டு வேட்பாளர் உறுதியளிக்கிறார்!",📸 சென்னை வார்டு 114! Youth Employment & 18% Unemployment Rate மற்றும் உள்ளாட்சி சேவை சீரமைப்பு. #GCCWard114 #TVK,GCC Ward 114 (Zone 9 Teynampet): Youth Employment & 18% Unemployment Rate is the primary civic complaint. TVK favorability 58.1%. #Chennai #TVK
GCC-115,Chennai Ward 115 (Teynampet),GCC Zone 9 Teynampet,13.0447,80.2444,31450,57.1,30.7,14.6,8.8,26.4,TVK Citadel,Monsoon Stormwater Drain Desilting,74,32,-42,85,GCC Portal & Reddit r/TamilNadu,https://reddit.com/r/TamilNadu,GCC Ward grievance RTI logs + Reddit civic thread NLP,"சென்னை வார்டு 115 மக்கள் கவனத்திற்கு 💧
Monsoon Stormwater Drain Desilting கோரிக்கை நிறைவேற்ற TVK வார்டு வேட்பாளர் உறுதியளிக்கிறார்!",📸 சென்னை வார்டு 115! Monsoon Stormwater Drain Desilting மற்றும் உள்ளாட்சி சேவை சீரமைப்பு. #GCCWard115 #TVK,GCC Ward 115 (Zone 9 Teynampet): Monsoon Stormwater Drain Desilting is the primary civic complaint. TVK favorability 57.1%. #Chennai #TVK
GCC-116,Chennai Ward 116 (Teynampet),GCC Zone 9 Teynampet,13.0202,80.2654,33448,58.8,31.2,17.9,7.8,27.6,TVK Citadel,TANGEDCO MSME Power Tariff Increase,69,28,-41,86,GCC Portal & Reddit r/TamilNadu,https://reddit.com/r/TamilNadu,GCC Ward grievance RTI logs + Reddit civic thread NLP,"சென்னை வார்டு 116 மக்கள் கவனத்திற்கு 💧
TANGEDCO MSME Power Tariff Increase கோரிக்கை நிறைவேற்ற TVK வார்டு வேட்பாளர் உறுதியளிக்கிறார்!",📸 சென்னை வார்டு 116! TANGEDCO MSME Power Tariff Increase மற்றும் உள்ளாட்சி சேவை சீரமைப்பு. #GCCWard116 #TVK,GCC Ward 116 (Zone 9 Teynampet): TANGEDCO MSME Power Tariff Increase is the primary civic complaint. TVK favorability 58.8%. #Chennai #TVK
GCC-117,Chennai Ward 117 (Teynampet),GCC Zone 9 Teynampet,13.0321,80.269,34328,52.9,24.0,16.2,6.4,28.9,TVK Citadel,Annamalai Univ Pension Fund Allocation,74,25,-49,85,GCC Portal & Reddit r/TamilNadu,https://reddit.com/r/TamilNadu,GCC Ward grievance RTI logs + Reddit civic thread NLP,"சென்னை வார்டு 117 மக்கள் கவனத்திற்கு 💧
Annamalai Univ Pension Fund Allocation கோரிக்கை நிறைவேற்ற TVK வார்டு வேட்பாளர் உறுதியளிக்கிறார்!",📸 சென்னை வார்டு 117! Annamalai Univ Pension Fund Allocation மற்றும் உள்ளாட்சி சேவை சீரமைப்பு. #GCCWard117 #TVK,GCC Ward 117 (Zone 9 Teynampet): Annamalai Univ Pension Fund Allocation is the primary civic complaint. TVK favorability 52.9%. #Chennai #TVK
GCC-118,Chennai Ward 118 (Teynampet),GCC Zone 9 Teynampet,13.0486,80.2695,40693,61.8,24.4,21.0,6.1,37.4,TVK Citadel,Cauvery Delta Water Channel Maintenance,80,48,-32,82,GCC Portal & Reddit r/TamilNadu,https://reddit.com/r/TamilNadu,GCC Ward grievance RTI logs + Reddit civic thread NLP,"சென்னை வார்டு 118 மக்கள் கவனத்திற்கு 💧
Cauvery Delta Water Channel Maintenance கோரிக்கை நிறைவேற்ற TVK வார்டு வேட்பாளர் உறுதியளிக்கிறார்!",📸 சென்னை வார்டு 118! Cauvery Delta Water Channel Maintenance மற்றும் உள்ளாட்சி சேவை சீரமைப்பு. #GCCWard118 #TVK,GCC Ward 118 (Zone 9 Teynampet): Cauvery Delta Water Channel Maintenance is the primary civic complaint. TVK favorability 61.8%. #Chennai #TVK
GCC-119,Chennai Ward 119 (Teynampet),GCC Zone 9 Teynampet,13.0595,80.2465,34502,46.7,26.1,14.1,6.5,20.6,Competitive Ward,AIIMS Madurai Construction Speedup,82,48,-34,90,GCC Portal & Reddit r/TamilNadu,https://reddit.com/r/TamilNadu,GCC Ward grievance RTI logs + Reddit civic thread NLP,"சென்னை வார்டு 119 மக்கள் கவனத்திற்கு 💧
AIIMS Madurai Construction Speedup கோரிக்கை நிறைவேற்ற TVK வார்டு வேட்பாளர் உறுதியளிக்கிறார்!",📸 சென்னை வார்டு 119! AIIMS Madurai Construction Speedup மற்றும் உள்ளாட்சி சேவை சீரமைப்பு. #GCCWard119 #TVK,GCC Ward 119 (Zone 9 Teynampet): AIIMS Madurai Construction Speedup is the primary civic complaint. TVK favorability 46.7%. #Chennai #TVK
GCC-120,Chennai Ward 120 (Teynampet),GCC Zone 9 Teynampet,13.0387,80.2507,31844,63.8,24.6,18.6,9.5,39.2,TVK Citadel,Unfilled Cashew & MSME Subsidies,78,30,-48,87,GCC Portal & Reddit r/TamilNadu,https://reddit.com/r/TamilNadu,GCC Ward grievance RTI logs + Reddit civic thread NLP,"சென்னை வார்டு 120 மக்கள் கவனத்திற்கு 💧
Unfilled Cashew & MSME Subsidies கோரிக்கை நிறைவேற்ற TVK வார்டு வேட்பாளர் உறுதியளிக்கிறார்!",📸 சென்னை வார்டு 120! Unfilled Cashew & MSME Subsidies மற்றும் உள்ளாட்சி சேவை சீரமைப்பு. #GCCWard120 #TVK,GCC Ward 120 (Zone 9 Teynampet): Unfilled Cashew & MSME Subsidies is the primary civic complaint. TVK favorability 63.8%. #Chennai #TVK
GCC-121,Chennai Ward 121 (Teynampet),GCC Zone 9 Teynampet,13.0362,80.2401,32487,51.8,28.3,19.5,7.8,23.5,Competitive Ward,"Kuruvai Paddy Procurement MSP ₹3,200/q",85,52,-33,86,GCC Portal & Reddit r/TamilNadu,https://reddit.com/r/TamilNadu,GCC Ward grievance RTI logs + Reddit civic thread NLP,"சென்னை வார்டு 121 மக்கள் கவனத்திற்கு 💧
Kuruvai Paddy Procurement MSP ₹3,200/q கோரிக்கை நிறைவேற்ற TVK வார்டு வேட்பாளர் உறுதியளிக்கிறார்!","📸 சென்னை வார்டு 121! Kuruvai Paddy Procurement MSP ₹3,200/q மற்றும் உள்ளாட்சி சேவை சீரமைப்பு. #GCCWard121 #TVK","GCC Ward 121 (Zone 9 Teynampet): Kuruvai Paddy Procurement MSP ₹3,200/q is the primary civic complaint. TVK favorability 51.8%. #Chennai #TVK"
GCC-122,Chennai Ward 122 (Teynampet),GCC Zone 9 Teynampet,13.0354,80.2362,33907,63.4,25.6,20.6,6.0,37.8,TVK Citadel,Youth Employment & 18% Unemployment Rate,81,35,-46,77,GCC Portal & Reddit r/TamilNadu,https://reddit.com/r/TamilNadu,GCC Ward grievance RTI logs + Reddit civic thread NLP,"சென்னை வார்டு 122 மக்கள் கவனத்திற்கு 💧
Youth Employment & 18% Unemployment Rate கோரிக்கை நிறைவேற்ற TVK வார்டு வேட்பாளர் உறுதியளிக்கிறார்!",📸 சென்னை வார்டு 122! Youth Employment & 18% Unemployment Rate மற்றும் உள்ளாட்சி சேவை சீரமைப்பு. #GCCWard122 #TVK,GCC Ward 122 (Zone 9 Teynampet): Youth Employment & 18% Unemployment Rate is the primary civic complaint. TVK favorability 63.4%. #Chennai #TVK
GCC-123,Chennai Ward 123 (Teynampet),GCC Zone 9 Teynampet,13.0533,80.2619,43933,62.2,24.3,19.0,6.0,37.9,TVK Citadel,Monsoon Stormwater Drain Desilting,74,32,-42,83,GCC Portal & Reddit r/TamilNadu,https://reddit.com/r/TamilNadu,GCC Ward grievance RTI logs + Reddit civic thread NLP,"சென்னை வார்டு 123 மக்கள் கவனத்திற்கு 💧
Monsoon Stormwater Drain Desilting கோரிக்கை நிறைவேற்ற TVK வார்டு வேட்பாளர் உறுதியளிக்கிறார்!",📸 சென்னை வார்டு 123! Monsoon Stormwater Drain Desilting மற்றும் உள்ளாட்சி சேவை சீரமைப்பு. #GCCWard123 #TVK,GCC Ward 123 (Zone 9 Teynampet): Monsoon Stormwater Drain Desilting is the primary civic complaint. TVK favorability 62.2%. #Chennai #TVK
GCC-124,Chennai Ward 124 (Teynampet),GCC Zone 9 Teynampet,13.038,80.262,39046,53.8,24.8,16.5,6.0,29.0,TVK Citadel,TANGEDCO MSME Power Tariff Increase,69,28,-41,83,GCC Portal & Reddit r/TamilNadu,https://reddit.com/r/TamilNadu,GCC Ward grievance RTI logs + Reddit civic thread NLP,"சென்னை வார்டு 124 மக்கள் கவனத்திற்கு 💧
TANGEDCO MSME Power Tariff Increase கோரிக்கை நிறைவேற்ற TVK வார்டு வேட்பாளர் உறுதியளிக்கிறார்!",📸 சென்னை வார்டு 124! TANGEDCO MSME Power Tariff Increase மற்றும் உள்ளாட்சி சேவை சீரமைப்பு. #GCCWard124 #TVK,GCC Ward 124 (Zone 9 Teynampet): TANGEDCO MSME Power Tariff Increase is the primary civic complaint. TVK favorability 53.8%. #Chennai #TVK
GCC-125,Chennai Ward 125 (Teynampet),GCC Zone 9 Teynampet,13.0567,80.2556,24426,55.9,30.5,19.8,5.7,25.4,TVK Citadel,Annamalai Univ Pension Fund Allocation,74,25,-49,85,GCC Portal & Reddit r/TamilNadu,https://reddit.com/r/TamilNadu,GCC Ward grievance RTI logs + Reddit civic thread NLP,"சென்னை வார்டு 125 மக்கள் கவனத்திற்கு 💧
Annamalai Univ Pension Fund Allocation கோரிக்கை நிறைவேற்ற TVK வார்டு வேட்பாளர் உறுதியளிக்கிறார்!",📸 சென்னை வார்டு 125! Annamalai Univ Pension Fund Allocation மற்றும் உள்ளாட்சி சேவை சீரமைப்பு. #GCCWard125 #TVK,GCC Ward 125 (Zone 9 Teynampet): Annamalai Univ Pension Fund Allocation is the primary civic complaint. TVK favorability 55.9%. #Chennai #TVK
GCC-126,Chennai Ward 126 (Teynampet),GCC Zone 9 Teynampet,13.0587,80.2427,44583,57.2,30.7,14.5,5.4,26.5,TVK Citadel,Cauvery Delta Water Channel Maintenance,80,48,-32,86,GCC Portal & Reddit r/TamilNadu,https://reddit.com/r/TamilNadu,GCC Ward grievance RTI logs + Reddit civic thread NLP,"சென்னை வார்டு 126 மக்கள் கவனத்திற்கு 💧
Cauvery Delta Water Channel Maintenance கோரிக்கை நிறைவேற்ற TVK வார்டு வேட்பாளர் உறுதியளிக்கிறார்!",📸 சென்னை வார்டு 126! Cauvery Delta Water Channel Maintenance மற்றும் உள்ளாட்சி சேவை சீரமைப்பு. #GCCWard126 #TVK,GCC Ward 126 (Zone 9 Teynampet): Cauvery Delta Water Channel Maintenance is the primary civic complaint. TVK favorability 57.2%. #Chennai #TVK
GCC-127,Chennai Ward 127 (Kodambakkam),GCC Zone 10 Kodambakkam,13.0546,80.2249,38339,44.6,27.2,13.9,6.4,17.4,Competitive Ward,AIIMS Madurai Construction Speedup,82,48,-34,84,GCC Portal & Reddit r/TamilNadu,https://reddit.com/r/TamilNadu,GCC Ward grievance RTI logs + Reddit civic thread NLP,"சென்னை வார்டு 127 மக்கள் கவனத்திற்கு 💧
AIIMS Madurai Construction Speedup கோரிக்கை நிறைவேற்ற TVK வார்டு வேட்பாளர் உறுதியளிக்கிறார்!",📸 சென்னை வார்டு 127! AIIMS Madurai Construction Speedup மற்றும் உள்ளாட்சி சேவை சீரமைப்பு. #GCCWard127 #TVK,GCC Ward 127 (Zone 10 Kodambakkam): AIIMS Madurai Construction Speedup is the primary civic complaint. TVK favorability 44.6%. #Chennai #TVK
GCC-128,Chennai Ward 128 (Kodambakkam),GCC Zone 10 Kodambakkam,13.0627,80.2393,27727,63.8,22.5,17.8,6.1,41.3,TVK Citadel,Unfilled Cashew & MSME Subsidies,78,30,-48,77,GCC Portal & Reddit r/TamilNadu,https://reddit.com/r/TamilNadu,GCC Ward grievance RTI logs + Reddit civic thread NLP,"சென்னை வார்டு 128 மக்கள் கவனத்திற்கு 💧
Unfilled Cashew & MSME Subsidies கோரிக்கை நிறைவேற்ற TVK வார்டு வேட்பாளர் உறுதியளிக்கிறார்!",📸 சென்னை வார்டு 128! Unfilled Cashew & MSME Subsidies மற்றும் உள்ளாட்சி சேவை சீரமைப்பு. #GCCWard128 #TVK,GCC Ward 128 (Zone 10 Kodambakkam): Unfilled Cashew & MSME Subsidies is the primary civic complaint. TVK favorability 63.8%. #Chennai #TVK
GCC-129,Chennai Ward 129 (Kodambakkam),GCC Zone 10 Kodambakkam,13.0537,80.2274,28883,60.6,24.8,13.0,5.2,35.8,TVK Citadel,"Kuruvai Paddy Procurement MSP ₹3,200/q",85,52,-33,82,GCC Portal & Reddit r/TamilNadu,https://reddit.com/r/TamilNadu,GCC Ward grievance RTI logs + Reddit civic thread NLP,"சென்னை வார்டு 129 மக்கள் கவனத்திற்கு 💧
Kuruvai Paddy Procurement MSP ₹3,200/q கோரிக்கை நிறைவேற்ற TVK வார்டு வேட்பாளர் உறுதியளிக்கிறார்!","📸 சென்னை வார்டு 129! Kuruvai Paddy Procurement MSP ₹3,200/q மற்றும் உள்ளாட்சி சேவை சீரமைப்பு. #GCCWard129 #TVK","GCC Ward 129 (Zone 10 Kodambakkam): Kuruvai Paddy Procurement MSP ₹3,200/q is the primary civic complaint. TVK favorability 60.6%. #Chennai #TVK"
GCC-130,Chennai Ward 130 (Kodambakkam),GCC Zone 10 Kodambakkam,13.0417,80.2363,38951,60.4,31.6,13.4,8.5,28.8,TVK Citadel,Youth Employment & 18% Unemployment Rate,81,35,-46,86,GCC Portal & Reddit r/TamilNadu,https://reddit.com/r/TamilNadu,GCC Ward grievance RTI logs + Reddit civic thread NLP,"சென்னை வார்டு 130 மக்கள் கவனத்திற்கு 💧
Youth Employment & 18% Unemployment Rate கோரிக்கை நிறைவேற்ற TVK வார்டு வேட்பாளர் உறுதியளிக்கிறார்!",📸 சென்னை வார்டு 130! Youth Employment & 18% Unemployment Rate மற்றும் உள்ளாட்சி சேவை சீரமைப்பு. #GCCWard130 #TVK,GCC Ward 130 (Zone 10 Kodambakkam): Youth Employment & 18% Unemployment Rate is the primary civic complaint. TVK favorability 60.4%. #Chennai #TVK
GCC-131,Chennai Ward 131 (Kodambakkam),GCC Zone 10 Kodambakkam,13.0528,80.2013,33223,50.0,31.5,16.2,8.7,18.5,Competitive Ward,Monsoon Stormwater Drain Desilting,74,32,-42,82,GCC Portal & Reddit r/TamilNadu,https://reddit.com/r/TamilNadu,GCC Ward grievance RTI logs + Reddit civic thread NLP,"சென்னை வார்டு 131 மக்கள் கவனத்திற்கு 💧
Monsoon Stormwater Drain Desilting கோரிக்கை நிறைவேற்ற TVK வார்டு வேட்பாளர் உறுதியளிக்கிறார்!",📸 சென்னை வார்டு 131! Monsoon Stormwater Drain Desilting மற்றும் உள்ளாட்சி சேவை சீரமைப்பு. #GCCWard131 #TVK,GCC Ward 131 (Zone 10 Kodambakkam): Monsoon Stormwater Drain Desilting is the primary civic complaint. TVK favorability 50.0%. #Chennai #TVK
GCC-132,Chennai Ward 132 (Kodambakkam),GCC Zone 10 Kodambakkam,13.0569,80.2211,35166,56.1,30.6,18.5,5.8,25.5,TVK Citadel,TANGEDCO MSME Power Tariff Increase,69,28,-41,86,GCC Portal & Reddit r/TamilNadu,https://reddit.com/r/TamilNadu,GCC Ward grievance RTI logs + Reddit civic thread NLP,"சென்னை வார்டு 132 மக்கள் கவனத்திற்கு 💧
TANGEDCO MSME Power Tariff Increase கோரிக்கை நிறைவேற்ற TVK வார்டு வேட்பாளர் உறுதியளிக்கிறார்!",📸 சென்னை வார்டு 132! TANGEDCO MSME Power Tariff Increase மற்றும் உள்ளாட்சி சேவை சீரமைப்பு. #GCCWard132 #TVK,GCC Ward 132 (Zone 10 Kodambakkam): TANGEDCO MSME Power Tariff Increase is the primary civic complaint. TVK favorability 56.1%. #Chennai #TVK
GCC-133,Chennai Ward 133 (Kodambakkam),GCC Zone 10 Kodambakkam,13.0364,80.2222,35859,60.8,30.8,14.3,4.3,30.0,TVK Citadel,Annamalai Univ Pension Fund Allocation,74,25,-49,84,GCC Portal & Reddit r/TamilNadu,https://reddit.com/r/TamilNadu,GCC Ward grievance RTI logs + Reddit civic thread NLP,"சென்னை வார்டு 133 மக்கள் கவனத்திற்கு 💧
Annamalai Univ Pension Fund Allocation கோரிக்கை நிறைவேற்ற TVK வார்டு வேட்பாளர் உறுதியளிக்கிறார்!",📸 சென்னை வார்டு 133! Annamalai Univ Pension Fund Allocation மற்றும் உள்ளாட்சி சேவை சீரமைப்பு. #GCCWard133 #TVK,GCC Ward 133 (Zone 10 Kodambakkam): Annamalai Univ Pension Fund Allocation is the primary civic complaint. TVK favorability 60.8%. #Chennai #TVK
GCC-134,Chennai Ward 134 (Kodambakkam),GCC Zone 10 Kodambakkam,13.0422,80.2143,31371,52.8,31.1,13.2,4.1,21.7,Competitive Ward,Cauvery Delta Water Channel Maintenance,80,48,-32,85,GCC Portal & Reddit r/TamilNadu,https://reddit.com/r/TamilNadu,GCC Ward grievance RTI logs + Reddit civic thread NLP,"சென்னை வார்டு 134 மக்கள் கவனத்திற்கு 💧
Cauvery Delta Water Channel Maintenance கோரிக்கை நிறைவேற்ற TVK வார்டு வேட்பாளர் உறுதியளிக்கிறார்!",📸 சென்னை வார்டு 134! Cauvery Delta Water Channel Maintenance மற்றும் உள்ளாட்சி சேவை சீரமைப்பு. #GCCWard134 #TVK,GCC Ward 134 (Zone 10 Kodambakkam): Cauvery Delta Water Channel Maintenance is the primary civic complaint. TVK favorability 52.8%. #Chennai #TVK
GCC-135,Chennai Ward 135 (Kodambakkam),GCC Zone 10 Kodambakkam,13.035,80.2192,30710,50.5,23.7,21.2,4.2,26.8,TVK Citadel,AIIMS Madurai Construction Speedup,82,48,-34,85,GCC Portal & Reddit r/TamilNadu,https://reddit.com/r/TamilNadu,GCC Ward grievance RTI logs + Reddit civic thread NLP,"சென்னை வார்டு 135 மக்கள் கவனத்திற்கு 💧
AIIMS Madurai Construction Speedup கோரிக்கை நிறைவேற்ற TVK வார்டு வேட்பாளர் உறுதியளிக்கிறார்!",📸 சென்னை வார்டு 135! AIIMS Madurai Construction Speedup மற்றும் உள்ளாட்சி சேவை சீரமைப்பு. #GCCWard135 #TVK,GCC Ward 135 (Zone 10 Kodambakkam): AIIMS Madurai Construction Speedup is the primary civic complaint. TVK favorability 50.5%. #Chennai #TVK
GCC-136,Chennai Ward 136 (Kodambakkam),GCC Zone 10 Kodambakkam,13.0403,80.2331,34365,48.2,29.0,17.9,6.0,19.2,Competitive Ward,Unfilled Cashew & MSME Subsidies,78,30,-48,85,GCC Portal & Reddit r/TamilNadu,https://reddit.com/r/TamilNadu,GCC Ward grievance RTI logs + Reddit civic thread NLP,"சென்னை வார்டு 136 மக்கள் கவனத்திற்கு 💧
Unfilled Cashew & MSME Subsidies கோரிக்கை நிறைவேற்ற TVK வார்டு வேட்பாளர் உறுதியளிக்கிறார்!",📸 சென்னை வார்டு 136! Unfilled Cashew & MSME Subsidies மற்றும் உள்ளாட்சி சேவை சீரமைப்பு. #GCCWard136 #TVK,GCC Ward 136 (Zone 10 Kodambakkam): Unfilled Cashew & MSME Subsidies is the primary civic complaint. TVK favorability 48.2%. #Chennai #TVK
GCC-137,Chennai Ward 137 (Kodambakkam),GCC Zone 10 Kodambakkam,13.051,80.2157,32493,59.3,27.6,20.9,9.6,31.7,TVK Citadel,"Kuruvai Paddy Procurement MSP ₹3,200/q",85,52,-33,87,GCC Portal & Reddit r/TamilNadu,https://reddit.com/r/TamilNadu,GCC Ward grievance RTI logs + Reddit civic thread NLP,"சென்னை வார்டு 137 மக்கள் கவனத்திற்கு 💧
Kuruvai Paddy Procurement MSP ₹3,200/q கோரிக்கை நிறைவேற்ற TVK வார்டு வேட்பாளர் உறுதியளிக்கிறார்!","📸 சென்னை வார்டு 137! Kuruvai Paddy Procurement MSP ₹3,200/q மற்றும் உள்ளாட்சி சேவை சீரமைப்பு. #GCCWard137 #TVK","GCC Ward 137 (Zone 10 Kodambakkam): Kuruvai Paddy Procurement MSP ₹3,200/q is the primary civic complaint. TVK favorability 59.3%. #Chennai #TVK"
GCC-138,Chennai Ward 138 (Kodambakkam),GCC Zone 10 Kodambakkam,13.0663,80.2165,34715,48.8,23.5,19.7,7.9,25.3,TVK Citadel,Youth Employment & 18% Unemployment Rate,81,35,-46,84,GCC Portal & Reddit r/TamilNadu,https://reddit.com/r/TamilNadu,GCC Ward grievance RTI logs + Reddit civic thread NLP,"சென்னை வார்டு 138 மக்கள் கவனத்திற்கு 💧
Youth Employment & 18% Unemployment Rate கோரிக்கை நிறைவேற்ற TVK வார்டு வேட்பாளர் உறுதியளிக்கிறார்!",📸 சென்னை வார்டு 138! Youth Employment & 18% Unemployment Rate மற்றும் உள்ளாட்சி சேவை சீரமைப்பு. #GCCWard138 #TVK,GCC Ward 138 (Zone 10 Kodambakkam): Youth Employment & 18% Unemployment Rate is the primary civic complaint. TVK favorability 48.8%. #Chennai #TVK
GCC-139,Chennai Ward 139 (Kodambakkam),GCC Zone 10 Kodambakkam,13.054,80.2296,31414,46.5,29.3,14.7,7.2,17.2,Competitive Ward,Monsoon Stormwater Drain Desilting,74,32,-42,83,GCC Portal & Reddit r/TamilNadu,https://reddit.com/r/TamilNadu,GCC Ward grievance RTI logs + Reddit civic thread NLP,"சென்னை வார்டு 139 மக்கள் கவனத்திற்கு 💧
Monsoon Stormwater Drain Desilting கோரிக்கை நிறைவேற்ற TVK வார்டு வேட்பாளர் உறுதியளிக்கிறார்!",📸 சென்னை வார்டு 139! Monsoon Stormwater Drain Desilting மற்றும் உள்ளாட்சி சேவை சீரமைப்பு. #GCCWard139 #TVK,GCC Ward 139 (Zone 10 Kodambakkam): Monsoon Stormwater Drain Desilting is the primary civic complaint. TVK favorability 46.5%. #Chennai #TVK
GCC-140,Chennai Ward 140 (Kodambakkam),GCC Zone 10 Kodambakkam,13.0367,80.2243,39224,49.3,25.5,16.5,6.8,23.8,Competitive Ward,TANGEDCO MSME Power Tariff Increase,69,28,-41,86,GCC Portal & Reddit r/TamilNadu,https://reddit.com/r/TamilNadu,GCC Ward grievance RTI logs + Reddit civic thread NLP,"சென்னை வார்டு 140 மக்கள் கவனத்திற்கு 💧
TANGEDCO MSME Power Tariff Increase கோரிக்கை நிறைவேற்ற TVK வார்டு வேட்பாளர் உறுதியளிக்கிறார்!",📸 சென்னை வார்டு 140! TANGEDCO MSME Power Tariff Increase மற்றும் உள்ளாட்சி சேவை சீரமைப்பு. #GCCWard140 #TVK,GCC Ward 140 (Zone 10 Kodambakkam): TANGEDCO MSME Power Tariff Increase is the primary civic complaint. TVK favorability 49.3%. #Chennai #TVK
GCC-141,Chennai Ward 141 (Kodambakkam),GCC Zone 10 Kodambakkam,13.064,80.2013,34036,49.7,30.0,20.6,6.2,19.7,Competitive Ward,Annamalai Univ Pension Fund Allocation,74,25,-49,86,GCC Portal & Reddit r/TamilNadu,https://reddit.com/r/TamilNadu,GCC Ward grievance RTI logs + Reddit civic thread NLP,"சென்னை வார்டு 141 மக்கள் கவனத்திற்கு 💧
Annamalai Univ Pension Fund Allocation கோரிக்கை நிறைவேற்ற TVK வார்டு வேட்பாளர் உறுதியளிக்கிறார்!",📸 சென்னை வார்டு 141! Annamalai Univ Pension Fund Allocation மற்றும் உள்ளாட்சி சேவை சீரமைப்பு. #GCCWard141 #TVK,GCC Ward 141 (Zone 10 Kodambakkam): Annamalai Univ Pension Fund Allocation is the primary civic complaint. TVK favorability 49.7%. #Chennai #TVK
GCC-142,Chennai Ward 142 (Kodambakkam),GCC Zone 10 Kodambakkam,13.0421,80.2123,35489,45.7,27.9,21.0,8.3,17.8,Competitive Ward,Cauvery Delta Water Channel Maintenance,80,48,-32,81,GCC Portal & Reddit r/TamilNadu,https://reddit.com/r/TamilNadu,GCC Ward grievance RTI logs + Reddit civic thread NLP,"சென்னை வார்டு 142 மக்கள் கவனத்திற்கு 💧
Cauvery Delta Water Channel Maintenance கோரிக்கை நிறைவேற்ற TVK வார்டு வேட்பாளர் உறுதியளிக்கிறார்!",📸 சென்னை வார்டு 142! Cauvery Delta Water Channel Maintenance மற்றும் உள்ளாட்சி சேவை சீரமைப்பு. #GCCWard142 #TVK,GCC Ward 142 (Zone 10 Kodambakkam): Cauvery Delta Water Channel Maintenance is the primary civic complaint. TVK favorability 45.7%. #Chennai #TVK
GCC-143,Chennai Ward 143 (Valasaravakkam),GCC Zone 11 Valasaravakkam,13.0303,80.1683,19797,46.0,27.4,21.8,5.4,18.6,Competitive Ward,AIIMS Madurai Construction Speedup,82,48,-34,82,GCC Portal & Reddit r/TamilNadu,https://reddit.com/r/TamilNadu,GCC Ward grievance RTI logs + Reddit civic thread NLP,"சென்னை வார்டு 143 மக்கள் கவனத்திற்கு 💧
AIIMS Madurai Construction Speedup கோரிக்கை நிறைவேற்ற TVK வார்டு வேட்பாளர் உறுதியளிக்கிறார்!",📸 சென்னை வார்டு 143! AIIMS Madurai Construction Speedup மற்றும் உள்ளாட்சி சேவை சீரமைப்பு. #GCCWard143 #TVK,GCC Ward 143 (Zone 11 Valasaravakkam): AIIMS Madurai Construction Speedup is the primary civic complaint. TVK favorability 46.0%. #Chennai #TVK
GCC-144,Chennai Ward 144 (Valasaravakkam),GCC Zone 11 Valasaravakkam,13.0375,80.1705,35161,48.9,25.0,16.2,6.4,23.9,Competitive Ward,Unfilled Cashew & MSME Subsidies,78,30,-48,86,GCC Portal & Reddit r/TamilNadu,https://reddit.com/r/TamilNadu,GCC Ward grievance RTI logs + Reddit civic thread NLP,"சென்னை வார்டு 144 மக்கள் கவனத்திற்கு 💧
Unfilled Cashew & MSME Subsidies கோரிக்கை நிறைவேற்ற TVK வார்டு வேட்பாளர் உறுதியளிக்கிறார்!",📸 சென்னை வார்டு 144! Unfilled Cashew & MSME Subsidies மற்றும் உள்ளாட்சி சேவை சீரமைப்பு. #GCCWard144 #TVK,GCC Ward 144 (Zone 11 Valasaravakkam): Unfilled Cashew & MSME Subsidies is the primary civic complaint. TVK favorability 48.9%. #Chennai #TVK
GCC-145,Chennai Ward 145 (Valasaravakkam),GCC Zone 11 Valasaravakkam,13.0324,80.1641,31082,57.0,25.0,17.2,9.6,32.0,TVK Citadel,"Kuruvai Paddy Procurement MSP ₹3,200/q",85,52,-33,88,GCC Portal & Reddit r/TamilNadu,https://reddit.com/r/TamilNadu,GCC Ward grievance RTI logs + Reddit civic thread NLP,"சென்னை வார்டு 145 மக்கள் கவனத்திற்கு 💧
Kuruvai Paddy Procurement MSP ₹3,200/q கோரிக்கை நிறைவேற்ற TVK வார்டு வேட்பாளர் உறுதியளிக்கிறார்!","📸 சென்னை வார்டு 145! Kuruvai Paddy Procurement MSP ₹3,200/q மற்றும் உள்ளாட்சி சேவை சீரமைப்பு. #GCCWard145 #TVK","GCC Ward 145 (Zone 11 Valasaravakkam): Kuruvai Paddy Procurement MSP ₹3,200/q is the primary civic complaint. TVK favorability 57.0%. #Chennai #TVK"
GCC-146,Chennai Ward 146 (Valasaravakkam),GCC Zone 11 Valasaravakkam,13.0255,80.1856,33892,53.6,28.8,19.0,4.2,24.8,Competitive Ward,Youth Employment & 18% Unemployment Rate,81,35,-46,86,GCC Portal & Reddit r/TamilNadu,https://reddit.com/r/TamilNadu,GCC Ward grievance RTI logs + Reddit civic thread NLP,"சென்னை வார்டு 146 மக்கள் கவனத்திற்கு 💧
Youth Employment & 18% Unemployment Rate கோரிக்கை நிறைவேற்ற TVK வார்டு வேட்பாளர் உறுதியளிக்கிறார்!",📸 சென்னை வார்டு 146! Youth Employment & 18% Unemployment Rate மற்றும் உள்ளாட்சி சேவை சீரமைப்பு. #GCCWard146 #TVK,GCC Ward 146 (Zone 11 Valasaravakkam): Youth Employment & 18% Unemployment Rate is the primary civic complaint. TVK favorability 53.6%. #Chennai #TVK
GCC-147,Chennai Ward 147 (Valasaravakkam),GCC Zone 11 Valasaravakkam,13.0223,80.1601,37792,63.4,27.8,20.5,4.8,35.6,TVK Citadel,Monsoon Stormwater Drain Desilting,74,32,-42,83,GCC Portal & Reddit r/TamilNadu,https://reddit.com/r/TamilNadu,GCC Ward grievance RTI logs + Reddit civic thread NLP,"சென்னை வார்டு 147 மக்கள் கவனத்திற்கு 💧
Monsoon Stormwater Drain Desilting கோரிக்கை நிறைவேற்ற TVK வார்டு வேட்பாளர் உறுதியளிக்கிறார்!",📸 சென்னை வார்டு 147! Monsoon Stormwater Drain Desilting மற்றும் உள்ளாட்சி சேவை சீரமைப்பு. #GCCWard147 #TVK,GCC Ward 147 (Zone 11 Valasaravakkam): Monsoon Stormwater Drain Desilting is the primary civic complaint. TVK favorability 63.4%. #Chennai #TVK
GCC-148,Chennai Ward 148 (Valasaravakkam),GCC Zone 11 Valasaravakkam,13.0588,80.1719,34583,48.2,25.6,18.7,5.9,22.6,Competitive Ward,TANGEDCO MSME Power Tariff Increase,69,28,-41,81,GCC Portal & Reddit r/TamilNadu,https://reddit.com/r/TamilNadu,GCC Ward grievance RTI logs + Reddit civic thread NLP,"சென்னை வார்டு 148 மக்கள் கவனத்திற்கு 💧
TANGEDCO MSME Power Tariff Increase கோரிக்கை நிறைவேற்ற TVK வார்டு வேட்பாளர் உறுதியளிக்கிறார்!",📸 சென்னை வார்டு 148! TANGEDCO MSME Power Tariff Increase மற்றும் உள்ளாட்சி சேவை சீரமைப்பு. #GCCWard148 #TVK,GCC Ward 148 (Zone 11 Valasaravakkam): TANGEDCO MSME Power Tariff Increase is the primary civic complaint. TVK favorability 48.2%. #Chennai #TVK
GCC-149,Chennai Ward 149 (Valasaravakkam),GCC Zone 11 Valasaravakkam,13.0522,80.1811,36235,64.0,24.7,15.3,6.6,39.3,TVK Citadel,Annamalai Univ Pension Fund Allocation,74,25,-49,81,GCC Portal & Reddit r/TamilNadu,https://reddit.com/r/TamilNadu,GCC Ward grievance RTI logs + Reddit civic thread NLP,"சென்னை வார்டு 149 மக்கள் கவனத்திற்கு 💧
Annamalai Univ Pension Fund Allocation கோரிக்கை நிறைவேற்ற TVK வார்டு வேட்பாளர் உறுதியளிக்கிறார்!",📸 சென்னை வார்டு 149! Annamalai Univ Pension Fund Allocation மற்றும் உள்ளாட்சி சேவை சீரமைப்பு. #GCCWard149 #TVK,GCC Ward 149 (Zone 11 Valasaravakkam): Annamalai Univ Pension Fund Allocation is the primary civic complaint. TVK favorability 64.0%. #Chennai #TVK
GCC-150,Chennai Ward 150 (Valasaravakkam),GCC Zone 11 Valasaravakkam,13.053,80.1774,35321,60.1,30.3,14.0,8.2,29.8,TVK Citadel,Cauvery Delta Water Channel Maintenance,80,48,-32,86,GCC Portal & Reddit r/TamilNadu,https://reddit.com/r/TamilNadu,GCC Ward grievance RTI logs + Reddit civic thread NLP,"சென்னை வார்டு 150 மக்கள் கவனத்திற்கு 💧
Cauvery Delta Water Channel Maintenance கோரிக்கை நிறைவேற்ற TVK வார்டு வேட்பாளர் உறுதியளிக்கிறார்!",📸 சென்னை வார்டு 150! Cauvery Delta Water Channel Maintenance மற்றும் உள்ளாட்சி சேவை சீரமைப்பு. #GCCWard150 #TVK,GCC Ward 150 (Zone 11 Valasaravakkam): Cauvery Delta Water Channel Maintenance is the primary civic complaint. TVK favorability 60.1%. #Chennai #TVK
GCC-151,Chennai Ward 151 (Valasaravakkam),GCC Zone 11 Valasaravakkam,13.0465,80.1802,30371,45.6,28.9,21.4,5.1,16.7,Competitive Ward,AIIMS Madurai Construction Speedup,82,48,-34,91,GCC Portal & Reddit r/TamilNadu,https://reddit.com/r/TamilNadu,GCC Ward grievance RTI logs + Reddit civic thread NLP,"சென்னை வார்டு 151 மக்கள் கவனத்திற்கு 💧
AIIMS Madurai Construction Speedup கோரிக்கை நிறைவேற்ற TVK வார்டு வேட்பாளர் உறுதியளிக்கிறார்!",📸 சென்னை வார்டு 151! AIIMS Madurai Construction Speedup மற்றும் உள்ளாட்சி சேவை சீரமைப்பு. #GCCWard151 #TVK,GCC Ward 151 (Zone 11 Valasaravakkam): AIIMS Madurai Construction Speedup is the primary civic complaint. TVK favorability 45.6%. #Chennai #TVK
GCC-152,Chennai Ward 152 (Valasaravakkam),GCC Zone 11 Valasaravakkam,13.035,80.1529,35636,55.7,30.0,18.6,8.6,25.7,TVK Citadel,Unfilled Cashew & MSME Subsidies,78,30,-48,83,GCC Portal & Reddit r/TamilNadu,https://reddit.com/r/TamilNadu,GCC Ward grievance RTI logs + Reddit civic thread NLP,"சென்னை வார்டு 152 மக்கள் கவனத்திற்கு 💧
Unfilled Cashew & MSME Subsidies கோரிக்கை நிறைவேற்ற TVK வார்டு வேட்பாளர் உறுதியளிக்கிறார்!",📸 சென்னை வார்டு 152! Unfilled Cashew & MSME Subsidies மற்றும் உள்ளாட்சி சேவை சீரமைப்பு. #GCCWard152 #TVK,GCC Ward 152 (Zone 11 Valasaravakkam): Unfilled Cashew & MSME Subsidies is the primary civic complaint. TVK favorability 55.7%. #Chennai #TVK
GCC-153,Chennai Ward 153 (Valasaravakkam),GCC Zone 11 Valasaravakkam,13.0423,80.1745,31759,45.9,30.3,20.5,9.8,15.6,Competitive Ward,"Kuruvai Paddy Procurement MSP ₹3,200/q",85,52,-33,80,GCC Portal & Reddit r/TamilNadu,https://reddit.com/r/TamilNadu,GCC Ward grievance RTI logs + Reddit civic thread NLP,"சென்னை வார்டு 153 மக்கள் கவனத்திற்கு 💧
Kuruvai Paddy Procurement MSP ₹3,200/q கோரிக்கை நிறைவேற்ற TVK வார்டு வேட்பாளர் உறுதியளிக்கிறார்!","📸 சென்னை வார்டு 153! Kuruvai Paddy Procurement MSP ₹3,200/q மற்றும் உள்ளாட்சி சேவை சீரமைப்பு. #GCCWard153 #TVK","GCC Ward 153 (Zone 11 Valasaravakkam): Kuruvai Paddy Procurement MSP ₹3,200/q is the primary civic complaint. TVK favorability 45.9%. #Chennai #TVK"
GCC-154,Chennai Ward 154 (Valasaravakkam),GCC Zone 11 Valasaravakkam,13.0395,80.1746,40447,58.3,29.5,20.7,4.1,28.8,TVK Citadel,Youth Employment & 18% Unemployment Rate,81,35,-46,86,GCC Portal & Reddit r/TamilNadu,https://reddit.com/r/TamilNadu,GCC Ward grievance RTI logs + Reddit civic thread NLP,"சென்னை வார்டு 154 மக்கள் கவனத்திற்கு 💧
Youth Employment & 18% Unemployment Rate கோரிக்கை நிறைவேற்ற TVK வார்டு வேட்பாளர் உறுதியளிக்கிறார்!",📸 சென்னை வார்டு 154! Youth Employment & 18% Unemployment Rate மற்றும் உள்ளாட்சி சேவை சீரமைப்பு. #GCCWard154 #TVK,GCC Ward 154 (Zone 11 Valasaravakkam): Youth Employment & 18% Unemployment Rate is the primary civic complaint. TVK favorability 58.3%. #Chennai #TVK
GCC-155,Chennai Ward 155 (Valasaravakkam),GCC Zone 11 Valasaravakkam,13.0305,80.1826,35016,59.6,28.3,17.1,5.3,31.3,TVK Citadel,Monsoon Stormwater Drain Desilting,74,32,-42,84,GCC Portal & Reddit r/TamilNadu,https://reddit.com/r/TamilNadu,GCC Ward grievance RTI logs + Reddit civic thread NLP,"சென்னை வார்டு 155 மக்கள் கவனத்திற்கு 💧
Monsoon Stormwater Drain Desilting கோரிக்கை நிறைவேற்ற TVK வார்டு வேட்பாளர் உறுதியளிக்கிறார்!",📸 சென்னை வார்டு 155! Monsoon Stormwater Drain Desilting மற்றும் உள்ளாட்சி சேவை சீரமைப்பு. #GCCWard155 #TVK,GCC Ward 155 (Zone 11 Valasaravakkam): Monsoon Stormwater Drain Desilting is the primary civic complaint. TVK favorability 59.6%. #Chennai #TVK
GCC-156,Chennai Ward 156 (Alandur),GCC Zone 12 Alandur,12.9647,80.2179,35881,49.9,25.1,14.7,8.5,24.8,Competitive Ward,TANGEDCO MSME Power Tariff Increase,69,28,-41,87,GCC Portal & Reddit r/TamilNadu,https://reddit.com/r/TamilNadu,GCC Ward grievance RTI logs + Reddit civic thread NLP,"சென்னை வார்டு 156 மக்கள் கவனத்திற்கு 💧
TANGEDCO MSME Power Tariff Increase கோரிக்கை நிறைவேற்ற TVK வார்டு வேட்பாளர் உறுதியளிக்கிறார்!",📸 சென்னை வார்டு 156! TANGEDCO MSME Power Tariff Increase மற்றும் உள்ளாட்சி சேவை சீரமைப்பு. #GCCWard156 #TVK,GCC Ward 156 (Zone 12 Alandur): TANGEDCO MSME Power Tariff Increase is the primary civic complaint. TVK favorability 49.9%. #Chennai #TVK
GCC-157,Chennai Ward 157 (Alandur),GCC Zone 12 Alandur,12.9878,80.2043,36523,51.0,32.0,19.6,6.8,19.0,Competitive Ward,Annamalai Univ Pension Fund Allocation,74,25,-49,86,GCC Portal & Reddit r/TamilNadu,https://reddit.com/r/TamilNadu,GCC Ward grievance RTI logs + Reddit civic thread NLP,"சென்னை வார்டு 157 மக்கள் கவனத்திற்கு 💧
Annamalai Univ Pension Fund Allocation கோரிக்கை நிறைவேற்ற TVK வார்டு வேட்பாளர் உறுதியளிக்கிறார்!",📸 சென்னை வார்டு 157! Annamalai Univ Pension Fund Allocation மற்றும் உள்ளாட்சி சேவை சீரமைப்பு. #GCCWard157 #TVK,GCC Ward 157 (Zone 12 Alandur): Annamalai Univ Pension Fund Allocation is the primary civic complaint. TVK favorability 51.0%. #Chennai #TVK
GCC-158,Chennai Ward 158 (Alandur),GCC Zone 12 Alandur,12.991,80.2011,28758,60.7,31.9,20.5,6.4,28.8,TVK Citadel,Cauvery Delta Water Channel Maintenance,80,48,-32,81,GCC Portal & Reddit r/TamilNadu,https://reddit.com/r/TamilNadu,GCC Ward grievance RTI logs + Reddit civic thread NLP,"சென்னை வார்டு 158 மக்கள் கவனத்திற்கு 💧
Cauvery Delta Water Channel Maintenance கோரிக்கை நிறைவேற்ற TVK வார்டு வேட்பாளர் உறுதியளிக்கிறார்!",📸 சென்னை வார்டு 158! Cauvery Delta Water Channel Maintenance மற்றும் உள்ளாட்சி சேவை சீரமைப்பு. #GCCWard158 #TVK,GCC Ward 158 (Zone 12 Alandur): Cauvery Delta Water Channel Maintenance is the primary civic complaint. TVK favorability 60.7%. #Chennai #TVK
GCC-159,Chennai Ward 159 (Alandur),GCC Zone 12 Alandur,12.9796,80.2014,46727,51.1,31.7,13.3,7.0,19.4,Competitive Ward,AIIMS Madurai Construction Speedup,82,48,-34,87,GCC Portal & Reddit r/TamilNadu,https://reddit.com/r/TamilNadu,GCC Ward grievance RTI logs + Reddit civic thread NLP,"சென்னை வார்டு 159 மக்கள் கவனத்திற்கு 💧
AIIMS Madurai Construction Speedup கோரிக்கை நிறைவேற்ற TVK வார்டு வேட்பாளர் உறுதியளிக்கிறார்!",📸 சென்னை வார்டு 159! AIIMS Madurai Construction Speedup மற்றும் உள்ளாட்சி சேவை சீரமைப்பு. #GCCWard159 #TVK,GCC Ward 159 (Zone 12 Alandur): AIIMS Madurai Construction Speedup is the primary civic complaint. TVK favorability 51.1%. #Chennai #TVK
GCC-160,Chennai Ward 160 (Alandur),GCC Zone 12 Alandur,12.9951,80.2136,35423,63.5,24.4,15.3,8.9,39.1,TVK Citadel,Unfilled Cashew & MSME Subsidies,78,30,-48,87,GCC Portal & Reddit r/TamilNadu,https://reddit.com/r/TamilNadu,GCC Ward grievance RTI logs + Reddit civic thread NLP,"சென்னை வார்டு 160 மக்கள் கவனத்திற்கு 💧
Unfilled Cashew & MSME Subsidies கோரிக்கை நிறைவேற்ற TVK வார்டு வேட்பாளர் உறுதியளிக்கிறார்!",📸 சென்னை வார்டு 160! Unfilled Cashew & MSME Subsidies மற்றும் உள்ளாட்சி சேவை சீரமைப்பு. #GCCWard160 #TVK,GCC Ward 160 (Zone 12 Alandur): Unfilled Cashew & MSME Subsidies is the primary civic complaint. TVK favorability 63.5%. #Chennai #TVK
GCC-161,Chennai Ward 161 (Alandur),GCC Zone 12 Alandur,12.9722,80.1904,32732,61.5,22.9,16.9,6.6,38.6,TVK Citadel,"Kuruvai Paddy Procurement MSP ₹3,200/q",85,52,-33,80,GCC Portal & Reddit r/TamilNadu,https://reddit.com/r/TamilNadu,GCC Ward grievance RTI logs + Reddit civic thread NLP,"சென்னை வார்டு 161 மக்கள் கவனத்திற்கு 💧
Kuruvai Paddy Procurement MSP ₹3,200/q கோரிக்கை நிறைவேற்ற TVK வார்டு வேட்பாளர் உறுதியளிக்கிறார்!","📸 சென்னை வார்டு 161! Kuruvai Paddy Procurement MSP ₹3,200/q மற்றும் உள்ளாட்சி சேவை சீரமைப்பு. #GCCWard161 #TVK","GCC Ward 161 (Zone 12 Alandur): Kuruvai Paddy Procurement MSP ₹3,200/q is the primary civic complaint. TVK favorability 61.5%. #Chennai #TVK"
GCC-162,Chennai Ward 162 (Alandur),GCC Zone 12 Alandur,12.9829,80.2093,37036,54.9,30.9,14.8,8.9,24.0,Competitive Ward,Youth Employment & 18% Unemployment Rate,81,35,-46,85,GCC Portal & Reddit r/TamilNadu,https://reddit.com/r/TamilNadu,GCC Ward grievance RTI logs + Reddit civic thread NLP,"சென்னை வார்டு 162 மக்கள் கவனத்திற்கு 💧
Youth Employment & 18% Unemployment Rate கோரிக்கை நிறைவேற்ற TVK வார்டு வேட்பாளர் உறுதியளிக்கிறார்!",📸 சென்னை வார்டு 162! Youth Employment & 18% Unemployment Rate மற்றும் உள்ளாட்சி சேவை சீரமைப்பு. #GCCWard162 #TVK,GCC Ward 162 (Zone 12 Alandur): Youth Employment & 18% Unemployment Rate is the primary civic complaint. TVK favorability 54.9%. #Chennai #TVK
GCC-163,Chennai Ward 163 (Alandur),GCC Zone 12 Alandur,12.9833,80.1905,40213,52.9,26.5,18.7,7.7,26.4,TVK Citadel,Monsoon Stormwater Drain Desilting,74,32,-42,85,GCC Portal & Reddit r/TamilNadu,https://reddit.com/r/TamilNadu,GCC Ward grievance RTI logs + Reddit civic thread NLP,"சென்னை வார்டு 163 மக்கள் கவனத்திற்கு 💧
Monsoon Stormwater Drain Desilting கோரிக்கை நிறைவேற்ற TVK வார்டு வேட்பாளர் உறுதியளிக்கிறார்!",📸 சென்னை வார்டு 163! Monsoon Stormwater Drain Desilting மற்றும் உள்ளாட்சி சேவை சீரமைப்பு. #GCCWard163 #TVK,GCC Ward 163 (Zone 12 Alandur): Monsoon Stormwater Drain Desilting is the primary civic complaint. TVK favorability 52.9%. #Chennai #TVK
GCC-164,Chennai Ward 164 (Alandur),GCC Zone 12 Alandur,12.9671,80.1861,35265,59.4,23.9,20.0,6.4,35.5,TVK Citadel,TANGEDCO MSME Power Tariff Increase,69,28,-41,84,GCC Portal & Reddit r/TamilNadu,https://reddit.com/r/TamilNadu,GCC Ward grievance RTI logs + Reddit civic thread NLP,"சென்னை வார்டு 164 மக்கள் கவனத்திற்கு 💧
TANGEDCO MSME Power Tariff Increase கோரிக்கை நிறைவேற்ற TVK வார்டு வேட்பாளர் உறுதியளிக்கிறார்!",📸 சென்னை வார்டு 164! TANGEDCO MSME Power Tariff Increase மற்றும் உள்ளாட்சி சேவை சீரமைப்பு. #GCCWard164 #TVK,GCC Ward 164 (Zone 12 Alandur): TANGEDCO MSME Power Tariff Increase is the primary civic complaint. TVK favorability 59.4%. #Chennai #TVK
GCC-165,Chennai Ward 165 (Alandur),GCC Zone 12 Alandur,12.9601,80.193,34801,47.3,29.6,18.7,9.0,17.7,Competitive Ward,Annamalai Univ Pension Fund Allocation,74,25,-49,86,GCC Portal & Reddit r/TamilNadu,https://reddit.com/r/TamilNadu,GCC Ward grievance RTI logs + Reddit civic thread NLP,"சென்னை வார்டு 165 மக்கள் கவனத்திற்கு 💧
Annamalai Univ Pension Fund Allocation கோரிக்கை நிறைவேற்ற TVK வார்டு வேட்பாளர் உறுதியளிக்கிறார்!",📸 சென்னை வார்டு 165! Annamalai Univ Pension Fund Allocation மற்றும் உள்ளாட்சி சேவை சீரமைப்பு. #GCCWard165 #TVK,GCC Ward 165 (Zone 12 Alandur): Annamalai Univ Pension Fund Allocation is the primary civic complaint. TVK favorability 47.3%. #Chennai #TVK
GCC-166,Chennai Ward 166 (Alandur),GCC Zone 12 Alandur,12.9995,80.1858,30126,59.8,29.5,16.7,4.2,30.3,TVK Citadel,Cauvery Delta Water Channel Maintenance,80,48,-32,79,GCC Portal & Reddit r/TamilNadu,https://reddit.com/r/TamilNadu,GCC Ward grievance RTI logs + Reddit civic thread NLP,"சென்னை வார்டு 166 மக்கள் கவனத்திற்கு 💧
Cauvery Delta Water Channel Maintenance கோரிக்கை நிறைவேற்ற TVK வார்டு வேட்பாளர் உறுதியளிக்கிறார்!",📸 சென்னை வார்டு 166! Cauvery Delta Water Channel Maintenance மற்றும் உள்ளாட்சி சேவை சீரமைப்பு. #GCCWard166 #TVK,GCC Ward 166 (Zone 12 Alandur): Cauvery Delta Water Channel Maintenance is the primary civic complaint. TVK favorability 59.8%. #Chennai #TVK
GCC-167,Chennai Ward 167 (Alandur),GCC Zone 12 Alandur,12.974,80.218,31968,57.9,27.5,18.7,8.7,30.4,TVK Citadel,AIIMS Madurai Construction Speedup,82,48,-34,83,GCC Portal & Reddit r/TamilNadu,https://reddit.com/r/TamilNadu,GCC Ward grievance RTI logs + Reddit civic thread NLP,"சென்னை வார்டு 167 மக்கள் கவனத்திற்கு 💧
AIIMS Madurai Construction Speedup கோரிக்கை நிறைவேற்ற TVK வார்டு வேட்பாளர் உறுதியளிக்கிறார்!",📸 சென்னை வார்டு 167! AIIMS Madurai Construction Speedup மற்றும் உள்ளாட்சி சேவை சீரமைப்பு. #GCCWard167 #TVK,GCC Ward 167 (Zone 12 Alandur): AIIMS Madurai Construction Speedup is the primary civic complaint. TVK favorability 57.9%. #Chennai #TVK
GCC-168,Chennai Ward 168 (Adyar),GCC Zone 13 Adyar,12.9992,80.2483,39386,46.3,30.3,18.4,5.1,16.0,Competitive Ward,Unfilled Cashew & MSME Subsidies,78,30,-48,83,GCC Portal & Reddit r/TamilNadu,https://reddit.com/r/TamilNadu,GCC Ward grievance RTI logs + Reddit civic thread NLP,"சென்னை வார்டு 168 மக்கள் கவனத்திற்கு 💧
Unfilled Cashew & MSME Subsidies கோரிக்கை நிறைவேற்ற TVK வார்டு வேட்பாளர் உறுதியளிக்கிறார்!",📸 சென்னை வார்டு 168! Unfilled Cashew & MSME Subsidies மற்றும் உள்ளாட்சி சேவை சீரமைப்பு. #GCCWard168 #TVK,GCC Ward 168 (Zone 13 Adyar): Unfilled Cashew & MSME Subsidies is the primary civic complaint. TVK favorability 46.3%. #Chennai #TVK
GCC-169,Chennai Ward 169 (Adyar),GCC Zone 13 Adyar,12.9722,80.2489,24807,63.0,29.7,13.8,4.4,33.3,TVK Citadel,"Kuruvai Paddy Procurement MSP ₹3,200/q",85,52,-33,87,GCC Portal & Reddit r/TamilNadu,https://reddit.com/r/TamilNadu,GCC Ward grievance RTI logs + Reddit civic thread NLP,"சென்னை வார்டு 169 மக்கள் கவனத்திற்கு 💧
Kuruvai Paddy Procurement MSP ₹3,200/q கோரிக்கை நிறைவேற்ற TVK வார்டு வேட்பாளர் உறுதியளிக்கிறார்!","📸 சென்னை வார்டு 169! Kuruvai Paddy Procurement MSP ₹3,200/q மற்றும் உள்ளாட்சி சேவை சீரமைப்பு. #GCCWard169 #TVK","GCC Ward 169 (Zone 13 Adyar): Kuruvai Paddy Procurement MSP ₹3,200/q is the primary civic complaint. TVK favorability 63.0%. #Chennai #TVK"
GCC-170,Chennai Ward 170 (Adyar),GCC Zone 13 Adyar,12.9986,80.2468,33276,53.4,28.7,16.6,7.2,24.7,Competitive Ward,Youth Employment & 18% Unemployment Rate,81,35,-46,80,GCC Portal & Reddit r/TamilNadu,https://reddit.com/r/TamilNadu,GCC Ward grievance RTI logs + Reddit civic thread NLP,"சென்னை வார்டு 170 மக்கள் கவனத்திற்கு 💧
Youth Employment & 18% Unemployment Rate கோரிக்கை நிறைவேற்ற TVK வார்டு வேட்பாளர் உறுதியளிக்கிறார்!",📸 சென்னை வார்டு 170! Youth Employment & 18% Unemployment Rate மற்றும் உள்ளாட்சி சேவை சீரமைப்பு. #GCCWard170 #TVK,GCC Ward 170 (Zone 13 Adyar): Youth Employment & 18% Unemployment Rate is the primary civic complaint. TVK favorability 53.4%. #Chennai #TVK
GCC-171,Chennai Ward 171 (Adyar),GCC Zone 13 Adyar,12.9848,80.2488,32111,59.7,29.6,20.4,7.3,30.1,TVK Citadel,Monsoon Stormwater Drain Desilting,74,32,-42,84,GCC Portal & Reddit r/TamilNadu,https://reddit.com/r/TamilNadu,GCC Ward grievance RTI logs + Reddit civic thread NLP,"சென்னை வார்டு 171 மக்கள் கவனத்திற்கு 💧
Monsoon Stormwater Drain Desilting கோரிக்கை நிறைவேற்ற TVK வார்டு வேட்பாளர் உறுதியளிக்கிறார்!",📸 சென்னை வார்டு 171! Monsoon Stormwater Drain Desilting மற்றும் உள்ளாட்சி சேவை சீரமைப்பு. #GCCWard171 #TVK,GCC Ward 171 (Zone 13 Adyar): Monsoon Stormwater Drain Desilting is the primary civic complaint. TVK favorability 59.7%. #Chennai #TVK
GCC-172,Chennai Ward 172 (Adyar),GCC Zone 13 Adyar,12.9868,80.2638,30506,51.2,22.5,17.1,8.2,28.7,TVK Citadel,TANGEDCO MSME Power Tariff Increase,69,28,-41,88,GCC Portal & Reddit r/TamilNadu,https://reddit.com/r/TamilNadu,GCC Ward grievance RTI logs + Reddit civic thread NLP,"சென்னை வார்டு 172 மக்கள் கவனத்திற்கு 💧
TANGEDCO MSME Power Tariff Increase கோரிக்கை நிறைவேற்ற TVK வார்டு வேட்பாளர் உறுதியளிக்கிறார்!",📸 சென்னை வார்டு 172! TANGEDCO MSME Power Tariff Increase மற்றும் உள்ளாட்சி சேவை சீரமைப்பு. #GCCWard172 #TVK,GCC Ward 172 (Zone 13 Adyar): TANGEDCO MSME Power Tariff Increase is the primary civic complaint. TVK favorability 51.2%. #Chennai #TVK
GCC-173,Chennai Ward 173 (Adyar),GCC Zone 13 Adyar,12.9752,80.246,42432,45.8,27.0,17.9,4.7,18.8,Competitive Ward,Annamalai Univ Pension Fund Allocation,74,25,-49,82,GCC Portal & Reddit r/TamilNadu,https://reddit.com/r/TamilNadu,GCC Ward grievance RTI logs + Reddit civic thread NLP,"சென்னை வார்டு 173 மக்கள் கவனத்திற்கு 💧
Annamalai Univ Pension Fund Allocation கோரிக்கை நிறைவேற்ற TVK வார்டு வேட்பாளர் உறுதியளிக்கிறார்!",📸 சென்னை வார்டு 173! Annamalai Univ Pension Fund Allocation மற்றும் உள்ளாட்சி சேவை சீரமைப்பு. #GCCWard173 #TVK,GCC Ward 173 (Zone 13 Adyar): Annamalai Univ Pension Fund Allocation is the primary civic complaint. TVK favorability 45.8%. #Chennai #TVK
GCC-174,Chennai Ward 174 (Adyar),GCC Zone 13 Adyar,12.9859,80.2423,30243,58.7,31.6,21.1,8.9,27.1,TVK Citadel,Cauvery Delta Water Channel Maintenance,80,48,-32,90,GCC Portal & Reddit r/TamilNadu,https://reddit.com/r/TamilNadu,GCC Ward grievance RTI logs + Reddit civic thread NLP,"சென்னை வார்டு 174 மக்கள் கவனத்திற்கு 💧
Cauvery Delta Water Channel Maintenance கோரிக்கை நிறைவேற்ற TVK வார்டு வேட்பாளர் உறுதியளிக்கிறார்!",📸 சென்னை வார்டு 174! Cauvery Delta Water Channel Maintenance மற்றும் உள்ளாட்சி சேவை சீரமைப்பு. #GCCWard174 #TVK,GCC Ward 174 (Zone 13 Adyar): Cauvery Delta Water Channel Maintenance is the primary civic complaint. TVK favorability 58.7%. #Chennai #TVK
GCC-175,Chennai Ward 175 (Adyar),GCC Zone 13 Adyar,13.0015,80.232,38433,56.6,23.1,17.0,4.0,33.5,TVK Citadel,AIIMS Madurai Construction Speedup,82,48,-34,85,GCC Portal & Reddit r/TamilNadu,https://reddit.com/r/TamilNadu,GCC Ward grievance RTI logs + Reddit civic thread NLP,"சென்னை வார்டு 175 மக்கள் கவனத்திற்கு 💧
AIIMS Madurai Construction Speedup கோரிக்கை நிறைவேற்ற TVK வார்டு வேட்பாளர் உறுதியளிக்கிறார்!",📸 சென்னை வார்டு 175! AIIMS Madurai Construction Speedup மற்றும் உள்ளாட்சி சேவை சீரமைப்பு. #GCCWard175 #TVK,GCC Ward 175 (Zone 13 Adyar): AIIMS Madurai Construction Speedup is the primary civic complaint. TVK favorability 56.6%. #Chennai #TVK
GCC-176,Chennai Ward 176 (Adyar),GCC Zone 13 Adyar,12.9757,80.2459,41870,62.0,30.5,17.6,8.6,31.5,TVK Citadel,Unfilled Cashew & MSME Subsidies,78,30,-48,85,GCC Portal & Reddit r/TamilNadu,https://reddit.com/r/TamilNadu,GCC Ward grievance RTI logs + Reddit civic thread NLP,"சென்னை வார்டு 176 மக்கள் கவனத்திற்கு 💧
Unfilled Cashew & MSME Subsidies கோரிக்கை நிறைவேற்ற TVK வார்டு வேட்பாளர் உறுதியளிக்கிறார்!",📸 சென்னை வார்டு 176! Unfilled Cashew & MSME Subsidies மற்றும் உள்ளாட்சி சேவை சீரமைப்பு. #GCCWard176 #TVK,GCC Ward 176 (Zone 13 Adyar): Unfilled Cashew & MSME Subsidies is the primary civic complaint. TVK favorability 62.0%. #Chennai #TVK
GCC-177,Chennai Ward 177 (Adyar),GCC Zone 13 Adyar,12.9908,80.25,35014,50.1,28.7,15.1,5.7,21.4,Competitive Ward,"Kuruvai Paddy Procurement MSP ₹3,200/q",85,52,-33,85,GCC Portal & Reddit r/TamilNadu,https://reddit.com/r/TamilNadu,GCC Ward grievance RTI logs + Reddit civic thread NLP,"சென்னை வார்டு 177 மக்கள் கவனத்திற்கு 💧
Kuruvai Paddy Procurement MSP ₹3,200/q கோரிக்கை நிறைவேற்ற TVK வார்டு வேட்பாளர் உறுதியளிக்கிறார்!","📸 சென்னை வார்டு 177! Kuruvai Paddy Procurement MSP ₹3,200/q மற்றும் உள்ளாட்சி சேவை சீரமைப்பு. #GCCWard177 #TVK","GCC Ward 177 (Zone 13 Adyar): Kuruvai Paddy Procurement MSP ₹3,200/q is the primary civic complaint. TVK favorability 50.1%. #Chennai #TVK"
GCC-178,Chennai Ward 178 (Adyar),GCC Zone 13 Adyar,12.9705,80.2543,35552,46.3,25.3,16.2,5.0,21.0,Competitive Ward,Youth Employment & 18% Unemployment Rate,81,35,-46,82,GCC Portal & Reddit r/TamilNadu,https://reddit.com/r/TamilNadu,GCC Ward grievance RTI logs + Reddit civic thread NLP,"சென்னை வார்டு 178 மக்கள் கவனத்திற்கு 💧
Youth Employment & 18% Unemployment Rate கோரிக்கை நிறைவேற்ற TVK வார்டு வேட்பாளர் உறுதியளிக்கிறார்!",📸 சென்னை வார்டு 178! Youth Employment & 18% Unemployment Rate மற்றும் உள்ளாட்சி சேவை சீரமைப்பு. #GCCWard178 #TVK,GCC Ward 178 (Zone 13 Adyar): Youth Employment & 18% Unemployment Rate is the primary civic complaint. TVK favorability 46.3%. #Chennai #TVK
GCC-179,Chennai Ward 179 (Adyar),GCC Zone 13 Adyar,12.9861,80.2479,33967,57.8,23.7,18.4,4.5,34.1,TVK Citadel,Monsoon Stormwater Drain Desilting,74,32,-42,84,GCC Portal & Reddit r/TamilNadu,https://reddit.com/r/TamilNadu,GCC Ward grievance RTI logs + Reddit civic thread NLP,"சென்னை வார்டு 179 மக்கள் கவனத்திற்கு 💧
Monsoon Stormwater Drain Desilting கோரிக்கை நிறைவேற்ற TVK வார்டு வேட்பாளர் உறுதியளிக்கிறார்!",📸 சென்னை வார்டு 179! Monsoon Stormwater Drain Desilting மற்றும் உள்ளாட்சி சேவை சீரமைப்பு. #GCCWard179 #TVK,GCC Ward 179 (Zone 13 Adyar): Monsoon Stormwater Drain Desilting is the primary civic complaint. TVK favorability 57.8%. #Chennai #TVK
GCC-180,Chennai Ward 180 (Adyar),GCC Zone 13 Adyar,12.9864,80.2464,30100,63.4,28.7,20.3,6.8,34.7,TVK Citadel,TANGEDCO MSME Power Tariff Increase,69,28,-41,81,GCC Portal & Reddit r/TamilNadu,https://reddit.com/r/TamilNadu,GCC Ward grievance RTI logs + Reddit civic thread NLP,"சென்னை வார்டு 180 மக்கள் கவனத்திற்கு 💧
TANGEDCO MSME Power Tariff Increase கோரிக்கை நிறைவேற்ற TVK வார்டு வேட்பாளர் உறுதியளிக்கிறார்!",📸 சென்னை வார்டு 180! TANGEDCO MSME Power Tariff Increase மற்றும் உள்ளாட்சி சேவை சீரமைப்பு. #GCCWard180 #TVK,GCC Ward 180 (Zone 13 Adyar): TANGEDCO MSME Power Tariff Increase is the primary civic complaint. TVK favorability 63.4%. #Chennai #TVK
GCC-181,Chennai Ward 181 (Perungudi),GCC Zone 14 Perungudi,12.9446,80.2484,34605,59.4,28.4,20.3,7.1,31.0,TVK Citadel,Annamalai Univ Pension Fund Allocation,74,25,-49,91,GCC Portal & Reddit r/TamilNadu,https://reddit.com/r/TamilNadu,GCC Ward grievance RTI logs + Reddit civic thread NLP,"சென்னை வார்டு 181 மக்கள் கவனத்திற்கு 💧
Annamalai Univ Pension Fund Allocation கோரிக்கை நிறைவேற்ற TVK வார்டு வேட்பாளர் உறுதியளிக்கிறார்!",📸 சென்னை வார்டு 181! Annamalai Univ Pension Fund Allocation மற்றும் உள்ளாட்சி சேவை சீரமைப்பு. #GCCWard181 #TVK,GCC Ward 181 (Zone 14 Perungudi): Annamalai Univ Pension Fund Allocation is the primary civic complaint. TVK favorability 59.4%. #Chennai #TVK
GCC-182,Chennai Ward 182 (Perungudi),GCC Zone 14 Perungudi,12.949,80.2239,38070,55.4,26.5,20.7,7.7,28.9,TVK Citadel,Cauvery Delta Water Channel Maintenance,80,48,-32,88,GCC Portal & Reddit r/TamilNadu,https://reddit.com/r/TamilNadu,GCC Ward grievance RTI logs + Reddit civic thread NLP,"சென்னை வார்டு 182 மக்கள் கவனத்திற்கு 💧
Cauvery Delta Water Channel Maintenance கோரிக்கை நிறைவேற்ற TVK வார்டு வேட்பாளர் உறுதியளிக்கிறார்!",📸 சென்னை வார்டு 182! Cauvery Delta Water Channel Maintenance மற்றும் உள்ளாட்சி சேவை சீரமைப்பு. #GCCWard182 #TVK,GCC Ward 182 (Zone 14 Perungudi): Cauvery Delta Water Channel Maintenance is the primary civic complaint. TVK favorability 55.4%. #Chennai #TVK
GCC-183,Chennai Ward 183 (Perungudi),GCC Zone 14 Perungudi,12.9572,80.2379,32021,50.3,22.8,12.7,7.4,27.5,TVK Citadel,AIIMS Madurai Construction Speedup,82,48,-34,81,GCC Portal & Reddit r/TamilNadu,https://reddit.com/r/TamilNadu,GCC Ward grievance RTI logs + Reddit civic thread NLP,"சென்னை வார்டு 183 மக்கள் கவனத்திற்கு 💧
AIIMS Madurai Construction Speedup கோரிக்கை நிறைவேற்ற TVK வார்டு வேட்பாளர் உறுதியளிக்கிறார்!",📸 சென்னை வார்டு 183! AIIMS Madurai Construction Speedup மற்றும் உள்ளாட்சி சேவை சீரமைப்பு. #GCCWard183 #TVK,GCC Ward 183 (Zone 14 Perungudi): AIIMS Madurai Construction Speedup is the primary civic complaint. TVK favorability 50.3%. #Chennai #TVK
GCC-184,Chennai Ward 184 (Perungudi),GCC Zone 14 Perungudi,12.9671,80.2237,33476,46.7,22.6,20.0,5.5,24.1,Competitive Ward,Unfilled Cashew & MSME Subsidies,78,30,-48,87,GCC Portal & Reddit r/TamilNadu,https://reddit.com/r/TamilNadu,GCC Ward grievance RTI logs + Reddit civic thread NLP,"சென்னை வார்டு 184 மக்கள் கவனத்திற்கு 💧
Unfilled Cashew & MSME Subsidies கோரிக்கை நிறைவேற்ற TVK வார்டு வேட்பாளர் உறுதியளிக்கிறார்!",📸 சென்னை வார்டு 184! Unfilled Cashew & MSME Subsidies மற்றும் உள்ளாட்சி சேவை சீரமைப்பு. #GCCWard184 #TVK,GCC Ward 184 (Zone 14 Perungudi): Unfilled Cashew & MSME Subsidies is the primary civic complaint. TVK favorability 46.7%. #Chennai #TVK
GCC-185,Chennai Ward 185 (Perungudi),GCC Zone 14 Perungudi,12.9672,80.2248,33914,51.1,25.2,21.7,6.6,25.9,TVK Citadel,"Kuruvai Paddy Procurement MSP ₹3,200/q",85,52,-33,87,GCC Portal & Reddit r/TamilNadu,https://reddit.com/r/TamilNadu,GCC Ward grievance RTI logs + Reddit civic thread NLP,"சென்னை வார்டு 185 மக்கள் கவனத்திற்கு 💧
Kuruvai Paddy Procurement MSP ₹3,200/q கோரிக்கை நிறைவேற்ற TVK வார்டு வேட்பாளர் உறுதியளிக்கிறார்!","📸 சென்னை வார்டு 185! Kuruvai Paddy Procurement MSP ₹3,200/q மற்றும் உள்ளாட்சி சேவை சீரமைப்பு. #GCCWard185 #TVK","GCC Ward 185 (Zone 14 Perungudi): Kuruvai Paddy Procurement MSP ₹3,200/q is the primary civic complaint. TVK favorability 51.1%. #Chennai #TVK"
GCC-186,Chennai Ward 186 (Perungudi),GCC Zone 14 Perungudi,12.9765,80.245,34756,57.6,30.0,16.9,8.8,27.6,TVK Citadel,Youth Employment & 18% Unemployment Rate,81,35,-46,85,GCC Portal & Reddit r/TamilNadu,https://reddit.com/r/TamilNadu,GCC Ward grievance RTI logs + Reddit civic thread NLP,"சென்னை வார்டு 186 மக்கள் கவனத்திற்கு 💧
Youth Employment & 18% Unemployment Rate கோரிக்கை நிறைவேற்ற TVK வார்டு வேட்பாளர் உறுதியளிக்கிறார்!",📸 சென்னை வார்டு 186! Youth Employment & 18% Unemployment Rate மற்றும் உள்ளாட்சி சேவை சீரமைப்பு. #GCCWard186 #TVK,GCC Ward 186 (Zone 14 Perungudi): Youth Employment & 18% Unemployment Rate is the primary civic complaint. TVK favorability 57.6%. #Chennai #TVK
GCC-187,Chennai Ward 187 (Perungudi),GCC Zone 14 Perungudi,12.9596,80.2545,40640,48.6,29.7,15.5,6.0,18.9,Competitive Ward,Monsoon Stormwater Drain Desilting,74,32,-42,80,GCC Portal & Reddit r/TamilNadu,https://reddit.com/r/TamilNadu,GCC Ward grievance RTI logs + Reddit civic thread NLP,"சென்னை வார்டு 187 மக்கள் கவனத்திற்கு 💧
Monsoon Stormwater Drain Desilting கோரிக்கை நிறைவேற்ற TVK வார்டு வேட்பாளர் உறுதியளிக்கிறார்!",📸 சென்னை வார்டு 187! Monsoon Stormwater Drain Desilting மற்றும் உள்ளாட்சி சேவை சீரமைப்பு. #GCCWard187 #TVK,GCC Ward 187 (Zone 14 Perungudi): Monsoon Stormwater Drain Desilting is the primary civic complaint. TVK favorability 48.6%. #Chennai #TVK
GCC-188,Chennai Ward 188 (Perungudi),GCC Zone 14 Perungudi,12.949,80.2434,39930,46.9,26.6,21.2,5.8,20.3,Competitive Ward,TANGEDCO MSME Power Tariff Increase,69,28,-41,80,GCC Portal & Reddit r/TamilNadu,https://reddit.com/r/TamilNadu,GCC Ward grievance RTI logs + Reddit civic thread NLP,"சென்னை வார்டு 188 மக்கள் கவனத்திற்கு 💧
TANGEDCO MSME Power Tariff Increase கோரிக்கை நிறைவேற்ற TVK வார்டு வேட்பாளர் உறுதியளிக்கிறார்!",📸 சென்னை வார்டு 188! TANGEDCO MSME Power Tariff Increase மற்றும் உள்ளாட்சி சேவை சீரமைப்பு. #GCCWard188 #TVK,GCC Ward 188 (Zone 14 Perungudi): TANGEDCO MSME Power Tariff Increase is the primary civic complaint. TVK favorability 46.9%. #Chennai #TVK
GCC-189,Chennai Ward 189 (Perungudi),GCC Zone 14 Perungudi,12.9583,80.2407,27929,58.2,23.1,12.9,4.8,35.1,TVK Citadel,Annamalai Univ Pension Fund Allocation,74,25,-49,84,GCC Portal & Reddit r/TamilNadu,https://reddit.com/r/TamilNadu,GCC Ward grievance RTI logs + Reddit civic thread NLP,"சென்னை வார்டு 189 மக்கள் கவனத்திற்கு 💧
Annamalai Univ Pension Fund Allocation கோரிக்கை நிறைவேற்ற TVK வார்டு வேட்பாளர் உறுதியளிக்கிறார்!",📸 சென்னை வார்டு 189! Annamalai Univ Pension Fund Allocation மற்றும் உள்ளாட்சி சேவை சீரமைப்பு. #GCCWard189 #TVK,GCC Ward 189 (Zone 14 Perungudi): Annamalai Univ Pension Fund Allocation is the primary civic complaint. TVK favorability 58.2%. #Chennai #TVK
GCC-190,Chennai Ward 190 (Perungudi),GCC Zone 14 Perungudi,12.9457,80.2324,41335,48.8,26.9,17.3,4.9,21.9,Competitive Ward,Cauvery Delta Water Channel Maintenance,80,48,-32,85,GCC Portal & Reddit r/TamilNadu,https://reddit.com/r/TamilNadu,GCC Ward grievance RTI logs + Reddit civic thread NLP,"சென்னை வார்டு 190 மக்கள் கவனத்திற்கு 💧
Cauvery Delta Water Channel Maintenance கோரிக்கை நிறைவேற்ற TVK வார்டு வேட்பாளர் உறுதியளிக்கிறார்!",📸 சென்னை வார்டு 190! Cauvery Delta Water Channel Maintenance மற்றும் உள்ளாட்சி சேவை சீரமைப்பு. #GCCWard190 #TVK,GCC Ward 190 (Zone 14 Perungudi): Cauvery Delta Water Channel Maintenance is the primary civic complaint. TVK favorability 48.8%. #Chennai #TVK
GCC-191,Chennai Ward 191 (Perungudi),GCC Zone 14 Perungudi,12.9581,80.2386,33655,62.8,22.5,21.3,9.9,40.3,TVK Citadel,AIIMS Madurai Construction Speedup,82,48,-34,83,GCC Portal & Reddit r/TamilNadu,https://reddit.com/r/TamilNadu,GCC Ward grievance RTI logs + Reddit civic thread NLP,"சென்னை வார்டு 191 மக்கள் கவனத்திற்கு 💧
AIIMS Madurai Construction Speedup கோரிக்கை நிறைவேற்ற TVK வார்டு வேட்பாளர் உறுதியளிக்கிறார்!",📸 சென்னை வார்டு 191! AIIMS Madurai Construction Speedup மற்றும் உள்ளாட்சி சேவை சீரமைப்பு. #GCCWard191 #TVK,GCC Ward 191 (Zone 14 Perungudi): AIIMS Madurai Construction Speedup is the primary civic complaint. TVK favorability 62.8%. #Chennai #TVK
GCC-192,Chennai Ward 192 (Sholinganallur),GCC Zone 15 Sholinganallur,12.9146,80.2411,35034,49.9,23.1,17.3,9.8,26.8,TVK Citadel,Unfilled Cashew & MSME Subsidies,78,30,-48,86,GCC Portal & Reddit r/TamilNadu,https://reddit.com/r/TamilNadu,GCC Ward grievance RTI logs + Reddit civic thread NLP,"சென்னை வார்டு 192 மக்கள் கவனத்திற்கு 💧
Unfilled Cashew & MSME Subsidies கோரிக்கை நிறைவேற்ற TVK வார்டு வேட்பாளர் உறுதியளிக்கிறார்!",📸 சென்னை வார்டு 192! Unfilled Cashew & MSME Subsidies மற்றும் உள்ளாட்சி சேவை சீரமைப்பு. #GCCWard192 #TVK,GCC Ward 192 (Zone 15 Sholinganallur): Unfilled Cashew & MSME Subsidies is the primary civic complaint. TVK favorability 49.9%. #Chennai #TVK
GCC-193,Chennai Ward 193 (Sholinganallur),GCC Zone 15 Sholinganallur,12.8971,80.2492,40445,50.1,22.6,12.8,9.7,27.5,TVK Citadel,"Kuruvai Paddy Procurement MSP ₹3,200/q",85,52,-33,84,GCC Portal & Reddit r/TamilNadu,https://reddit.com/r/TamilNadu,GCC Ward grievance RTI logs + Reddit civic thread NLP,"சென்னை வார்டு 193 மக்கள் கவனத்திற்கு 💧
Kuruvai Paddy Procurement MSP ₹3,200/q கோரிக்கை நிறைவேற்ற TVK வார்டு வேட்பாளர் உறுதியளிக்கிறார்!","📸 சென்னை வார்டு 193! Kuruvai Paddy Procurement MSP ₹3,200/q மற்றும் உள்ளாட்சி சேவை சீரமைப்பு. #GCCWard193 #TVK","GCC Ward 193 (Zone 15 Sholinganallur): Kuruvai Paddy Procurement MSP ₹3,200/q is the primary civic complaint. TVK favorability 50.1%. #Chennai #TVK"
GCC-194,Chennai Ward 194 (Sholinganallur),GCC Zone 15 Sholinganallur,12.8842,80.2145,38763,59.8,22.2,12.3,9.0,37.6,TVK Citadel,Youth Employment & 18% Unemployment Rate,81,35,-46,87,GCC Portal & Reddit r/TamilNadu,https://reddit.com/r/TamilNadu,GCC Ward grievance RTI logs + Reddit civic thread NLP,"சென்னை வார்டு 194 மக்கள் கவனத்திற்கு 💧
Youth Employment & 18% Unemployment Rate கோரிக்கை நிறைவேற்ற TVK வார்டு வேட்பாளர் உறுதியளிக்கிறார்!",📸 சென்னை வார்டு 194! Youth Employment & 18% Unemployment Rate மற்றும் உள்ளாட்சி சேவை சீரமைப்பு. #GCCWard194 #TVK,GCC Ward 194 (Zone 15 Sholinganallur): Youth Employment & 18% Unemployment Rate is the primary civic complaint. TVK favorability 59.8%. #Chennai #TVK
GCC-195,Chennai Ward 195 (Sholinganallur),GCC Zone 15 Sholinganallur,12.8931,80.2298,36924,47.0,28.4,15.1,4.7,18.6,Competitive Ward,Monsoon Stormwater Drain Desilting,74,32,-42,78,GCC Portal & Reddit r/TamilNadu,https://reddit.com/r/TamilNadu,GCC Ward grievance RTI logs + Reddit civic thread NLP,"சென்னை வார்டு 195 மக்கள் கவனத்திற்கு 💧
Monsoon Stormwater Drain Desilting கோரிக்கை நிறைவேற்ற TVK வார்டு வேட்பாளர் உறுதியளிக்கிறார்!",📸 சென்னை வார்டு 195! Monsoon Stormwater Drain Desilting மற்றும் உள்ளாட்சி சேவை சீரமைப்பு. #GCCWard195 #TVK,GCC Ward 195 (Zone 15 Sholinganallur): Monsoon Stormwater Drain Desilting is the primary civic complaint. TVK favorability 47.0%. #Chennai #TVK
GCC-196,Chennai Ward 196 (Sholinganallur),GCC Zone 15 Sholinganallur,12.8809,80.2421,48109,46.9,26.4,14.0,5.9,20.5,Competitive Ward,TANGEDCO MSME Power Tariff Increase,69,28,-41,83,GCC Portal & Reddit r/TamilNadu,https://reddit.com/r/TamilNadu,GCC Ward grievance RTI logs + Reddit civic thread NLP,"சென்னை வார்டு 196 மக்கள் கவனத்திற்கு 💧
TANGEDCO MSME Power Tariff Increase கோரிக்கை நிறைவேற்ற TVK வார்டு வேட்பாளர் உறுதியளிக்கிறார்!",📸 சென்னை வார்டு 196! TANGEDCO MSME Power Tariff Increase மற்றும் உள்ளாட்சி சேவை சீரமைப்பு. #GCCWard196 #TVK,GCC Ward 196 (Zone 15 Sholinganallur): TANGEDCO MSME Power Tariff Increase is the primary civic complaint. TVK favorability 46.9%. #Chennai #TVK
GCC-197,Chennai Ward 197 (Sholinganallur),GCC Zone 15 Sholinganallur,12.9092,80.212,38019,49.7,28.3,15.0,6.3,21.4,Competitive Ward,Annamalai Univ Pension Fund Allocation,74,25,-49,84,GCC Portal & Reddit r/TamilNadu,https://reddit.com/r/TamilNadu,GCC Ward grievance RTI logs + Reddit civic thread NLP,"சென்னை வார்டு 197 மக்கள் கவனத்திற்கு 💧
Annamalai Univ Pension Fund Allocation கோரிக்கை நிறைவேற்ற TVK வார்டு வேட்பாளர் உறுதியளிக்கிறார்!",📸 சென்னை வார்டு 197! Annamalai Univ Pension Fund Allocation மற்றும் உள்ளாட்சி சேவை சீரமைப்பு. #GCCWard197 #TVK,GCC Ward 197 (Zone 15 Sholinganallur): Annamalai Univ Pension Fund Allocation is the primary civic complaint. TVK favorability 49.7%. #Chennai #TVK
GCC-198,Chennai Ward 198 (Sholinganallur),GCC Zone 15 Sholinganallur,12.8847,80.2318,25414,60.8,26.3,16.0,6.3,34.5,TVK Citadel,Cauvery Delta Water Channel Maintenance,80,48,-32,86,GCC Portal & Reddit r/TamilNadu,https://reddit.com/r/TamilNadu,GCC Ward grievance RTI logs + Reddit civic thread NLP,"சென்னை வார்டு 198 மக்கள் கவனத்திற்கு 💧
Cauvery Delta Water Channel Maintenance கோரிக்கை நிறைவேற்ற TVK வார்டு வேட்பாளர் உறுதியளிக்கிறார்!",📸 சென்னை வார்டு 198! Cauvery Delta Water Channel Maintenance மற்றும் உள்ளாட்சி சேவை சீரமைப்பு. #GCCWard198 #TVK,GCC Ward 198 (Zone 15 Sholinganallur): Cauvery Delta Water Channel Maintenance is the primary civic complaint. TVK favorability 60.8%. #Chennai #TVK
GCC-199,Chennai Ward 199 (Sholinganallur),GCC Zone 15 Sholinganallur,12.9117,80.2415,34515,62.6,28.7,16.1,4.3,33.9,TVK Citadel,AIIMS Madurai Construction Speedup,82,48,-34,91,GCC Portal & Reddit r/TamilNadu,https://reddit.com/r/TamilNadu,GCC Ward grievance RTI logs + Reddit civic thread NLP,"சென்னை வார்டு 199 மக்கள் கவனத்திற்கு 💧
AIIMS Madurai Construction Speedup கோரிக்கை நிறைவேற்ற TVK வார்டு வேட்பாளர் உறுதியளிக்கிறார்!",📸 சென்னை வார்டு 199! AIIMS Madurai Construction Speedup மற்றும் உள்ளாட்சி சேவை சீரமைப்பு. #GCCWard199 #TVK,GCC Ward 199 (Zone 15 Sholinganallur): AIIMS Madurai Construction Speedup is the primary civic complaint. TVK favorability 62.6%. #Chennai #TVK
GCC-200,Chennai Ward 200 (Sholinganallur),GCC Zone 15 Sholinganallur,12.8893,80.2105,32034,50.0,29.2,17.0,8.3,20.8,Competitive Ward,Unfilled Cashew & MSME Subsidies,78,30,-48,84,GCC Portal & Reddit r/TamilNadu,https://reddit.com/r/TamilNadu,GCC Ward grievance RTI logs + Reddit civic thread NLP,"சென்னை வார்டு 200 மக்கள் கவனத்திற்கு 💧
Unfilled Cashew & MSME Subsidies கோரிக்கை நிறைவேற்ற TVK வார்டு வேட்பாளர் உறுதியளிக்கிறார்!",📸 சென்னை வார்டு 200! Unfilled Cashew & MSME Subsidies மற்றும் உள்ளாட்சி சேவை சீரமைப்பு. #GCCWard200 #TVK,GCC Ward 200 (Zone 15 Sholinganallur): Unfilled Cashew & MSME Subsidies is the primary civic complaint. TVK favorability 50.0%. #Chennai #TVK
